path	US10	US11	EU10	EU11	JP10
AMAP.BIN	206240	206240	206240	206240	206240
AMAP.TAB	5056	5056	5056	5056	5056
ANIM.BIN	1136736	1214880	1214880	1214880	1286016
ANIM.TAB	10400	10400	10400	10400	10400
ANIMCURV.bin	136256	111936	111936	111968	283584
ANIMCURV.tab	25280	25280	25280	25280	25280
BITTABLE.bin	15680	15680	15680	15680	15680
BUG_canon_fall	-	24640	-	24640	-
Boot/English.c.new	-	10127	10127	10127	-
Boot/French.c.new	-	10483	10483	10483	-
Boot/German.c.new	-	10528	10528	10528	-
Boot/Italian.c.new	-	10407	10407	10407	-
Boot/Spanish.c.new	-	10320	10320	10320	-
Bug4	-	-	-	24640	-
CACHEFONTSTAB.bin	0	0	0	0	0
CACHEFONTSTEX.bin	0	0	0	0	0
CAMACTIO.bin	2048	2048	2048	2048	2048
CAMACTIONS.bin	2048	2048	2048	2048	2048
CHAPBITS.bin	81920	81920	81920	81920	81920
DLLS.tab	32	32	32	32	32
ENVFXACT.bin	98304	98304	98304	98304	98304
ENVFXACTIONS.bin	98304	98304	98304	98304	98304
FONTS.bin	22432	22432	22432	22432	22432
GAMETEXT.bin	69376	69376	69376	69376	69376
GAMETEXT.tab	20672	20672	20672	20672	20672
HITS.bin	392544	392544	392544	392576	392544
HITS.tab	6400	6400	6400	6400	6400
KamColumn.romlist.zlb	64	64	64	64	64
LACTIONS.bin	40960	40960	40960	40960	40960
MAPINFO.bin	3744	3744	3744	3744	3744
MAPS.bin	111648	111648	111648	111648	111648
MAPS.tab	3296	3296	3296	3296	3296
MODANIM.BIN	11232	11232	11232	11232	11232
MODANIM.TAB	2528	2528	2528	2528	2528
MODELIND.bin	3776	3776	3776	3776	3776
MODELS.bin	692672	682112	682112	682112	678464
MODELS.tab	5056	5056	5056	5056	5056
MODLINES.bin	7424	7424	7424	7424	7424
MODLINES.tab	192	192	192	192	192
OBJECTS.bin	301696	301696	301696	301696	301696
OBJECTS.bin2	301952	301952	301952	301952	301952
OBJECTS.tab	5920	5920	5920	5920	5920
OBJEVENT.bin	9568	9568	9568	9568	9568
OBJHITS.bin	27584	27584	27584	27584	27584
OBJINDEX.bin	4384	4384	4384	4384	4384
OBJSEQ.bin	28832	28832	28832	28832	28832
OBJSEQ.tab	2976	2976	2976	2976	2976
OBJSEQ2C.tab	2976	2976	2976	2976	2976
PREANIM.BIN	946880	946880	946880	946880	946880
PREANIM.TAB	10400	10400	10400	10400	10400
SAVEGAME.bin	6144	6144	6144	6144	6144
SAVEGAME.tab	32	32	32	32	32
SCREENS.bin	307232	307232	307232	307232	307232
SCREENS.tab	32	32	32	32	32
SPRITES.bin	176	176	176	176	176
SPRITES.tab	64	64	64	64	64
SPRTABLE.bin	174	174	174	174	174
Sequences/1014_English.bin	-	1080	1080	1080	-
Sequences/1014_French.bin	-	1160	1160	1160	-
Sequences/1014_German.bin	-	852	852	852	-
Sequences/1014_Italian.bin	-	1176	1176	1176	-
Sequences/1014_Spanish.bin	-	1016	1016	1016	-
Sequences/10261_English.bin	-	892	892	892	-
Sequences/10261_French.bin	-	1040	1040	1040	-
Sequences/10261_German.bin	-	1552	1552	1552	-
Sequences/10261_Italian.bin	-	828	828	828	-
Sequences/10261_Spanish.bin	-	1348	1348	1348	-
Sequences/1068_English.bin	-	996	996	996	-
Sequences/1068_French.bin	-	932	932	932	-
Sequences/1068_German.bin	-	996	996	996	-
Sequences/1068_Italian.bin	-	772	772	772	-
Sequences/1068_Spanish.bin	-	932	932	932	-
Sequences/1075_English.bin	-	1096	1096	1096	-
Sequences/1075_French.bin	-	1160	1160	1160	-
Sequences/1075_German.bin	-	1080	1080	1080	-
Sequences/1075_Italian.bin	-	1240	1240	1240	-
Sequences/1075_Spanish.bin	-	1016	1016	1016	-
Sequences/1142_English.bin	-	1960	1960	1960	-
Sequences/1142_French.bin	-	2076	2076	2076	-
Sequences/1142_German.bin	-	2116	2116	2116	-
Sequences/1142_Italian.bin	-	1916	1916	1916	-
Sequences/1142_Spanish.bin	-	1904	1904	1904	-
Sequences/115_English.bin	-	1740	1740	1740	-
Sequences/115_French.bin	-	1768	1768	1768	-
Sequences/115_German.bin	-	3092	3092	3092	-
Sequences/115_Italian.bin	-	1812	1812	1812	-
Sequences/115_Spanish.bin	-	1596	1596	1596	-
Sequences/11_English.bin	-	3292	3292	3292	-
Sequences/11_French.bin	-	3412	3412	3412	-
Sequences/11_German.bin	-	3240	3240	3240	-
Sequences/11_Italian.bin	-	3460	3460	3460	-
Sequences/11_Spanish.bin	-	4212	4212	4212	-
Sequences/1201_English.bin	-	4304	4304	4304	-
Sequences/1201_French.bin	-	6228	6228	6228	-
Sequences/1201_German.bin	-	5100	5100	5100	-
Sequences/1201_Italian.bin	-	4016	4016	4016	-
Sequences/1201_Spanish.bin	-	4360	4360	4360	-
Sequences/12_English.bin	-	2368	2368	2368	-
Sequences/12_French.bin	-	2632	2632	2632	-
Sequences/12_German.bin	-	2848	2848	2848	-
Sequences/12_Italian.bin	-	2420	2420	2420	-
Sequences/12_Spanish.bin	-	2420	2420	2420	-
Sequences/146_English.bin	-	8132	8132	8132	-
Sequences/146_French.bin	-	8520	8520	8520	-
Sequences/146_German.bin	-	12532	12532	12532	-
Sequences/146_Italian.bin	-	7972	7972	7972	-
Sequences/146_Spanish.bin	-	12472	12472	12472	-
Sequences/14_English.bin	-	9160	9160	9160	-
Sequences/14_French.bin	-	13764	13764	13764	-
Sequences/14_German.bin	-	13556	13556	13556	-
Sequences/14_Italian.bin	-	13344	13344	13344	-
Sequences/14_Spanish.bin	-	13404	13404	13404	-
Sequences/166_English.bin	-	5252	5252	5252	-
Sequences/166_French.bin	-	12328	12328	12328	-
Sequences/166_German.bin	-	12108	12108	12108	-
Sequences/166_Italian.bin	-	7196	7196	7196	-
Sequences/166_Spanish.bin	-	7548	7548	7548	-
Sequences/167_English.bin	-	3512	3512	3512	-
Sequences/167_French.bin	-	5128	5128	5128	-
Sequences/167_German.bin	-	5804	5804	5804	-
Sequences/167_Italian.bin	-	3492	3492	3492	-
Sequences/167_Spanish.bin	-	3880	3880	3880	-
Sequences/16_English.bin	-	6804	6804	6804	-
Sequences/16_French.bin	-	7132	7132	7132	-
Sequences/16_German.bin	-	11724	11724	11724	-
Sequences/16_Italian.bin	-	5952	5952	5952	-
Sequences/16_Spanish.bin	-	7112	7112	7112	-
Sequences/170_English.bin	-	1752	1752	1752	-
Sequences/170_French.bin	-	1940	1940	1940	-
Sequences/170_German.bin	-	1696	1696	1696	-
Sequences/170_Italian.bin	-	1204	1204	1204	-
Sequences/170_Spanish.bin	-	1544	1544	1544	-
Sequences/171_English.bin	-	3832	3832	3832	-
Sequences/171_French.bin	-	6528	6528	6528	-
Sequences/171_German.bin	-	4580	4580	4580	-
Sequences/171_Italian.bin	-	4596	4596	4596	-
Sequences/171_Spanish.bin	-	6708	6708	6708	-
Sequences/173_English.bin	-	3032	3032	3032	-
Sequences/173_French.bin	-	4776	4776	4776	-
Sequences/173_German.bin	-	5684	5684	5684	-
Sequences/173_Italian.bin	-	3264	3264	3264	-
Sequences/173_Spanish.bin	-	4512	4512	4512	-
Sequences/174_English.bin	-	2396	2396	2396	-
Sequences/174_French.bin	-	2344	2344	2344	-
Sequences/174_German.bin	-	2556	2556	2556	-
Sequences/174_Italian.bin	-	2300	2300	2300	-
Sequences/174_Spanish.bin	-	2464	2464	2464	-
Sequences/175_English.bin	-	2648	2648	2648	-
Sequences/175_French.bin	-	3812	3812	3812	-
Sequences/175_German.bin	-	2924	2924	2924	-
Sequences/175_Italian.bin	-	2524	2524	2524	-
Sequences/175_Spanish.bin	-	2572	2572	2572	-
Sequences/177_English.bin	-	1860	1860	1860	-
Sequences/177_French.bin	-	2928	2928	2928	-
Sequences/177_German.bin	-	1868	1868	1868	-
Sequences/177_Italian.bin	-	1488	1488	1488	-
Sequences/177_Spanish.bin	-	2552	2552	2552	-
Sequences/178_English.bin	-	1560	1560	1560	-
Sequences/178_French.bin	-	1740	1740	1740	-
Sequences/178_German.bin	-	2188	2188	2188	-
Sequences/178_Italian.bin	-	1720	1720	1720	-
Sequences/178_Spanish.bin	-	1848	1848	1848	-
Sequences/179_English.bin	-	2560	2560	2560	-
Sequences/179_French.bin	-	3540	3540	3540	-
Sequences/179_German.bin	-	4292	4292	4292	-
Sequences/179_Italian.bin	-	2084	2084	2084	-
Sequences/179_Spanish.bin	-	3856	3856	3856	-
Sequences/17_English.bin	-	4300	4300	4300	-
Sequences/17_French.bin	-	4372	4372	4372	-
Sequences/17_German.bin	-	4332	4332	4332	-
Sequences/17_Italian.bin	-	4016	4016	4016	-
Sequences/17_Spanish.bin	-	4872	4872	4872	-
Sequences/184_English.bin	-	3732	3732	3732	-
Sequences/184_French.bin	-	3936	3936	3936	-
Sequences/184_German.bin	-	4352	4352	4352	-
Sequences/184_Italian.bin	-	3380	3380	3380	-
Sequences/184_Spanish.bin	-	3388	3388	3388	-
Sequences/185_English.bin	-	6052	6052	6052	-
Sequences/185_French.bin	-	7392	7392	7392	-
Sequences/185_German.bin	-	7608	7608	7608	-
Sequences/185_Italian.bin	-	6596	6596	6596	-
Sequences/185_Spanish.bin	-	7484	7484	7484	-
Sequences/19_English.bin	-	3060	3060	3060	-
Sequences/19_French.bin	-	3756	3756	3756	-
Sequences/19_German.bin	-	4220	4220	4220	-
Sequences/19_Italian.bin	-	3416	3416	3416	-
Sequences/19_Spanish.bin	-	3696	3696	3696	-
Sequences/20001_English.bin	-	2344	2344	2344	-
Sequences/20001_French.bin	-	2780	2780	2780	-
Sequences/20001_German.bin	-	2392	2392	2392	-
Sequences/20001_Italian.bin	-	2224	2224	2224	-
Sequences/20001_Spanish.bin	-	2352	2352	2352	-
Sequences/20002_English.bin	-	2136	2136	2136	-
Sequences/20002_French.bin	-	2940	2940	2940	-
Sequences/20002_German.bin	-	2176	2176	2176	-
Sequences/20002_Italian.bin	-	1632	1632	1632	-
Sequences/20002_Spanish.bin	-	2692	2692	2692	-
Sequences/20003_English.bin	-	1700	1700	1700	-
Sequences/20003_French.bin	-	1704	1704	1704	-
Sequences/20003_German.bin	-	1852	1852	1852	-
Sequences/20003_Italian.bin	-	1788	1788	1788	-
Sequences/20003_Spanish.bin	-	1784	1784	1784	-
Sequences/20004_English.bin	-	2420	2420	2420	-
Sequences/20004_French.bin	-	2936	2936	2936	-
Sequences/20004_German.bin	-	2576	2576	2576	-
Sequences/20004_Italian.bin	-	2100	2100	2100	-
Sequences/20004_Spanish.bin	-	3024	3024	3024	-
Sequences/20005_English.bin	-	812	812	812	-
Sequences/20005_French.bin	-	880	880	880	-
Sequences/20005_German.bin	-	972	972	972	-
Sequences/20005_Italian.bin	-	896	896	896	-
Sequences/20005_Spanish.bin	-	1056	1056	1056	-
Sequences/20006_English.bin	-	3636	3636	3636	-
Sequences/20006_French.bin	-	5200	5200	5200	-
Sequences/20006_German.bin	-	4460	4460	4460	-
Sequences/20006_Italian.bin	-	3484	3484	3484	-
Sequences/20006_Spanish.bin	-	3472	3472	3472	-
Sequences/20007_English.bin	-	2060	2060	2060	-
Sequences/20007_French.bin	-	2144	2144	2144	-
Sequences/20007_German.bin	-	2236	2236	2236	-
Sequences/20007_Italian.bin	-	2000	2000	2000	-
Sequences/20007_Spanish.bin	-	2000	2000	2000	-
Sequences/20008_English.bin	-	2032	2032	2032	-
Sequences/20008_French.bin	-	1904	1904	1904	-
Sequences/20008_German.bin	-	1884	1884	1884	-
Sequences/20008_Italian.bin	-	1824	1824	1824	-
Sequences/20008_Spanish.bin	-	2120	2120	2120	-
Sequences/20009_English.bin	-	1808	1808	1808	-
Sequences/20009_French.bin	-	1948	1948	1948	-
Sequences/20009_German.bin	-	3248	3248	3248	-
Sequences/20009_Italian.bin	-	1808	1808	1808	-
Sequences/20009_Spanish.bin	-	2044	2044	2044	-
Sequences/20010_English.bin	-	3436	3436	3436	-
Sequences/20010_French.bin	-	5288	5288	5288	-
Sequences/20010_German.bin	-	3920	3920	3920	-
Sequences/20010_Italian.bin	-	3464	3464	3464	-
Sequences/20010_Spanish.bin	-	3544	3544	3544	-
Sequences/20011_English.bin	-	5680	5680	5680	-
Sequences/20011_French.bin	-	5432	5432	5432	-
Sequences/20011_German.bin	-	6744	6744	6744	-
Sequences/20011_Italian.bin	-	4732	4732	4732	-
Sequences/20011_Spanish.bin	-	5372	5372	5372	-
Sequences/20012_English.bin	-	2168	2168	2168	-
Sequences/20012_French.bin	-	2260	2260	2260	-
Sequences/20012_German.bin	-	2616	2616	2616	-
Sequences/20012_Italian.bin	-	1852	1852	1852	-
Sequences/20012_Spanish.bin	-	2400	2400	2400	-
Sequences/20013_English.bin	-	3452	3452	3452	-
Sequences/20013_French.bin	-	5232	5232	5232	-
Sequences/20013_German.bin	-	5744	5744	5744	-
Sequences/20013_Italian.bin	-	3476	3476	3476	-
Sequences/20013_Spanish.bin	-	4748	4748	4748	-
Sequences/20014_English.bin	-	5820	5820	5820	-
Sequences/20014_French.bin	-	6344	6344	6344	-
Sequences/20014_German.bin	-	6504	6504	6504	-
Sequences/20014_Italian.bin	-	6164	6164	6164	-
Sequences/20014_Spanish.bin	-	5744	5744	5744	-
Sequences/20015_English.bin	-	2368	2368	2368	-
Sequences/20015_French.bin	-	2832	2832	2832	-
Sequences/20015_German.bin	-	3136	3136	3136	-
Sequences/20015_Italian.bin	-	2256	2256	2256	-
Sequences/20015_Spanish.bin	-	2352	2352	2352	-
Sequences/20016_English.bin	-	4252	4252	4252	-
Sequences/20016_French.bin	-	4596	4596	4596	-
Sequences/20016_German.bin	-	4296	4296	4296	-
Sequences/20016_Italian.bin	-	3256	3256	3256	-
Sequences/20016_Spanish.bin	-	4248	4248	4248	-
Sequences/20017_English.bin	-	3588	3588	3588	-
Sequences/20017_French.bin	-	4156	4156	4156	-
Sequences/20017_German.bin	-	3628	3628	3628	-
Sequences/20017_Italian.bin	-	3840	3840	3840	-
Sequences/20017_Spanish.bin	-	3940	3940	3940	-
Sequences/20018_English.bin	-	2016	2016	2016	-
Sequences/20018_French.bin	-	2232	2232	2232	-
Sequences/20018_German.bin	-	2036	2036	2036	-
Sequences/20018_Italian.bin	-	1796	1796	1796	-
Sequences/20018_Spanish.bin	-	2136	2136	2136	-
Sequences/20020_English.bin	-	3592	3592	3592	-
Sequences/20020_French.bin	-	4988	4988	4988	-
Sequences/20020_German.bin	-	5408	5408	5408	-
Sequences/20020_Italian.bin	-	4352	4352	4352	-
Sequences/20020_Spanish.bin	-	3744	3744	3744	-
Sequences/20021_English.bin	-	2892	2892	2892	-
Sequences/20021_French.bin	-	4020	4020	4020	-
Sequences/20021_German.bin	-	3244	3244	3244	-
Sequences/20021_Italian.bin	-	3864	3864	3864	-
Sequences/20021_Spanish.bin	-	2908	2908	2908	-
Sequences/20022_English.bin	-	3540	3540	3540	-
Sequences/20022_French.bin	-	3192	3192	3192	-
Sequences/20022_German.bin	-	3492	3492	3492	-
Sequences/20022_Italian.bin	-	3120	3120	3120	-
Sequences/20022_Spanish.bin	-	3580	3580	3580	-
Sequences/20023_English.bin	-	4916	4916	4916	-
Sequences/20023_French.bin	-	7468	7468	7468	-
Sequences/20023_German.bin	-	5208	5208	5208	-
Sequences/20023_Italian.bin	-	7204	7204	7204	-
Sequences/20023_Spanish.bin	-	7244	7244	7244	-
Sequences/20024_English.bin	-	2184	2184	2184	-
Sequences/20024_French.bin	-	3176	3176	3176	-
Sequences/20024_German.bin	-	2336	2336	2336	-
Sequences/20024_Italian.bin	-	2960	2960	2960	-
Sequences/20024_Spanish.bin	-	2424	2424	2424	-
Sequences/20029_English.bin	-	1640	1640	1640	-
Sequences/20029_French.bin	-	2516	2516	2516	-
Sequences/20029_German.bin	-	2164	2164	2164	-
Sequences/20029_Italian.bin	-	2456	2456	2456	-
Sequences/20029_Spanish.bin	-	1932	1932	1932	-
Sequences/20032_English.bin	-	2928	2928	2928	-
Sequences/20032_French.bin	-	3588	3588	3588	-
Sequences/20032_German.bin	-	3868	3868	3868	-
Sequences/20032_Italian.bin	-	2780	2780	2780	-
Sequences/20032_Spanish.bin	-	3916	3916	3916	-
Sequences/20033_English.bin	-	3000	3000	3000	-
Sequences/20033_French.bin	-	4476	4476	4476	-
Sequences/20033_German.bin	-	3464	3464	3464	-
Sequences/20033_Italian.bin	-	3044	3044	3044	-
Sequences/20033_Spanish.bin	-	3964	3964	3964	-
Sequences/20034_English.bin	-	3084	3084	3084	-
Sequences/20034_French.bin	-	3036	3036	3036	-
Sequences/20034_German.bin	-	3308	3308	3308	-
Sequences/20034_Italian.bin	-	2880	2880	2880	-
Sequences/20034_Spanish.bin	-	2680	2680	2680	-
Sequences/20035_English.bin	-	1320	1320	1320	-
Sequences/20035_French.bin	-	1240	1240	1240	-
Sequences/20035_German.bin	-	1236	1236	1236	-
Sequences/20035_Italian.bin	-	1328	1328	1328	-
Sequences/20035_Spanish.bin	-	1008	1008	1008	-
Sequences/20036_English.bin	-	2916	2916	2916	-
Sequences/20036_French.bin	-	2652	2652	2652	-
Sequences/20036_German.bin	-	3004	3004	3004	-
Sequences/20036_Italian.bin	-	3064	3064	3064	-
Sequences/20036_Spanish.bin	-	4732	4732	4732	-
Sequences/20037_English.bin	-	1152	1152	1152	-
Sequences/20037_French.bin	-	1404	1404	1404	-
Sequences/20038_English.bin	-	1968	1968	1968	-
Sequences/20038_French.bin	-	2108	2108	2108	-
Sequences/20100_English.bin	-	5932	5932	5932	-
Sequences/20100_French.bin	-	6080	6080	6080	-
Sequences/20100_German.bin	-	6384	6384	6384	-
Sequences/20100_Italian.bin	-	4768	4768	4768	-
Sequences/20100_Spanish.bin	-	5516	5516	5516	-
Sequences/20105_English.bin	-	2740	2740	2740	-
Sequences/20105_French.bin	-	4412	4412	4412	-
Sequences/20105_German.bin	-	3532	3532	3532	-
Sequences/20105_Italian.bin	-	3012	3012	3012	-
Sequences/20105_Spanish.bin	-	3124	3124	3124	-
Sequences/20107_English.bin	-	5392	5392	5392	-
Sequences/20107_French.bin	-	7196	7196	7196	-
Sequences/20107_German.bin	-	12148	12148	12148	-
Sequences/20107_Italian.bin	-	5056	5056	5056	-
Sequences/20107_Spanish.bin	-	7760	7760	7760	-
Sequences/20108_English.bin	-	3060	3060	3060	-
Sequences/20108_French.bin	-	3164	3164	3164	-
Sequences/20108_German.bin	-	3312	3312	3312	-
Sequences/20108_Italian.bin	-	3120	3120	3120	-
Sequences/20108_Spanish.bin	-	3108	3108	3108	-
Sequences/20139_English.bin	-	5624	5624	5624	-
Sequences/20139_French.bin	-	5424	5424	5424	-
Sequences/20139_German.bin	-	6180	6180	6180	-
Sequences/20139_Italian.bin	-	4208	4208	4208	-
Sequences/20139_Spanish.bin	-	5912	5912	5912	-
Sequences/20140_English.bin	-	1840	1840	1840	-
Sequences/20140_French.bin	-	1908	1908	1908	-
Sequences/20140_German.bin	-	2232	2232	2232	-
Sequences/20140_Italian.bin	-	1836	1836	1836	-
Sequences/20140_Spanish.bin	-	1844	1844	1844	-
Sequences/20150_English.bin	-	4840	4840	4840	-
Sequences/20150_French.bin	-	7172	7172	7172	-
Sequences/20150_German.bin	-	7636	7636	7636	-
Sequences/20150_Italian.bin	-	4612	4612	4612	-
Sequences/20150_Spanish.bin	-	6620	6620	6620	-
Sequences/20201_English.bin	-	1304	1304	1304	-
Sequences/20201_French.bin	-	1932	1932	1932	-
Sequences/20201_German.bin	-	1204	1204	1204	-
Sequences/20201_Italian.bin	-	1220	1220	1220	-
Sequences/20201_Spanish.bin	-	1396	1396	1396	-
Sequences/20202_English.bin	-	1832	1832	1832	-
Sequences/20202_French.bin	-	1792	1792	1792	-
Sequences/20202_German.bin	-	2668	2668	2668	-
Sequences/20202_Italian.bin	-	1768	1768	1768	-
Sequences/20202_Spanish.bin	-	1860	1860	1860	-
Sequences/20203_English.bin	-	4612	4612	4612	-
Sequences/20203_French.bin	-	6432	6432	6432	-
Sequences/20203_German.bin	-	7076	7076	7076	-
Sequences/20203_Italian.bin	-	4388	4388	4388	-
Sequences/20203_Spanish.bin	-	5760	5760	5760	-
Sequences/20210_English.bin	-	4828	4828	4828	-
Sequences/20210_French.bin	-	7088	7088	7088	-
Sequences/20210_German.bin	-	7572	7572	7572	-
Sequences/20210_Italian.bin	-	4788	4788	4788	-
Sequences/20210_Spanish.bin	-	4868	4868	4868	-
Sequences/20213_English.bin	-	7636	7636	7636	-
Sequences/20213_French.bin	-	8088	8088	8088	-
Sequences/20213_German.bin	-	12224	12224	12224	-
Sequences/20213_Italian.bin	-	7684	7684	7684	-
Sequences/20213_Spanish.bin	-	7896	7896	7896	-
Sequences/20234_English.bin	-	6320	6320	6320	-
Sequences/20234_French.bin	-	7196	7196	7196	-
Sequences/20234_German.bin	-	6940	6940	6940	-
Sequences/20234_Italian.bin	-	6408	6408	6408	-
Sequences/20234_Spanish.bin	-	7292	7292	7292	-
Sequences/20277_English.bin	-	1764	1764	1764	-
Sequences/20277_French.bin	-	2444	2444	2444	-
Sequences/20277_German.bin	-	1648	1648	1648	-
Sequences/20277_Italian.bin	-	1700	1700	1700	-
Sequences/20277_Spanish.bin	-	1740	1740	1740	-
Sequences/20280_English.bin	-	2076	2076	2076	-
Sequences/20280_French.bin	-	2080	2080	2080	-
Sequences/20280_German.bin	-	2088	2088	2088	-
Sequences/20280_Italian.bin	-	1912	1912	1912	-
Sequences/20280_Spanish.bin	-	2792	2792	2792	-
Sequences/20286_English.bin	-	6004	6004	6004	-
Sequences/20286_French.bin	-	8304	8304	8304	-
Sequences/20286_German.bin	-	12844	12844	12844	-
Sequences/20286_Italian.bin	-	8180	8180	8180	-
Sequences/20286_Spanish.bin	-	12648	12648	12648	-
Sequences/202_English.bin	-	4948	4948	4948	-
Sequences/202_French.bin	-	12148	12148	12148	-
Sequences/202_German.bin	-	5812	5812	5812	-
Sequences/202_Italian.bin	-	5832	5832	5832	-
Sequences/202_Spanish.bin	-	11908	11908	11908	-
Sequences/203_English.bin	-	3860	3860	3860	-
Sequences/203_French.bin	-	4384	4384	4384	-
Sequences/203_German.bin	-	4372	4372	4372	-
Sequences/203_Italian.bin	-	3500	3500	3500	-
Sequences/203_Spanish.bin	-	6144	6144	6144	-
Sequences/20506_English.bin	-	8184	8184	8184	-
Sequences/20506_French.bin	-	14792	14792	14792	-
Sequences/20506_German.bin	-	14780	14780	14780	-
Sequences/20506_Italian.bin	-	8136	8136	8136	-
Sequences/20506_Spanish.bin	-	14732	14732	14732	-
Sequences/20508_English.bin	-	7628	7628	7628	-
Sequences/20508_French.bin	-	12368	12368	12368	-
Sequences/20508_German.bin	-	12336	12336	12336	-
Sequences/20508_Italian.bin	-	8004	8004	8004	-
Sequences/20508_Spanish.bin	-	12116	12116	12116	-
Sequences/20600_English.bin	-	5956	5956	5956	-
Sequences/20600_French.bin	-	6040	6040	6040	-
Sequences/20600_German.bin	-	6384	6384	6384	-
Sequences/20600_Italian.bin	-	4928	4928	4928	-
Sequences/20600_Spanish.bin	-	5464	5464	5464	-
Sequences/20635_English.bin	-	3344	3344	3344	-
Sequences/20635_French.bin	-	6040	6040	6040	-
Sequences/20635_German.bin	-	4484	4484	4484	-
Sequences/20635_Italian.bin	-	4008	4008	4008	-
Sequences/20635_Spanish.bin	-	5920	5920	5920	-
Sequences/20661_English.bin	-	6292	6292	6292	-
Sequences/20661_French.bin	-	7676	7676	7676	-
Sequences/20661_German.bin	-	7884	7884	7884	-
Sequences/20661_Italian.bin	-	6900	6900	6900	-
Sequences/20661_Spanish.bin	-	7108	7108	7108	-
Sequences/20695_English.bin	-	1888	1888	1888	-
Sequences/20695_French.bin	-	3476	3476	3476	-
Sequences/20695_German.bin	-	2108	2108	2108	-
Sequences/20695_Italian.bin	-	1872	1872	1872	-
Sequences/20695_Spanish.bin	-	1784	1784	1784	-
Sequences/20696_English.bin	-	1164	1164	1164	-
Sequences/20696_French.bin	-	1308	1308	1308	-
Sequences/20696_German.bin	-	888	888	888	-
Sequences/20696_Italian.bin	-	1068	1068	1068	-
Sequences/20696_Spanish.bin	-	1236	1236	1236	-
Sequences/20700_English.bin	-	4652	4652	4652	-
Sequences/20700_French.bin	-	7556	7556	7556	-
Sequences/20700_German.bin	-	12208	12208	12208	-
Sequences/20700_Italian.bin	-	4924	4924	4924	-
Sequences/20700_Spanish.bin	-	6636	6636	6636	-
Sequences/20863_English.bin	-	10712	10712	10712	-
Sequences/20863_French.bin	-	14888	14888	14888	-
Sequences/20863_German.bin	-	15132	15132	15132	-
Sequences/20863_Italian.bin	-	8484	8484	8484	-
Sequences/20863_Spanish.bin	-	14852	14852	14852	-
Sequences/21151_English.bin	-	3564	3564	3564	-
Sequences/21151_French.bin	-	6600	6600	6600	-
Sequences/21151_German.bin	-	5112	5112	5112	-
Sequences/21151_Italian.bin	-	3776	3776	3776	-
Sequences/21151_Spanish.bin	-	5752	5752	5752	-
Sequences/21170_English.bin	-	2692	2692	2692	-
Sequences/21170_French.bin	-	3044	3044	3044	-
Sequences/21170_German.bin	-	3532	3532	3532	-
Sequences/21170_Italian.bin	-	2572	2572	2572	-
Sequences/21170_Spanish.bin	-	3016	3016	3016	-
Sequences/21181_English.bin	-	8336	8336	8336	-
Sequences/21181_French.bin	-	13388	13388	13388	-
Sequences/21181_German.bin	-	13272	13272	13272	-
Sequences/21181_Italian.bin	-	10948	10948	10948	-
Sequences/21181_Spanish.bin	-	12980	12980	12980	-
Sequences/21352_English.bin	-	1752	1752	1752	-
Sequences/21352_French.bin	-	1692	1692	1692	-
Sequences/21352_German.bin	-	1972	1972	1972	-
Sequences/21352_Italian.bin	-	1664	1664	1664	-
Sequences/21352_Spanish.bin	-	1216	1216	1216	-
Sequences/21_English.bin	-	5288	5288	5288	-
Sequences/21_French.bin	-	6080	6080	6080	-
Sequences/21_German.bin	-	6216	6216	6216	-
Sequences/21_Italian.bin	-	5140	5140	5140	-
Sequences/21_Spanish.bin	-	5612	5612	5612	-
Sequences/22_English.bin	-	3960	3960	3960	-
Sequences/22_French.bin	-	4052	4052	4052	-
Sequences/22_German.bin	-	4188	4188	4188	-
Sequences/22_Italian.bin	-	3832	3832	3832	-
Sequences/22_Spanish.bin	-	3560	3560	3560	-
Sequences/230_English.bin	-	7272	7272	7272	-
Sequences/230_French.bin	-	8100	8100	8100	-
Sequences/230_German.bin	-	12284	12284	12284	-
Sequences/230_Italian.bin	-	6408	6408	6408	-
Sequences/230_Spanish.bin	-	12016	12016	12016	-
Sequences/240_English.bin	-	4276	4276	4276	-
Sequences/240_French.bin	-	5992	5992	5992	-
Sequences/240_German.bin	-	4588	4588	4588	-
Sequences/240_Italian.bin	-	4068	4068	4068	-
Sequences/240_Spanish.bin	-	4528	4528	4528	-
Sequences/49_English.bin	-	1660	1660	1660	-
Sequences/49_French.bin	-	2288	2288	2288	-
Sequences/49_German.bin	-	1668	1668	1668	-
Sequences/49_Italian.bin	-	1844	1844	1844	-
Sequences/49_Spanish.bin	-	1820	1820	1820	-
Sequences/4_English.bin	-	988	988	988	-
Sequences/4_French.bin	-	992	992	992	-
Sequences/4_German.bin	-	1200	1200	1200	-
Sequences/4_Italian.bin	-	912	912	912	-
Sequences/4_Spanish.bin	-	1136	1136	1136	-
Sequences/504_English.bin	-	3024	3024	3024	-
Sequences/504_French.bin	-	4504	4504	4504	-
Sequences/504_German.bin	-	4584	4584	4584	-
Sequences/504_Italian.bin	-	2500	2500	2500	-
Sequences/504_Spanish.bin	-	3204	3204	3204	-
Sequences/510_English.bin	-	3960	3960	3960	-
Sequences/510_French.bin	-	5632	5632	5632	-
Sequences/510_German.bin	-	4656	4656	4656	-
Sequences/510_Italian.bin	-	3864	3864	3864	-
Sequences/510_Spanish.bin	-	5800	5800	5800	-
Sequences/515_English.bin	-	4840	4840	4840	-
Sequences/515_French.bin	-	7080	7080	7080	-
Sequences/515_German.bin	-	5212	5212	5212	-
Sequences/515_Italian.bin	-	4948	4948	4948	-
Sequences/515_Spanish.bin	-	5368	5368	5368	-
Sequences/517_English.bin	-	7108	7108	7108	-
Sequences/517_French.bin	-	7060	7060	7060	-
Sequences/517_German.bin	-	12080	12080	12080	-
Sequences/517_Italian.bin	-	7252	7252	7252	-
Sequences/517_Spanish.bin	-	7268	7268	7268	-
Sequences/522_English.bin	-	3804	3804	3804	-
Sequences/522_French.bin	-	5140	5140	5140	-
Sequences/522_German.bin	-	4380	4380	4380	-
Sequences/522_Italian.bin	-	3500	3500	3500	-
Sequences/522_Spanish.bin	-	5528	5528	5528	-
Sequences/523_English.bin	-	6892	6892	6892	-
Sequences/523_French.bin	-	7284	7284	7284	-
Sequences/523_German.bin	-	11948	11948	11948	-
Sequences/523_Italian.bin	-	6956	6956	6956	-
Sequences/523_Spanish.bin	-	6736	6736	6736	-
Sequences/55_English.bin	-	3228	3228	3228	-
Sequences/55_French.bin	-	4068	4068	4068	-
Sequences/55_German.bin	-	3248	3248	3248	-
Sequences/55_Italian.bin	-	3256	3256	3256	-
Sequences/55_Spanish.bin	-	3848	3848	3848	-
Sequences/56_English.bin	-	2108	2108	2108	-
Sequences/56_French.bin	-	3024	3024	3024	-
Sequences/56_German.bin	-	2584	2584	2584	-
Sequences/56_Italian.bin	-	2116	2116	2116	-
Sequences/56_Spanish.bin	-	2192	2192	2192	-
Sequences/60_English.bin	-	2344	2344	2344	-
Sequences/60_French.bin	-	2016	2016	2016	-
Sequences/60_German.bin	-	2796	2796	2796	-
Sequences/60_Italian.bin	-	2340	2340	2340	-
Sequences/60_Spanish.bin	-	2664	2664	2664	-
Sequences/613_English.bin	-	2556	2556	2556	-
Sequences/613_French.bin	-	2336	2336	2336	-
Sequences/613_German.bin	-	2848	2848	2848	-
Sequences/613_Italian.bin	-	2392	2392	2392	-
Sequences/613_Spanish.bin	-	2976	2976	2976	-
Sequences/61_English.bin	-	2340	2340	2340	-
Sequences/61_French.bin	-	2120	2120	2120	-
Sequences/61_German.bin	-	2348	2348	2348	-
Sequences/61_Italian.bin	-	2040	2040	2040	-
Sequences/61_Spanish.bin	-	3216	3216	3216	-
Sequences/63_English.bin	-	4560	4560	4560	-
Sequences/63_French.bin	-	6516	6516	6516	-
Sequences/63_German.bin	-	5324	5324	5324	-
Sequences/63_Italian.bin	-	4616	4616	4616	-
Sequences/63_Spanish.bin	-	4424	4424	4424	-
Sequences/648_English.bin	-	4008	4008	4008	-
Sequences/648_French.bin	-	4320	4320	4320	-
Sequences/648_German.bin	-	4616	4616	4616	-
Sequences/648_Italian.bin	-	4240	4240	4240	-
Sequences/648_Spanish.bin	-	4396	4396	4396	-
Sequences/649_English.bin	-	2096	2096	2096	-
Sequences/649_French.bin	-	2784	2784	2784	-
Sequences/649_German.bin	-	2184	2184	2184	-
Sequences/649_Italian.bin	-	2404	2404	2404	-
Sequences/649_Spanish.bin	-	2248	2248	2248	-
Sequences/650_English.bin	-	2028	2028	2028	-
Sequences/650_French.bin	-	2208	2208	2208	-
Sequences/650_German.bin	-	2316	2316	2316	-
Sequences/650_Italian.bin	-	2180	2180	2180	-
Sequences/650_Spanish.bin	-	2132	2132	2132	-
Sequences/652_English.bin	-	2592	2592	2592	-
Sequences/652_French.bin	-	3176	3176	3176	-
Sequences/652_German.bin	-	2764	2764	2764	-
Sequences/652_Italian.bin	-	2204	2204	2204	-
Sequences/652_Spanish.bin	-	2208	2208	2208	-
Sequences/654_English.bin	-	3268	3268	3268	-
Sequences/654_French.bin	-	3164	3164	3164	-
Sequences/654_German.bin	-	3744	3744	3744	-
Sequences/654_Italian.bin	-	2732	2732	2732	-
Sequences/654_Spanish.bin	-	3052	3052	3052	-
Sequences/663_English.bin	-	5952	5952	5952	-
Sequences/663_French.bin	-	6288	6288	6288	-
Sequences/663_German.bin	-	8020	8020	8020	-
Sequences/663_Italian.bin	-	6028	6028	6028	-
Sequences/663_Spanish.bin	-	6244	6244	6244	-
Sequences/664_English.bin	-	3512	3512	3512	-
Sequences/664_French.bin	-	3808	3808	3808	-
Sequences/664_German.bin	-	3828	3828	3828	-
Sequences/664_Italian.bin	-	3712	3712	3712	-
Sequences/664_Spanish.bin	-	3756	3756	3756	-
Sequences/66_English.bin	-	4312	4312	4312	-
Sequences/66_French.bin	-	7012	7012	7012	-
Sequences/66_German.bin	-	5700	5700	5700	-
Sequences/66_Italian.bin	-	5984	5984	5984	-
Sequences/66_Spanish.bin	-	6184	6184	6184	-
Sequences/672_English.bin	-	2604	2604	2604	-
Sequences/672_French.bin	-	3052	3052	3052	-
Sequences/672_German.bin	-	3100	3100	3100	-
Sequences/672_Italian.bin	-	2444	2444	2444	-
Sequences/672_Spanish.bin	-	4100	4100	4100	-
Sequences/67_English.bin	-	2468	2468	2468	-
Sequences/67_French.bin	-	2836	2836	2836	-
Sequences/67_German.bin	-	2788	2788	2788	-
Sequences/67_Italian.bin	-	2508	2508	2508	-
Sequences/67_Spanish.bin	-	2544	2544	2544	-
Sequences/692_English.bin	-	4648	4648	4648	-
Sequences/692_French.bin	-	7864	7864	7864	-
Sequences/692_German.bin	-	7720	7720	7720	-
Sequences/692_Italian.bin	-	5272	5272	5272	-
Sequences/692_Spanish.bin	-	7604	7604	7604	-
Sequences/697_English.bin	-	3700	3700	3700	-
Sequences/697_French.bin	-	5664	5664	5664	-
Sequences/697_German.bin	-	4168	4168	4168	-
Sequences/697_Italian.bin	-	4108	4108	4108	-
Sequences/697_Spanish.bin	-	4096	4096	4096	-
Sequences/698_English.bin	-	3836	3836	3836	-
Sequences/698_French.bin	-	6628	6628	6628	-
Sequences/698_German.bin	-	6168	6168	6168	-
Sequences/698_Italian.bin	-	5792	5792	5792	-
Sequences/698_Spanish.bin	-	4396	4396	4396	-
Sequences/6_English.bin	-	6144	6144	6144	-
Sequences/6_French.bin	-	7440	7440	7440	-
Sequences/6_German.bin	-	7108	7108	7108	-
Sequences/6_Italian.bin	-	5792	5792	5792	-
Sequences/6_Spanish.bin	-	6512	6512	6512	-
Sequences/72_English.bin	-	3248	3248	3248	-
Sequences/72_French.bin	-	5012	5012	5012	-
Sequences/72_German.bin	-	4120	4120	4120	-
Sequences/72_Italian.bin	-	3628	3628	3628	-
Sequences/72_Spanish.bin	-	5336	5336	5336	-
Sequences/753_English.bin	-	2052	2052	2052	-
Sequences/753_French.bin	-	2396	2396	2396	-
Sequences/753_German.bin	-	1748	1748	1748	-
Sequences/753_Italian.bin	-	1616	1616	1616	-
Sequences/753_Spanish.bin	-	3144	3144	3144	-
Sequences/754_English.bin	-	2184	2184	2184	-
Sequences/754_French.bin	-	2496	2496	2496	-
Sequences/754_German.bin	-	2040	2040	2040	-
Sequences/754_Italian.bin	-	2052	2052	2052	-
Sequences/754_Spanish.bin	-	2388	2388	2388	-
Sequences/755_English.bin	-	7532	7532	7532	-
Sequences/755_French.bin	-	12924	12924	12924	-
Sequences/755_German.bin	-	12608	12608	12608	-
Sequences/755_Italian.bin	-	8192	8192	8192	-
Sequences/755_Spanish.bin	-	12596	12596	12596	-
Sequences/756_English.bin	-	1212	1212	1212	-
Sequences/756_French.bin	-	1560	1560	1560	-
Sequences/756_German.bin	-	1196	1196	1196	-
Sequences/756_Italian.bin	-	1372	1372	1372	-
Sequences/756_Spanish.bin	-	1396	1396	1396	-
Sequences/757_English.bin	-	3240	3240	3240	-
Sequences/757_French.bin	-	3296	3296	3296	-
Sequences/757_German.bin	-	3336	3336	3336	-
Sequences/757_Italian.bin	-	3012	3012	3012	-
Sequences/757_Spanish.bin	-	3012	3012	3012	-
Sequences/75_English.bin	-	5704	5704	5704	-
Sequences/75_French.bin	-	12920	12920	12920	-
Sequences/75_German.bin	-	8444	8444	8444	-
Sequences/75_Italian.bin	-	10416	10416	10416	-
Sequences/75_Spanish.bin	-	12544	12544	12544	-
Sequences/764_English.bin	-	6276	6276	6276	-
Sequences/764_French.bin	-	6908	6908	6908	-
Sequences/764_German.bin	-	6336	6336	6336	-
Sequences/764_Italian.bin	-	5820	5820	5820	-
Sequences/764_Spanish.bin	-	5904	5904	5904	-
Sequences/86_English.bin	-	5344	5344	5344	-
Sequences/86_French.bin	-	5576	5576	5576	-
Sequences/86_German.bin	-	4092	4092	4092	-
Sequences/86_Italian.bin	-	3244	3244	3244	-
Sequences/86_Spanish.bin	-	5828	5828	5828	-
Sequences/90_English.bin	-	3012	3012	3012	-
Sequences/90_French.bin	-	3392	3392	3392	-
Sequences/90_German.bin	-	2992	2992	2992	-
Sequences/90_Italian.bin	-	2620	2620	2620	-
Sequences/90_Spanish.bin	-	2836	2836	2836	-
Sequences/95_English.bin	-	4384	4384	4384	-
Sequences/95_French.bin	-	7452	7452	7452	-
Sequences/95_German.bin	-	5028	5028	5028	-
Sequences/95_Italian.bin	-	4736	4736	4736	-
Sequences/95_Spanish.bin	-	6476	6476	6476	-
Sequences/9_English.bin	-	2540	2540	2540	-
Sequences/9_French.bin	-	2984	2984	2984	-
Sequences/9_German.bin	-	2716	2716	2716	-
Sequences/9_Italian.bin	-	2612	2612	2612	-
Sequences/9_Spanish.bin	-	4144	4144	4144	-
TABLES.bin	736	736	736	736	736
TABLES.tab	96	96	96	96	96
TEX0.bin	354336	336448	336448	336448	363232
TEX0.tab	3488	3520	3520	3520	3488
TEX1.bin	2366368	2618144	2618144	2618144	2032928
TEX1.tab	9248	9248	9248	9248	9248
TEXPRE.bin	482048	481952	481952	481952	482048
TEXPRE.tab	832	832	832	832	832
TEXTABLE.bin	6496	6496	6496	6496	6496
TRKBLK.tab	160	160	160	160	160
VOXMAP.bin	110336	117536	117504	117472	42496
VOXMAP.tab	6400	6400	6400	6400	6400
VOXOBJ.bin	0	0	0	0	0
VOXOBJ.tab	32	32	32	32	32
WARPTAB.bin	2048	2048	2048	2048	2048
WEAPONDA.bin	51264	51264	51264	51264	51264
animtest.romlist.zlb	64	64	64	64	64
animtest/ANIM.BIN	849024	849024	849024	849024	849024
animtest/ANIM.TAB	10400	10400	10400	10400	10400
animtest/ANIMCURV.bin	19872	19872	19872	19872	19872
animtest/ANIMCURV.tab	25280	25280	25280	25280	25280
animtest/MODELIND.bin	3776	3776	3776	3776	3776
animtest/MODELS.bin	322848	322848	322848	322848	322848
animtest/MODELS.tab	5056	5056	5056	5056	5056
animtest/OBJSEQ.bin	28832	28832	28832	28832	28832
animtest/OBJSEQ.tab	2976	2976	2976	2976	2976
animtest/OBJSEQ2C.tab	2976	2976	2976	2976	2976
animtest/TEX0.bin	205728	205664	205664	205664	205728
animtest/TEX0.tab	3488	3520	3520	3520	3488
animtest/TEX1.bin	513504	513440	513440	513440	513504
animtest/TEX1.tab	9216	9248	9248	9248	9216
animtest/VOXMAP.bin	6432	6432	6432	6432	6432
animtest/VOXMAP.tab	6400	6400	6400	6400	6400
animtest/mod6.tab	608	608	608	608	608
animtest/mod6.zlb.bin	28608	28608	28608	28608	28608
arwing.romlist.zlb	512	512	512	512	512
arwing/ANIM.BIN	174656	174656	174656	174656	174656
arwing/ANIM.TAB	10400	10400	10400	10400	10400
arwing/ANIMCURV.bin	46304	46304	46304	46304	46304
arwing/ANIMCURV.tab	25280	25280	25280	25280	25280
arwing/MODELIND.bin	3776	3776	3776	3776	3776
arwing/MODELS.bin	487360	487360	487360	487360	487360
arwing/MODELS.tab	5056	5056	5056	5056	5056
arwing/OBJSEQ.bin	28832	28832	28832	28832	28832
arwing/OBJSEQ.tab	2976	2976	2976	2976	2976
arwing/OBJSEQ2C.tab	2976	2976	2976	2976	2976
arwing/TEX0.bin	129248	129184	129184	129184	129248
arwing/TEX0.tab	3488	3520	3520	3520	3488
arwing/TEX1.bin	1301056	1300992	1300992	1300992	1301056
arwing/TEX1.tab	9216	9248	9248	9248	9216
arwing/VOXMAP.bin	59040	59040	59040	59040	59040
arwing/VOXMAP.tab	6400	6400	6400	6400	6400
arwing/mod3.tab	256	256	256	256	256
arwing/mod3.zlb.bin	192	192	192	192	192
arwingcity.romlist.zlb	4864	4864	4864	4864	4864
arwingcity/ANIM.BIN	90400	90400	90400	90400	90400
arwingcity/ANIM.TAB	10400	10400	10400	10400	10400
arwingcity/ANIMCURV.bin	24832	24832	24832	24832	24832
arwingcity/ANIMCURV.tab	25280	25280	25280	25280	25280
arwingcity/MODELIND.bin	3776	3776	3776	3776	3776
arwingcity/MODELS.bin	306944	306944	306944	306944	306944
arwingcity/MODELS.tab	5056	5056	5056	5056	5056
arwingcity/OBJSEQ.bin	28832	28832	28832	28832	28832
arwingcity/OBJSEQ.tab	2976	2976	2976	2976	2976
arwingcity/OBJSEQ2C.tab	2976	2976	2976	2976	2976
arwingcity/TEX0.bin	97760	97696	97696	97696	97760
arwingcity/TEX0.tab	3488	3520	3520	3520	3488
arwingcity/TEX1.bin	1345152	1345088	1345088	1345088	1345152
arwingcity/TEX1.tab	9216	9248	9248	9248	9216
arwingcity/VOXMAP.bin	0	0	0	0	0
arwingcity/VOXMAP.tab	6400	6400	6400	6400	6400
arwingcity/mod60.tab	5856	5856	5856	5856	5856
arwingcity/mod60.zlb.bin	565536	565536	565536	565536	565536
arwingcloud.romlist.zlb	4512	4512	4512	4512	4512
arwingcloud/ANIM.BIN	90400	90400	90400	90400	90400
arwingcloud/ANIM.TAB	10400	10400	10400	10400	10400
arwingcloud/ANIMCURV.bin	24672	24672	24672	24672	24672
arwingcloud/ANIMCURV.tab	25280	25280	25280	25280	25280
arwingcloud/MODELIND.bin	3776	3776	3776	3776	3776
arwingcloud/MODELS.bin	339360	339360	339360	339360	339360
arwingcloud/MODELS.tab	5056	5056	5056	5056	5056
arwingcloud/OBJSEQ.bin	28832	28832	28832	28832	28832
arwingcloud/OBJSEQ.tab	2976	2976	2976	2976	2976
arwingcloud/OBJSEQ2C.tab	2976	2976	2976	2976	2976
arwingcloud/TEX0.bin	97760	97696	97696	97696	97760
arwingcloud/TEX0.tab	3488	3520	3520	3520	3488
arwingcloud/TEX1.bin	1637120	1637056	1637056	1637056	1637120
arwingcloud/TEX1.tab	9216	9248	9248	9248	9216
arwingcloud/VOXMAP.bin	0	0	0	0	0
arwingcloud/VOXMAP.tab	6400	6400	6400	6400	6400
arwingcloud/mod59.tab	5600	5600	5600	5600	5600
arwingcloud/mod59.zlb.bin	592064	592064	592064	592064	592064
arwingdarkice.romlist.zlb	7136	7136	7136	7136	7136
arwingdarkice/ANIM.BIN	90752	90752	90752	90752	90752
arwingdarkice/ANIM.TAB	10400	10400	10400	10400	10400
arwingdarkice/ANIMCURV.bin	24672	24672	24672	24672	24672
arwingdarkice/ANIMCURV.tab	25280	25280	25280	25280	25280
arwingdarkice/MODELIND.bin	3776	3776	3776	3776	3776
arwingdarkice/MODELS.bin	311904	311904	311904	311904	311904
arwingdarkice/MODELS.tab	5056	5056	5056	5056	5056
arwingdarkice/OBJSEQ.bin	28832	28832	28832	28832	28832
arwingdarkice/OBJSEQ.tab	2976	2976	2976	2976	2976
arwingdarkice/OBJSEQ2C.tab	2976	2976	2976	2976	2976
arwingdarkice/TEX0.bin	117376	117312	117312	117312	117376
arwingdarkice/TEX0.tab	3488	3520	3520	3520	3488
arwingdarkice/TEX1.bin	851008	850944	850944	850944	851008
arwingdarkice/TEX1.tab	9216	9248	9248	9248	9216
arwingdarkice/VOXMAP.bin	0	0	0	0	0
arwingdarkice/VOXMAP.tab	6400	6400	6400	6400	6400
arwingdarkice/mod58.tab	5344	5344	5344	5344	5344
arwingdarkice/mod58.zlb.bin	348992	348992	348992	348992	348992
arwingdragon.romlist.zlb	6208	6208	6208	6208	6208
arwingdragon/ANIM.BIN	90400	90400	90400	90400	90400
arwingdragon/ANIM.TAB	10400	10400	10400	10400	10400
arwingdragon/ANIMCURV.bin	24832	24832	24832	24832	24832
arwingdragon/ANIMCURV.tab	25280	25280	25280	25280	25280
arwingdragon/MODELIND.bin	3776	3776	3776	3776	3776
arwingdragon/MODELS.bin	312032	312032	312032	312032	312032
arwingdragon/MODELS.tab	5056	5056	5056	5056	5056
arwingdragon/OBJSEQ.bin	28832	28832	28832	28832	28832
arwingdragon/OBJSEQ.tab	2976	2976	2976	2976	2976
arwingdragon/OBJSEQ2C.tab	2976	2976	2976	2976	2976
arwingdragon/TEX0.bin	97760	97696	97696	97696	97760
arwingdragon/TEX0.tab	3488	3520	3520	3520	3488
arwingdragon/TEX1.bin	1346944	1346880	1346880	1346880	1346944
arwingdragon/TEX1.tab	9216	9248	9248	9248	9216
arwingdragon/VOXMAP.bin	0	0	0	0	0
arwingdragon/VOXMAP.tab	6400	6400	6400	6400	6400
arwingdragon/mod61.tab	6112	6112	6112	6112	6112
arwingdragon/mod61.zlb.bin	332256	332256	332256	332256	332256
arwingtoplanet.romlist.zlb	8160	8160	8160	8160	8160
arwingtoplanet/ANIM.BIN	90208	90208	90208	90208	90208
arwingtoplanet/ANIM.TAB	10400	10400	10400	10400	10400
arwingtoplanet/ANIMCURV.bin	24672	24672	24672	24672	24672
arwingtoplanet/ANIMCURV.tab	25280	25280	25280	25280	25280
arwingtoplanet/MODELIND.bin	3776	3776	3776	3776	3776
arwingtoplanet/MODELS.bin	317280	317280	317280	317280	317280
arwingtoplanet/MODELS.tab	5056	5056	5056	5056	5056
arwingtoplanet/OBJSEQ.bin	28832	28832	28832	28832	28832
arwingtoplanet/OBJSEQ.tab	2976	2976	2976	2976	2976
arwingtoplanet/OBJSEQ2C.tab	2976	2976	2976	2976	2976
arwingtoplanet/TEX0.bin	97760	97696	97696	97696	97760
arwingtoplanet/TEX0.tab	3488	3520	3520	3520	3488
arwingtoplanet/TEX1.bin	1022752	1022688	1022688	1022688	1022752
arwingtoplanet/TEX1.tab	9216	9248	9248	9248	9216
arwingtoplanet/VOXMAP.bin	0	0	0	0	0
arwingtoplanet/VOXMAP.tab	6400	6400	6400	6400	6400
arwingtoplanet/mod57.tab	5120	5120	5120	5120	5120
arwingtoplanet/mod57.zlb.bin	360960	360960	360960	360960	360960
audio/data/Empty0.bin	262144	262144	262144	262144	262144
audio/data/Empty1.bin	262144	262144	262144	262144	262144
audio/data/Empty2.bin	262144	262144	262144	262144	262144
audio/data/Empty3.bin	262144	262144	262144	262144	262144
audio/data/Empty4.bin	262144	262144	262144	262144	262144
audio/data/Empty5.bin	262144	262144	262144	262144	262144
audio/data/Empty6.bin	262144	262144	262144	262144	262144
audio/data/Empty7.bin	262144	262144	262144	262144	262144
audio/data/Music.bin	2544	2544	2544	2544	2544
audio/data/Sfx.bin	38560	38560	38560	38560	38560
audio/data/Streams.bin	19920	19920	19920	19920	19920
audio/midi.wad	1273280	1273280	1273280	1273280	1273280
audio/starfox.h.bak	31359	31359	31359	31359	31359
audio/starfoxm.poo	61024	61024	61024	61024	61024
audio/starfoxm.pro	6988	6988	6988	6988	6988
audio/starfoxm.sam	5328736	5328736	5328736	5328736	5328736
audio/starfoxm.sdi	42772	42772	42772	42772	42772
audio/starfoxs.poo	68400	68400	68400	68400	68400
audio/starfoxs.pro	23440	23440	23440	23440	23440
audio/starfoxs.sam	9926944	9926944	9926944	9926944	9926944
audio/starfoxs.sdi	63220	63220	63220	63220	63220
bossdrakor/ANIM.BIN	847232	847232	847232	847232	847232
bossdrakor/ANIM.TAB	10400	10400	10400	10400	10400
bossdrakor/ANIMCURV.bin	42400	42400	42400	42400	42400
bossdrakor/ANIMCURV.tab	25280	25280	25280	25280	25280
bossdrakor/MODELIND.bin	3776	3776	3776	3776	3776
bossdrakor/MODELS.bin	380512	380512	380512	380512	380512
bossdrakor/MODELS.tab	5056	5056	5056	5056	5056
bossdrakor/OBJSEQ.bin	28832	28832	28832	28832	28832
bossdrakor/OBJSEQ.tab	2976	2976	2976	2976	2976
bossdrakor/OBJSEQ2C.tab	2976	2976	2976	2976	2976
bossdrakor/TEX0.bin	317632	317568	317568	317568	317632
bossdrakor/TEX0.tab	3488	3520	3520	3520	3488
bossdrakor/TEX1.bin	1377152	1377088	1377088	1377088	1377152
bossdrakor/TEX1.tab	9216	9248	9248	9248	9216
bossdrakor/VOXMAP.bin	0	0	0	0	0
bossdrakor/VOXMAP.tab	6400	6400	6400	6400	6400
bossdrakor/mod52.tab	4672	4672	4672	4672	4672
bossdrakor/mod52.zlb.bin	962528	962528	962528	962528	962528
bossdrakorflatr.romlist.zlb	64	64	64	64	64
bossgaldon/ANIM.BIN	453184	453184	453184	453184	453184
bossgaldon/ANIM.TAB	10400	10400	10400	10400	10400
bossgaldon/ANIMCURV.bin	52672	52672	52672	52672	52672
bossgaldon/ANIMCURV.tab	25280	25280	25280	25280	25280
bossgaldon/MODELIND.bin	3776	3776	3776	3776	3776
bossgaldon/MODELS.bin	185088	185088	185088	185088	185088
bossgaldon/MODELS.tab	5056	5056	5056	5056	5056
bossgaldon/OBJSEQ.bin	28832	28832	28832	28832	28832
bossgaldon/OBJSEQ.tab	2976	2976	2976	2976	2976
bossgaldon/OBJSEQ2C.tab	2976	2976	2976	2976	2976
bossgaldon/TEX0.bin	202304	202240	202240	202240	202304
bossgaldon/TEX0.tab	3488	3520	3520	3520	3488
bossgaldon/TEX1.bin	1142208	1142144	1142144	1142144	1142208
bossgaldon/TEX1.tab	9216	9248	9248	9248	9216
bossgaldon/VOXMAP.bin	0	0	0	0	0
bossgaldon/VOXMAP.tab	6400	6400	6400	6400	6400
bossgaldon/mod36.tab	3520	3520	3520	3520	3520
bossgaldon/mod36.zlb.bin	124448	124448	124448	124448	124448
bosstrex/ANIM.BIN	167488	167488	167488	167488	167488
bosstrex/ANIM.TAB	10400	10400	10400	10400	10400
bosstrex/ANIMCURV.bin	13120	13120	13120	13120	13120
bosstrex/ANIMCURV.tab	25280	25280	25280	25280	25280
bosstrex/MODELIND.bin	3776	3776	3776	3776	3776
bosstrex/MODELS.bin	153856	153856	153856	153856	153856
bosstrex/MODELS.tab	5056	5056	5056	5056	5056
bosstrex/OBJSEQ.bin	28832	28832	28832	28832	28832
bosstrex/OBJSEQ.tab	2976	2976	2976	2976	2976
bosstrex/OBJSEQ2C.tab	2976	2976	2976	2976	2976
bosstrex/TEX0.bin	202016	201952	201952	201952	202016
bosstrex/TEX0.tab	3488	3520	3520	3520	3488
bosstrex/TEX1.bin	593504	593440	593440	593440	593504
bosstrex/TEX1.tab	9216	9248	9248	9248	9216
bosstrex/VOXMAP.bin	10688	10688	10688	10688	10688
bosstrex/VOXMAP.tab	6400	6400	6400	6400	6400
bosstrex/mod54.tab	4832	4832	4832	4832	4832
bosstrex/mod54.zlb.bin	262592	262592	262592	262592	262592
capeclaw.romlist.zlb	24608	24608	24608	24608	24608
capeclaw/ANIM.BIN	1212480	1212480	1212480	1212480	1212480
capeclaw/ANIM.TAB	10400	10400	10400	10400	10400
capeclaw/ANIMCURV.bin	103168	103168	103168	103168	103168
capeclaw/ANIMCURV.tab	25280	25280	25280	25280	25280
capeclaw/MODELIND.bin	3776	3776	3776	3776	3776
capeclaw/MODELS.bin	650720	650720	650720	650720	650720
capeclaw/MODELS.tab	5056	5056	5056	5056	5056
capeclaw/OBJSEQ.bin	28832	28832	28832	28832	28832
capeclaw/OBJSEQ.tab	2976	2976	2976	2976	2976
capeclaw/OBJSEQ2C.tab	2976	2976	2976	2976	2976
capeclaw/TEX0.bin	345920	345856	345856	345856	345920
capeclaw/TEX0.tab	3488	3520	3520	3520	3488
capeclaw/TEX1.bin	2137792	2137728	2137728	2137728	2137792
capeclaw/TEX1.tab	9216	9248	9248	9248	9216
capeclaw/VOXMAP.bin	44640	44640	44640	44640	44640
capeclaw/VOXMAP.tab	6400	6400	6400	6400	6400
capeclaw/mod48.tab	4128	4128	4128	4128	4128
capeclaw/mod48.zlb.bin	420768	420768	420768	420768	420768
card/memcardicon0.img	1024	1024	1024	1024	1024
card/memcardicon0.pal	512	512	512	512	512
card/memcardicon1.img	1024	1024	1024	1024	1024
card/memcardicon2.img	1024	1024	1024	1024	1024
card/memcardicon3.img	1024	1024	1024	1024	1024
ccbridge.romlist.zlb	64	64	64	64	64
ccshrine.romlist.zlb	416	416	416	416	416
cfcolumn.romlist.zlb	64	64	64	64	64
cfdungeonblock.romlist.zlb	64	64	64	64	64
cfgalleon.romlist.zlb	96	96	96	96	96
cfgangplank.romlist.zlb	64	64	64	64	64
cfledge.romlist.zlb	55	55	55	55	55
cfliftplat.romlist.zlb	64	64	64	64	64
cfprisoncage.romlist.zlb	64	64	64	64	64
cfprisondoor.romlist.zlb	64	64	64	64	64
clouddungeon.romlist.zlb	4640	4640	4640	4640	4640
clouddungeon/ANIM.BIN	83744	83744	83744	83744	83744
clouddungeon/ANIM.TAB	10400	10400	10400	10400	10400
clouddungeon/ANIMCURV.bin	320	320	320	320	320
clouddungeon/ANIMCURV.tab	25280	25280	25280	25280	25280
clouddungeon/MODELIND.bin	3776	3776	3776	3776	3776
clouddungeon/MODELS.bin	20768	20800	20800	20800	20768
clouddungeon/MODELS.tab	5056	5056	5056	5056	5056
clouddungeon/OBJSEQ.bin	28832	28832	28832	28832	28832
clouddungeon/OBJSEQ.tab	2976	2976	2976	2976	2976
clouddungeon/OBJSEQ2C.tab	2976	2976	2976	2976	2976
clouddungeon/TEX0.bin	262336	262272	262272	262272	262336
clouddungeon/TEX0.tab	3488	3520	3520	3520	3488
clouddungeon/TEX1.bin	178464	178400	178400	178400	178464
clouddungeon/TEX1.tab	9216	9248	9248	9248	9216
clouddungeon/VOXMAP.bin	4288	4288	4288	4288	4288
clouddungeon/VOXMAP.tab	6400	6400	6400	6400	6400
clouddungeon/mod25.tab	2304	2304	2304	2304	2304
clouddungeon/mod25.zlb.bin	43232	43232	43232	43232	43232
cloudjoin.romlist.zlb	192	192	192	192	192
cloudrace.romlist.zlb	4512	4512	4512	4512	4512
cloudrace/ANIM.BIN	1151808	1151808	1151808	1151808	1151808
cloudrace/ANIM.TAB	10400	10400	10400	10400	10400
cloudrace/ANIMCURV.bin	50944	50944	50944	50944	50944
cloudrace/ANIMCURV.tab	25280	25280	25280	25280	25280
cloudrace/MODELIND.bin	3776	3776	3776	3776	3776
cloudrace/MODELS.bin	388896	388896	388896	388896	388896
cloudrace/MODELS.tab	5056	5056	5056	5056	5056
cloudrace/OBJSEQ.bin	28832	28832	28832	28832	28832
cloudrace/OBJSEQ.tab	2976	2976	2976	2976	2976
cloudrace/OBJSEQ2C.tab	2976	2976	2976	2976	2976
cloudrace/TEX0.bin	326272	326208	326208	326208	326272
cloudrace/TEX0.tab	3488	3520	3520	3520	3488
cloudrace/TEX1.bin	1070976	1070912	1070912	1070912	1070976
cloudrace/TEX1.tab	9248	9248	9248	9248	9248
cloudrace/VOXMAP.bin	0	0	0	0	0
cloudrace/VOXMAP.tab	6400	6400	6400	6400	6400
cloudrace/mod51.tab	4416	4416	4416	4416	4416
cloudrace/mod51.zlb.bin	388224	388224	388224	388224	388224
cloudrunnermap.romlist.zlb	64	64	64	64	64
cloudtrap.romlist.zlb	64	64	64	64	64
cloudtreasure.romlist.zlb	64	64	64	64	64
crfort/ANIM.BIN	1221184	1221184	1221184	1221184	1221184
crfort/ANIM.TAB	10400	10400	10400	10400	10400
crfort/ANIMCURV.bin	149312	149312	149312	149312	149312
crfort/ANIMCURV.tab	25280	25280	25280	25280	25280
crfort/MODELIND.bin	3776	3776	3776	3776	3776
crfort/MODELS.bin	705600	705600	705600	705600	705600
crfort/MODELS.tab	5056	5056	5056	5056	5056
crfort/OBJSEQ.bin	28832	28832	28832	28832	28832
crfort/OBJSEQ.tab	2976	2976	2976	2976	2976
crfort/OBJSEQ2C.tab	2976	2976	2976	2976	2976
crfort/TEX0.bin	396512	396448	396448	396448	396512
crfort/TEX0.tab	3488	3520	3520	3520	3488
crfort/TEX1.bin	2465056	2464928	2464928	2464928	2465056
crfort/TEX1.tab	9248	9248	9248	9248	9248
crfort/VOXMAP.bin	43392	43392	43392	43392	43392
crfort/VOXMAP.tab	6400	6400	6400	6400	6400
crfort/mod12.tab	1248	1248	1248	1248	1248
crfort/mod19.tab	1792	1792	1792	1792	1792
crfort/mod19.zlb.bin	379200	379200	379200	379200	379200
darkicemines/ANIM.BIN	1214880	1214880	1214880	1214880	1214880
darkicemines/ANIM.TAB	10400	10400	10400	10400	10400
darkicemines/ANIMCURV.bin	111904	111936	111936	111968	111904
darkicemines/ANIMCURV.tab	25280	25280	25280	25280	25280
darkicemines/MODELIND.bin	3776	3776	3776	3776	3776
darkicemines/MODELS.bin	682112	682112	682112	682112	682112
darkicemines/MODELS.tab	5056	5056	5056	5056	5056
darkicemines/OBJSEQ.bin	28832	28832	28832	28832	28832
darkicemines/OBJSEQ.tab	2976	2976	2976	2976	2976
darkicemines/OBJSEQ2C.tab	2976	2976	2976	2976	2976
darkicemines/TEX0.bin	336512	336448	336448	336448	336512
darkicemines/TEX0.tab	3488	3520	3520	3520	3488
darkicemines/TEX1.bin	2618272	2618144	2618144	2618144	2618272
darkicemines/TEX1.tab	9216	9248	9248	9248	9216
darkicemines/VOXMAP.bin	117504	117536	117504	117472	117504
darkicemines/VOXMAP.tab	6400	6400	6400	6400	6400
darkicemines/mod27.tab	2656	2656	2656	2656	2656
darkicemines/mod27.zlb.bin	550528	550688	550528	550688	550528
darkicemines2/ANIM.BIN	1213600	1213600	1213600	1213600	1213600
darkicemines2/ANIM.TAB	10400	10400	10400	10400	10400
darkicemines2/ANIMCURV.bin	64832	64832	64832	64832	64832
darkicemines2/ANIMCURV.tab	25280	25280	25280	25280	25280
darkicemines2/MODELIND.bin	3776	3776	3776	3776	3776
darkicemines2/MODELS.bin	527936	527936	527936	527936	527936
darkicemines2/MODELS.tab	5056	5056	5056	5056	5056
darkicemines2/OBJSEQ.bin	28832	28832	28832	28832	28832
darkicemines2/OBJSEQ.tab	2976	2976	2976	2976	2976
darkicemines2/OBJSEQ2C.tab	2976	2976	2976	2976	2976
darkicemines2/TEX0.bin	311552	311488	311488	311488	311552
darkicemines2/TEX0.tab	3488	3520	3520	3520	3488
darkicemines2/TEX1.bin	1565888	1565824	1565824	1565824	1565888
darkicemines2/TEX1.tab	9216	9248	9248	9248	9216
darkicemines2/VOXMAP.bin	53280	53280	53280	53280	53280
darkicemines2/VOXMAP.tab	6400	6400	6400	6400	6400
darkicemines2/mod35.tab	3488	3488	3488	3488	3488
darkicemines2/mod35.zlb.bin	477696	477696	477696	477696	477696
dbshrine.romlist.zlb	3008	3008	3008	3008	3008
dbshrine/ANIM.BIN	92928	92928	92928	92928	92928
dbshrine/ANIM.TAB	10400	10400	10400	10400	10400
dbshrine/ANIMCURV.bin	8800	8800	8800	8800	8800
dbshrine/ANIMCURV.tab	25280	25280	25280	25280	25280
dbshrine/MODELIND.bin	3776	3776	3776	3776	3776
dbshrine/MODELS.bin	72320	72320	72320	72320	72320
dbshrine/MODELS.tab	5056	5056	5056	5056	5056
dbshrine/OBJSEQ.bin	28832	28832	28832	28832	28832
dbshrine/OBJSEQ.tab	2976	2976	2976	2976	2976
dbshrine/OBJSEQ2C.tab	2976	2976	2976	2976	2976
dbshrine/TEX0.bin	190368	190304	190304	190304	190368
dbshrine/TEX0.tab	3488	3520	3520	3520	3488
dbshrine/TEX1.bin	759424	759360	759360	759360	759424
dbshrine/TEX1.tab	9216	9248	9248	9248	9216
dbshrine/VOXMAP.bin	9696	9696	9696	9696	9696
dbshrine/VOXMAP.tab	6400	6400	6400	6400	6400
dbshrine/mod44.tab	3872	3872	3872	3872	3872
dbshrine/mod44.zlb.bin	315264	315264	315264	315264	315264
dbstepstone.romlist.zlb	64	64	64	64	64
desert/ANIM.BIN	106976	106976	106976	106976	106976
desert/ANIM.TAB	10400	10400	10400	10400	10400
desert/ANIMCURV.bin	512	512	512	512	512
desert/ANIMCURV.tab	25280	25280	25280	25280	25280
desert/MODELIND.bin	3776	3776	3776	3776	3776
desert/MODELS.bin	55744	55744	55744	55744	55744
desert/MODELS.tab	5056	5056	5056	5056	5056
desert/OBJSEQ.bin	28832	28832	28832	28832	28832
desert/OBJSEQ.tab	2976	2976	2976	2976	2976
desert/OBJSEQ2C.tab	2976	2976	2976	2976	2976
desert/TEX0.bin	221760	221696	221696	221696	221760
desert/TEX0.tab	3488	3520	3520	3520	3488
desert/TEX1.bin	521696	521632	521632	521632	521696
desert/TEX1.tab	9216	9248	9248	9248	9216
desert/VOXMAP.bin	18400	18400	18400	18400	18400
desert/VOXMAP.tab	6400	6400	6400	6400	6400
desert/mod29.tab	2816	2816	2816	2816	2816
desert/mod29.zlb.bin	462432	462432	462432	462432	462432
dfcavehatch1.romlist.zlb	64	64	64	64	64
dfcavehatch2.romlist.zlb	64	64	64	64	64
dfcradle.romlist.zlb	64	64	64	64	64
dfpodium.romlist.zlb	96	96	96	96	96
dfptop.romlist.zlb	8928	8928	8928	8928	8928
dfptop/ANIM.BIN	1232192	1232192	1232192	1232192	1232192
dfptop/ANIM.TAB	10400	10400	10400	10400	10400
dfptop/ANIMCURV.bin	112064	112064	112064	112064	112064
dfptop/ANIMCURV.tab	25280	25280	25280	25280	25280
dfptop/MODELIND.bin	3776	3776	3776	3776	3776
dfptop/MODELS.bin	596416	596416	596416	596416	596416
dfptop/MODELS.tab	5056	5056	5056	5056	5056
dfptop/OBJSEQ.bin	28832	28832	28832	28832	28832
dfptop/OBJSEQ.tab	2976	2976	2976	2976	2976
dfptop/OBJSEQ2C.tab	2976	2976	2976	2976	2976
dfptop/TEX0.bin	314816	314752	314752	314752	314816
dfptop/TEX0.tab	3488	3520	3520	3520	3488
dfptop/TEX1.bin	1493024	1492960	1492960	1492960	1493024
dfptop/TEX1.tab	9248	9248	9248	9248	9248
dfptop/VOXMAP.bin	0	0	0	0	0
dfptop/VOXMAP.tab	6400	6400	6400	6400	6400
dfptop/mod7.tab	640	640	640	640	640
dfptop/mod7.zlb.bin	205600	205600	205600	205600	205600
dfshrine.romlist.zlb	2304	2304	2304	2304	2304
dfshrine/ANIM.BIN	298208	298208	298208	298208	298208
dfshrine/ANIM.TAB	10400	10400	10400	10400	10400
dfshrine/ANIMCURV.bin	8416	8416	8416	8416	8416
dfshrine/ANIMCURV.tab	25280	25280	25280	25280	25280
dfshrine/MODELIND.bin	3776	3776	3776	3776	3776
dfshrine/MODELS.bin	87360	87360	87360	87360	87360
dfshrine/MODELS.tab	5056	5056	5056	5056	5056
dfshrine/OBJSEQ.bin	28832	28832	28832	28832	28832
dfshrine/OBJSEQ.tab	2976	2976	2976	2976	2976
dfshrine/OBJSEQ2C.tab	2976	2976	2976	2976	2976
dfshrine/TEX0.bin	158080	158016	158016	158016	158080
dfshrine/TEX0.tab	3488	3520	3520	3520	3488
dfshrine/TEX1.bin	747296	747232	747232	747232	747296
dfshrine/TEX1.tab	9216	9248	9248	9248	9216
dfshrine/VOXMAP.bin	8928	8928	8928	8928	8928
dfshrine/VOXMAP.tab	6400	6400	6400	6400	6400
dfshrine/mod40.tab	3680	3680	3680	3680	3680
dfshrine/mod40.zlb.bin	260032	260032	260032	260032	260032
diamondbay.romlist.zlb	64	64	64	64	64
dim2iceblock1.romlist.zlb	64	64	64	64	64
dim2iceblock2.romlist.zlb	64	64	64	64	64
dim2icefloe.romlist.zlb	64	64	64	64	64
dim2icefloe1.romlist.zlb	64	64	64	64	64
dim2icefloe2.romlist.zlb	64	64	64	64	64
dim2lift.romlist.zlb	64	64	64	64	64
dim2stonepillar.romlist.zlb	64	64	64	64	64
dimbossgut.romlist.zlb	64	64	64	64	64
dimcannon.romlist.zlb	55	55	55	55	55
dimcannonbase.romlist.zlb	55	55	55	55	55
dimhornplinth.romlist.zlb	96	96	96	96	96
dimpushblock.romlist.zlb	64	64	64	64	64
discovery.romlist.zlb	64	64	64	64	64
dragbot.romlist.zlb	3136	3136	3136	3136	3136
dragrock.romlist.zlb	18816	18816	18816	18816	18816
dragrock/ANIM.BIN	1136736	1136736	1136736	1136736	1136736
dragrock/ANIM.TAB	10400	10400	10400	10400	10400
dragrock/ANIMCURV.bin	136256	136288	136288	136288	136256
dragrock/ANIMCURV.tab	25280	25280	25280	25280	25280
dragrock/MODELIND.bin	3776	3776	3776	3776	3776
dragrock/MODELS.bin	692672	692672	692672	692672	692672
dragrock/MODELS.tab	5056	5056	5056	5056	5056
dragrock/OBJSEQ.bin	28832	28832	28832	28832	28832
dragrock/OBJSEQ.tab	2976	2976	2976	2976	2976
dragrock/OBJSEQ2C.tab	2976	2976	2976	2976	2976
dragrock/TEX0.bin	354336	354272	354272	354272	354336
dragrock/TEX0.tab	3488	3520	3520	3520	3488
dragrock/TEX1.bin	2366368	2366240	2366240	2366240	2366368
dragrock/TEX1.tab	9248	9248	9248	9248	9248
dragrock/VOXMAP.bin	110336	110336	110336	110336	110336
dragrock/VOXMAP.tab	6400	6400	6400	6400	6400
dragrock/mod10.tab	1216	1216	1216	1216	1216
dragrock/mod29.tab	3008	3008	3008	3008	3008
dragrock/mod4.tab	512	512	512	512	512
dragrock/mod4.zlb.bin	427392	427392	427392	427392	427392
dragrockbot/ANIM.BIN	756640	756640	756640	756640	756640
dragrockbot/ANIM.TAB	10400	10400	10400	10400	10400
dragrockbot/ANIMCURV.bin	33504	33504	33504	33504	33504
dragrockbot/ANIMCURV.tab	25280	25280	25280	25280	25280
dragrockbot/MODELIND.bin	3776	3776	3776	3776	3776
dragrockbot/MODELS.bin	320096	320128	320128	320128	320096
dragrockbot/MODELS.tab	5056	5056	5056	5056	5056
dragrockbot/OBJSEQ.bin	28832	28832	28832	28832	28832
dragrockbot/OBJSEQ.tab	2976	2976	2976	2976	2976
dragrockbot/OBJSEQ2C.tab	2976	2976	2976	2976	2976
dragrockbot/TEX0.bin	258752	258688	258688	258688	258752
dragrockbot/TEX0.tab	3488	3520	3520	3520	3488
dragrockbot/TEX1.bin	1865408	1865344	1865344	1865344	1865408
dragrockbot/TEX1.tab	9216	9248	9248	9248	9216
dragrockbot/VOXMAP.bin	0	0	0	0	0
dragrockbot/VOXMAP.tab	6400	6400	6400	6400	6400
dragrockbot/mod11.tab	928	928	928	928	928
dragrockbot/mod11.zlb.bin	269120	269120	269120	269120	269120
dragrockbot/mod29.tab	3008	3008	3008	3008	3008
drhighplat.romlist.zlb	55	55	55	55	55
drliftplat.romlist.zlb	192	192	192	192	192
drpushcart.romlist.zlb	64	64	64	64	64
duster.romlist.zlb	64	64	64	64	64
earthwalker.romlist.zlb	64	64	64	64	64
ecshrine.romlist.zlb	2304	2304	2304	2304	2304
ecshrine/ANIM.BIN	83104	83104	83104	83104	83104
ecshrine/ANIM.TAB	10400	10400	10400	10400	10400
ecshrine/ANIMCURV.bin	8832	8832	8832	8832	8832
ecshrine/ANIMCURV.tab	25280	25280	25280	25280	25280
ecshrine/MODELIND.bin	3776	3776	3776	3776	3776
ecshrine/MODELS.bin	5696	5696	5696	5696	5696
ecshrine/MODELS.tab	5056	5056	5056	5056	5056
ecshrine/OBJSEQ.bin	28832	28832	28832	28832	28832
ecshrine/OBJSEQ.tab	2976	2976	2976	2976	2976
ecshrine/OBJSEQ2C.tab	2976	2976	2976	2976	2976
ecshrine/TEX0.bin	188128	188064	188064	188064	188128
ecshrine/TEX0.tab	3488	3520	3520	3520	3488
ecshrine/TEX1.bin	608704	608640	608640	608640	608704
ecshrine/TEX1.tab	9216	9248	9248	9248	9216
ecshrine/VOXMAP.bin	9280	9280	9280	9280	9280
ecshrine/VOXMAP.tab	6400	6400	6400	6400	6400
ecshrine/mod42.tab	3776	3776	3776	3776	3776
ecshrine/mod42.zlb.bin	258560	258560	258560	258560	258560
finalboss.romlist.zlb	17152	17152	17152	17152	17152
fortress.romlist.zlb	24192	24256	24256	24256	24192
frontend.romlist.zlb	736	736	736	736	736
frontend2.romlist.zlb	64	64	64	64	64
galleonship.romlist.zlb	960	960	960	960	960
gamefront.romlist.zlb	1056	1056	1056	1056	1056
gamefront/ANIM.BIN	798880	798880	798880	798880	798880
gamefront/ANIM.TAB	10400	10400	10400	10400	10400
gamefront/ANIMCURV.bin	30816	30816	30816	30816	30816
gamefront/ANIMCURV.tab	25280	25280	25280	25280	25280
gamefront/MODELIND.bin	3776	3776	3776	3776	3776
gamefront/MODELS.bin	499648	499648	499648	499648	499648
gamefront/MODELS.tab	5056	5056	5056	5056	5056
gamefront/OBJSEQ.bin	28832	28832	28832	28832	28832
gamefront/OBJSEQ.tab	2976	2976	2976	2976	2976
gamefront/OBJSEQ2C.tab	2976	2976	2976	2976	2976
gamefront/TEX0.bin	324448	344608	344608	344608	324448
gamefront/TEX0.tab	3488	3520	3520	3520	3488
gamefront/TEX1.bin	826016	825952	825952	825952	826016
gamefront/TEX1.tab	9216	9248	9248	9248	9216
gamefront/VOXMAP.bin	0	0	0	0	0
gamefront/VOXMAP.tab	6400	6400	6400	6400	6400
gamefront/mod62.tab	6144	6144	6144	6144	6144
gamefront/mod62.zlb.bin	61472	61472	61472	61472	61472
gametext/Animtest/English.bin	70556	70556	25500	25500	70556
gametext/Animtest/French.bin	70556	70556	25500	25500	70556
gametext/Animtest/German.bin	70556	70556	25500	25500	70556
gametext/Animtest/Italian.bin	70556	70556	25500	25500	70556
gametext/Animtest/Japanese.bin	70556	70556	-	-	70556
gametext/Animtest/Spanish.bin	70556	70556	25500	25500	70556
gametext/Arwing/English.bin	78944	78944	24960	24960	78944
gametext/Arwing/French.bin	78944	78944	24960	24960	78944
gametext/Arwing/German.bin	78944	78944	24960	24960	78944
gametext/Arwing/Italian.bin	78944	78944	24960	24960	78944
gametext/Arwing/Japanese.bin	78944	78944	-	-	78944
gametext/Arwing/Spanish.bin	78944	78944	24960	24960	78944
gametext/BOSSAndross/English.bin	70556	70556	25500	25500	70556
gametext/BOSSAndross/French.bin	70556	70556	25500	25500	70556
gametext/BOSSAndross/German.bin	70556	70556	25500	25500	70556
gametext/BOSSAndross/Italian.bin	70556	70556	25500	25500	70556
gametext/BOSSAndross/Japanese.bin	70556	70556	-	-	70556
gametext/BOSSAndross/Spanish.bin	70556	70556	25500	25500	70556
gametext/Boot/English.bin	24908	24908	6944	6944	24908
gametext/Boot/English.c.new	10136	10136	10136	10136	10136
gametext/Boot/French.bin	24908	24908	6944	6944	24908
gametext/Boot/French.c.new	10512	10512	10464	10464	10512
gametext/Boot/German.bin	24908	24908	6944	6944	24908
gametext/Boot/German.c.new	10404	10404	10311	10311	10404
gametext/Boot/Italian.bin	24908	24908	6944	6944	24908
gametext/Boot/Italian.c.new	10351	10351	10164	10164	10351
gametext/Boot/Japanese.bin	24908	24908	-	-	24908
gametext/Boot/Japanese.c.new	15774	15774	-	-	15774
gametext/Boot/Spanish.bin	24908	24908	6944	6944	24908
gametext/Boot/Spanish.c.new	9888	9888	10176	10176	9888
gametext/BossDrakor/English.bin	70624	70624	25528	25528	70624
gametext/BossDrakor/French.bin	70624	70624	25528	25528	70624
gametext/BossDrakor/German.bin	70624	70624	25528	25528	70624
gametext/BossDrakor/Italian.bin	70624	70624	25528	25528	70624
gametext/BossDrakor/Japanese.bin	70624	70624	-	-	70624
gametext/BossDrakor/Spanish.bin	70624	70624	25528	25528	70624
gametext/BossGaldon/English.bin	75080	75080	25708	25708	75080
gametext/BossGaldon/French.bin	75080	75080	25708	25708	75080
gametext/BossGaldon/German.bin	75080	75080	25708	25708	75080
gametext/BossGaldon/Italian.bin	75080	75080	25708	25708	75080
gametext/BossGaldon/Japanese.bin	75080	75080	-	-	75080
gametext/BossGaldon/Spanish.bin	75080	75080	25708	25708	75080
gametext/BossTrex/English.bin	75148	75148	25708	25708	75148
gametext/BossTrex/French.bin	75148	75148	25708	25708	75148
gametext/BossTrex/German.bin	75148	75148	25708	25708	75148
gametext/BossTrex/Italian.bin	75148	75148	25708	25708	75148
gametext/BossTrex/Japanese.bin	75148	75148	-	-	75148
gametext/BossTrex/Spanish.bin	75148	75148	25708	25708	75148
gametext/CRFort/English.bin	83572	83572	27252	27252	83572
gametext/CRFort/French.bin	83572	83572	27252	27252	83572
gametext/CRFort/German.bin	83572	83572	27252	27252	83572
gametext/CRFort/Italian.bin	83572	83572	27252	27252	83572
gametext/CRFort/Japanese.bin	83572	83572	-	-	83572
gametext/CRFort/Spanish.bin	83572	83572	27252	27252	83572
gametext/CapeClaw/English.bin	90512	90512	27560	27560	90512
gametext/CapeClaw/French.bin	90512	90512	27560	27560	90512
gametext/CapeClaw/German.bin	90512	90512	27560	27560	90512
gametext/CapeClaw/Italian.bin	90512	90512	27560	27560	90512
gametext/CapeClaw/Japanese.bin	90512	90512	-	-	90512
gametext/CapeClaw/Spanish.bin	90512	90512	27560	27560	90512
gametext/CloudDungeon/English.bin	76152	76152	26420	26420	76152
gametext/CloudDungeon/French.bin	76152	76152	26420	26420	76152
gametext/CloudDungeon/German.bin	76152	76152	26420	26420	76152
gametext/CloudDungeon/Italian.bin	76152	76152	26420	26420	76152
gametext/CloudDungeon/Japanese.bin	76152	76152	-	-	76152
gametext/CloudDungeon/Spanish.bin	76152	76152	26420	26420	76152
gametext/CloudRace/English.bin	76476	76476	27096	27096	76476
gametext/CloudRace/French.bin	76476	76476	27096	27096	76476
gametext/CloudRace/German.bin	76476	76476	27096	27096	76476
gametext/CloudRace/Italian.bin	76476	76476	27096	27096	76476
gametext/CloudRace/Japanese.bin	76476	76476	-	-	76476
gametext/CloudRace/Spanish.bin	76476	76476	27096	27096	76476
gametext/Communicator/English.bin	146128	146128	34912	34912	146128
gametext/Communicator/French.bin	146128	146128	34912	34912	146128
gametext/Communicator/German.bin	146128	146128	34912	34912	146128
gametext/Communicator/Italian.bin	146128	146128	34912	34912	146128
gametext/Communicator/Japanese.bin	146128	146128	-	-	146128
gametext/Communicator/Spanish.bin	146128	146128	34912	34912	146128
gametext/DBShrine/English.bin	76076	76076	26260	26260	76076
gametext/DBShrine/French.bin	76076	76076	26260	26260	76076
gametext/DBShrine/German.bin	76076	76076	26260	26260	76076
gametext/DBShrine/Italian.bin	76076	76076	26260	26260	76076
gametext/DBShrine/Japanese.bin	76076	76076	-	-	76076
gametext/DBShrine/Spanish.bin	76076	76076	26260	26260	76076
gametext/DFPTop/English.bin	82388	82388	26380	26380	82388
gametext/DFPTop/French.bin	82388	82388	26380	26380	82388
gametext/DFPTop/German.bin	82388	82388	26380	26380	82388
gametext/DFPTop/Italian.bin	82388	82388	26380	26380	82388
gametext/DFPTop/Japanese.bin	82388	82388	-	-	82388
gametext/DFPTop/Spanish.bin	82388	82388	26380	26380	82388
gametext/DFShrine/English.bin	78040	78040	26456	26456	78040
gametext/DFShrine/French.bin	78040	78040	26456	26456	78040
gametext/DFShrine/German.bin	78040	78040	26456	26456	78040
gametext/DFShrine/Italian.bin	78040	78040	26456	26456	78040
gametext/DFShrine/Japanese.bin	78040	78040	-	-	78040
gametext/DFShrine/Spanish.bin	78040	78040	26456	26456	78040
gametext/DarkIceMines/English.bin	99448	99448	30184	30184	99448
gametext/DarkIceMines/French.bin	99448	99448	30184	30184	99448
gametext/DarkIceMines/German.bin	99448	99448	30184	30184	99448
gametext/DarkIceMines/Italian.bin	99448	99448	30184	30184	99448
gametext/DarkIceMines/Japanese.bin	99448	99448	-	-	99448
gametext/DarkIceMines/Spanish.bin	99448	99448	30184	30184	99448
gametext/DarkIceMines2/English.bin	90096	90096	25092	25092	90096
gametext/DarkIceMines2/French.bin	90096	90096	25092	25092	90096
gametext/DarkIceMines2/German.bin	90096	90096	25092	25092	90096
gametext/DarkIceMines2/Italian.bin	90096	90096	25092	25092	90096
gametext/DarkIceMines2/Japanese.bin	90096	90096	-	-	90096
gametext/DarkIceMines2/Spanish.bin	90096	90096	25092	25092	90096
gametext/Desert/English.bin	75260	75260	25916	25916	75260
gametext/Desert/French.bin	75260	75260	25916	25916	75260
gametext/Desert/German.bin	75260	75260	25916	25916	75260
gametext/Desert/Italian.bin	75260	75260	25916	25916	75260
gametext/Desert/Japanese.bin	75260	75260	-	-	75260
gametext/Desert/Spanish.bin	75260	75260	25916	25916	75260
gametext/DragRock/English.bin	82624	82624	26492	26492	82624
gametext/DragRock/French.bin	82624	82624	26492	26492	82624
gametext/DragRock/German.bin	82624	82624	26492	26492	82624
gametext/DragRock/Italian.bin	82624	82624	26492	26492	82624
gametext/DragRock/Japanese.bin	82624	82624	-	-	82624
gametext/DragRock/Spanish.bin	82624	82624	26492	26492	82624
gametext/DragRockBot/English.bin	70556	70556	25500	25500	70556
gametext/DragRockBot/French.bin	70556	70556	25500	25500	70556
gametext/DragRockBot/German.bin	70556	70556	25500	25500	70556
gametext/DragRockBot/Italian.bin	70556	70556	25500	25500	70556
gametext/DragRockBot/Japanese.bin	70556	70556	-	-	70556
gametext/DragRockBot/Spanish.bin	70556	70556	25500	25500	70556
gametext/ECShrine/English.bin	83356	83356	25552	25552	83356
gametext/ECShrine/French.bin	83356	83356	25552	25552	83356
gametext/ECShrine/German.bin	83356	83356	25552	25552	83356
gametext/ECShrine/Italian.bin	83356	83356	25552	25552	83356
gametext/ECShrine/Japanese.bin	83356	83356	-	-	83356
gametext/ECShrine/Spanish.bin	83356	83356	25552	25552	83356
gametext/FrontEnd/English.bin	222412	223072	78308	78308	222400
gametext/FrontEnd/French.bin	222412	223072	78308	78308	222400
gametext/FrontEnd/German.bin	222412	223072	78308	78308	222400
gametext/FrontEnd/Italian.bin	222412	223072	78308	78308	222400
gametext/FrontEnd/Japanese.bin	222412	223072	-	-	222400
gametext/FrontEnd/Spanish.bin	222412	223072	78308	78308	222400
gametext/GPShrine/English.bin	75620	75620	26064	26064	75620
gametext/GPShrine/French.bin	75620	75620	26064	26064	75620
gametext/GPShrine/German.bin	75620	75620	26064	26064	75620
gametext/GPShrine/Italian.bin	75620	75620	26064	26064	75620
gametext/GPShrine/Japanese.bin	75620	75620	-	-	75620
gametext/GPShrine/Spanish.bin	75620	75620	26064	26064	75620
gametext/GameMaze/English.bin	90184	90184	26900	26900	90184
gametext/GameMaze/French.bin	90184	90184	26900	26900	90184
gametext/GameMaze/German.bin	90184	90184	26900	26900	90184
gametext/GameMaze/Italian.bin	90184	90184	26900	26900	90184
gametext/GameMaze/Japanese.bin	90184	90184	-	-	90184
gametext/GameMaze/Spanish.bin	90184	90184	26900	26900	90184
gametext/IceMountain/English.bin	90084	90084	25744	25744	90084
gametext/IceMountain/French.bin	90084	90084	25744	25744	90084
gametext/IceMountain/German.bin	90084	90084	25744	25744	90084
gametext/IceMountain/Italian.bin	90084	90084	25744	25744	90084
gametext/IceMountain/Japanese.bin	90084	90084	-	-	90084
gametext/IceMountain/Spanish.bin	90084	90084	25744	25744	90084
gametext/InsideGal/English.bin	70556	70556	25500	25500	70556
gametext/InsideGal/French.bin	70556	70556	25500	25500	70556
gametext/InsideGal/German.bin	70556	70556	25500	25500	70556
gametext/InsideGal/Italian.bin	70556	70556	25500	25500	70556
gametext/InsideGal/Japanese.bin	70556	70556	-	-	70556
gametext/InsideGal/Spanish.bin	70556	70556	25500	25500	70556
gametext/LINKG/English.bin	77496	77496	24448	24448	77496
gametext/LINKG/French.bin	77496	77496	24448	24448	77496
gametext/LINKG/German.bin	77496	77496	24448	24448	77496
gametext/LINKG/Italian.bin	77496	77496	24448	24448	77496
gametext/LINKG/Japanese.bin	77496	77496	-	-	77496
gametext/LINKG/Spanish.bin	77496	77496	24448	24448	77496
gametext/LightFoot/English.bin	106044	106044	28952	28952	106044
gametext/LightFoot/French.bin	106044	106044	28952	28952	106044
gametext/LightFoot/German.bin	106044	106044	28952	28952	106044
gametext/LightFoot/Italian.bin	106044	106044	28952	28952	106044
gametext/LightFoot/Japanese.bin	106044	106044	-	-	106044
gametext/LightFoot/Spanish.bin	106044	106044	28952	28952	106044
gametext/Link/English.bin	32964	32964	13532	13532	32964
gametext/Link/French.bin	32964	32964	13532	13532	32964
gametext/Link/German.bin	32964	32964	13532	13532	32964
gametext/Link/Italian.bin	32964	32964	13532	13532	32964
gametext/Link/Japanese.bin	32964	32964	-	-	32964
gametext/Link/Spanish.bin	32964	32964	13532	13532	32964
gametext/LinkB/English.bin	88300	88300	35312	35312	88300
gametext/LinkB/French.bin	88300	88300	35312	35312	88300
gametext/LinkB/German.bin	88300	88300	35312	35312	88300
gametext/LinkB/Italian.bin	88300	88300	35312	35312	88300
gametext/LinkB/Japanese.bin	88300	88300	-	-	88300
gametext/LinkB/Spanish.bin	88300	88300	35312	35312	88300
gametext/LinkC/English.bin	71028	71028	23844	23844	71028
gametext/LinkC/French.bin	71028	71028	23844	23844	71028
gametext/LinkC/German.bin	71028	71028	23844	23844	71028
gametext/LinkC/Italian.bin	71028	71028	23844	23844	71028
gametext/LinkC/Japanese.bin	71028	71028	-	-	71028
gametext/LinkC/Spanish.bin	71028	71028	23844	23844	71028
gametext/LinkD/English.bin	70556	70556	25500	25500	70556
gametext/LinkD/French.bin	70556	70556	25500	25500	70556
gametext/LinkD/German.bin	70556	70556	25500	25500	70556
gametext/LinkD/Italian.bin	70556	70556	25500	25500	70556
gametext/LinkD/Japanese.bin	70556	70556	-	-	70556
gametext/LinkD/Spanish.bin	70556	70556	25500	25500	70556
gametext/LinkE/English.bin	70680	70680	25560	25560	70680
gametext/LinkE/French.bin	70680	70680	25560	25560	70680
gametext/LinkE/German.bin	70680	70680	25560	25560	70680
gametext/LinkE/Italian.bin	70680	70680	25560	25560	70680
gametext/LinkE/Japanese.bin	70680	70680	-	-	70680
gametext/LinkE/Spanish.bin	70680	70680	25560	25560	70680
gametext/LinkF/English.bin	75136	75136	25808	25808	75136
gametext/LinkF/French.bin	75136	75136	25808	25808	75136
gametext/LinkF/German.bin	75136	75136	25808	25808	75136
gametext/LinkF/Italian.bin	75136	75136	25808	25808	75136
gametext/LinkF/Japanese.bin	75136	75136	-	-	75136
gametext/LinkF/Spanish.bin	75136	75136	25808	25808	75136
gametext/LinkH/English.bin	70772	70772	25664	25664	70772
gametext/LinkH/French.bin	70772	70772	25664	25664	70772
gametext/LinkH/German.bin	70772	70772	25664	25664	70772
gametext/LinkH/Italian.bin	70772	70772	25664	25664	70772
gametext/LinkH/Japanese.bin	70772	70772	-	-	70772
gametext/LinkH/Spanish.bin	70772	70772	25664	25664	70772
gametext/LinkJ/English.bin	70644	70644	25564	25564	70644
gametext/LinkJ/French.bin	70644	70644	25564	25564	70644
gametext/LinkJ/German.bin	70644	70644	25564	25564	70644
gametext/LinkJ/Italian.bin	70644	70644	25564	25564	70644
gametext/LinkJ/Japanese.bin	70644	70644	-	-	70644
gametext/LinkJ/Spanish.bin	70644	70644	25564	25564	70644
gametext/MMPass/English.bin	90380	90380	26404	26404	90380
gametext/MMPass/French.bin	90380	90380	26404	26404	90380
gametext/MMPass/German.bin	90380	90380	26404	26404	90380
gametext/MMPass/Italian.bin	90380	90380	26404	26404	90380
gametext/MMPass/Japanese.bin	90380	90380	-	-	90380
gametext/MMPass/Spanish.bin	90380	90380	26404	26404	90380
gametext/MMShrine/English.bin	77392	77392	26384	26384	77392
gametext/MMShrine/French.bin	77392	77392	26384	26384	77392
gametext/MMShrine/German.bin	77392	77392	26384	26384	77392
gametext/MMShrine/Italian.bin	77392	77392	26384	26384	77392
gametext/MMShrine/Japanese.bin	77392	77392	-	-	77392
gametext/MMShrine/Spanish.bin	77392	77392	26384	26384	77392
gametext/MagicCave/English.bin	85776	85776	28364	28364	85776
gametext/MagicCave/French.bin	85776	85776	28364	28364	85776
gametext/MagicCave/German.bin	85776	85776	28364	28364	85776
gametext/MagicCave/Italian.bin	85776	85776	28364	28364	85776
gametext/MagicCave/Japanese.bin	85776	85776	-	-	85776
gametext/MagicCave/Spanish.bin	85776	85776	28364	28364	85776
gametext/NWShrine/English.bin	70880	70880	25656	25656	70880
gametext/NWShrine/French.bin	70880	70880	25656	25656	70880
gametext/NWShrine/German.bin	70880	70880	25656	25656	70880
gametext/NWShrine/Italian.bin	70880	70880	25656	25656	70880
gametext/NWShrine/Japanese.bin	70880	70880	-	-	70880
gametext/NWShrine/Spanish.bin	70880	70880	25656	25656	70880
gametext/NWastes/English.bin	128540	128540	39504	39504	128540
gametext/NWastes/French.bin	128540	128540	39504	39504	128540
gametext/NWastes/German.bin	128540	128540	39504	39504	128540
gametext/NWastes/Italian.bin	128540	128540	39504	39504	128540
gametext/NWastes/Japanese.bin	128540	128540	-	-	128540
gametext/NWastes/Spanish.bin	128540	128540	39504	39504	128540
gametext/Sequences/1014_English.bin	1080	1080	1080	1080	1080
gametext/Sequences/1014_French.bin	1160	1160	1160	1160	1160
gametext/Sequences/1014_German.bin	852	852	852	852	852
gametext/Sequences/1014_Italian.bin	1176	1176	1176	1176	1176
gametext/Sequences/1014_Japanese.bin	1916	1916	-	-	1916
gametext/Sequences/1014_Spanish.bin	1016	1016	1016	1016	1016
gametext/Sequences/10261_English.bin	892	892	892	892	892
gametext/Sequences/10261_French.bin	1040	1040	1040	1040	1040
gametext/Sequences/10261_German.bin	1552	1552	1552	1552	1552
gametext/Sequences/10261_Italian.bin	828	828	828	828	828
gametext/Sequences/10261_Japanese.bin	1188	1188	-	-	1188
gametext/Sequences/10261_Spanish.bin	1348	1348	1348	1348	1348
gametext/Sequences/1068_English.bin	996	996	996	996	996
gametext/Sequences/1068_French.bin	932	932	932	932	932
gametext/Sequences/1068_German.bin	996	996	996	996	996
gametext/Sequences/1068_Italian.bin	772	772	772	772	772
gametext/Sequences/1068_Japanese.bin	1704	1704	-	-	1704
gametext/Sequences/1068_Spanish.bin	932	932	932	932	932
gametext/Sequences/1075_English.bin	1096	1096	1096	1096	1096
gametext/Sequences/1075_French.bin	1160	1160	1160	1160	1160
gametext/Sequences/1075_German.bin	1080	1080	1080	1080	1080
gametext/Sequences/1075_Italian.bin	1240	1240	1240	1240	1240
gametext/Sequences/1075_Japanese.bin	1916	1916	-	-	1916
gametext/Sequences/1075_Spanish.bin	1016	1016	1016	1016	1016
gametext/Sequences/1142_English.bin	1960	1960	1960	1960	1960
gametext/Sequences/1142_French.bin	2068	2068	2076	2076	2068
gametext/Sequences/1142_German.bin	2116	2116	2116	2116	2116
gametext/Sequences/1142_Italian.bin	1836	1836	1916	1916	1836
gametext/Sequences/1142_Japanese.bin	100	100	-	-	100
gametext/Sequences/1142_Spanish.bin	1904	1904	1904	1904	1904
gametext/Sequences/115_English.bin	1740	1740	1740	1740	1740
gametext/Sequences/115_French.bin	1768	1768	1792	1792	1768
gametext/Sequences/115_German.bin	3092	3092	2852	2852	3092
gametext/Sequences/115_Italian.bin	1812	1812	1812	1812	1812
gametext/Sequences/115_Japanese.bin	4640	4640	-	-	4640
gametext/Sequences/115_Spanish.bin	1596	1596	1596	1596	1596
gametext/Sequences/11_English.bin	3292	3292	3292	3292	3292
gametext/Sequences/11_French.bin	3264	3264	3420	3420	3264
gametext/Sequences/11_German.bin	3240	3240	3240	3240	3240
gametext/Sequences/11_Italian.bin	3460	3460	3460	3460	3460
gametext/Sequences/11_Japanese.bin	17476	17476	-	-	17476
gametext/Sequences/11_Spanish.bin	4232	4232	4212	4212	4232
gametext/Sequences/1201_English.bin	4304	4304	4304	4304	4304
gametext/Sequences/1201_French.bin	6224	6224	6228	6228	6224
gametext/Sequences/1201_German.bin	9288	9288	5100	5100	9288
gametext/Sequences/1201_Italian.bin	4016	4016	4016	4016	4016
gametext/Sequences/1201_Japanese.bin	13084	13084	-	-	13084
gametext/Sequences/1201_Spanish.bin	4360	4360	4364	4364	4360
gametext/Sequences/12_English.bin	2368	2368	2368	2368	2368
gametext/Sequences/12_French.bin	2632	2632	2676	2676	2632
gametext/Sequences/12_German.bin	2848	2848	2848	2848	2848
gametext/Sequences/12_Italian.bin	2424	2424	2420	2420	2424
gametext/Sequences/12_Japanese.bin	13052	13052	-	-	13052
gametext/Sequences/12_Spanish.bin	2428	2428	2420	2420	2428
gametext/Sequences/146_English.bin	8132	8132	8132	8132	8132
gametext/Sequences/146_French.bin	12616	12616	8520	8520	12616
gametext/Sequences/146_German.bin	12532	12532	12532	12532	12532
gametext/Sequences/146_Italian.bin	7988	7988	7976	7976	7988
gametext/Sequences/146_Japanese.bin	38132	38132	-	-	38132
gametext/Sequences/146_Spanish.bin	12472	12472	12472	12472	12472
gametext/Sequences/14_English.bin	9160	9160	9160	9160	9160
gametext/Sequences/14_French.bin	13764	13764	13792	13792	13764
gametext/Sequences/14_German.bin	13580	13580	13564	13564	13580
gametext/Sequences/14_Italian.bin	13364	13364	13380	13380	13364
gametext/Sequences/14_Japanese.bin	39548	39548	-	-	39548
gametext/Sequences/14_Spanish.bin	13404	13404	13452	13452	13404
gametext/Sequences/166_English.bin	5252	5252	5252	5252	5252
gametext/Sequences/166_French.bin	12200	12200	12320	12320	12200
gametext/Sequences/166_German.bin	12108	12108	12120	12120	12108
gametext/Sequences/166_Italian.bin	7216	7216	7196	7196	7216
gametext/Sequences/166_Japanese.bin	25088	25088	-	-	25088
gametext/Sequences/166_Spanish.bin	7548	7548	7620	7620	7548
gametext/Sequences/167_English.bin	3512	3512	3512	3512	3512
gametext/Sequences/167_French.bin	5128	5128	5140	5140	5128
gametext/Sequences/167_German.bin	5804	5804	5804	5804	5804
gametext/Sequences/167_Italian.bin	3496	3496	3504	3504	3496
gametext/Sequences/167_Japanese.bin	13196	13196	-	-	13196
gametext/Sequences/167_Spanish.bin	3880	3880	3872	3872	3880
gametext/Sequences/16_English.bin	6804	6804	6804	6804	6804
gametext/Sequences/16_French.bin	7356	7356	7128	7128	7356
gametext/Sequences/16_German.bin	11724	11724	11724	11724	11724
gametext/Sequences/16_Italian.bin	5952	5952	5952	5952	5952
gametext/Sequences/16_Japanese.bin	20316	20316	-	-	20316
gametext/Sequences/16_Spanish.bin	7112	7112	7184	7184	7112
gametext/Sequences/170_English.bin	1752	1752	1752	1752	1752
gametext/Sequences/170_French.bin	1940	1940	1940	1940	1940
gametext/Sequences/170_German.bin	1684	1684	1696	1696	1684
gametext/Sequences/170_Italian.bin	1204	1204	1212	1212	1204
gametext/Sequences/170_Japanese.bin	4480	4480	-	-	4480
gametext/Sequences/170_Spanish.bin	1544	1544	1552	1552	1544
gametext/Sequences/171_English.bin	3832	3832	3832	3832	3832
gametext/Sequences/171_French.bin	6316	6316	6548	6548	6316
gametext/Sequences/171_German.bin	4556	4556	4580	4580	4556
gametext/Sequences/171_Italian.bin	4584	4584	4596	4596	4584
gametext/Sequences/171_Japanese.bin	20224	20224	-	-	20224
gametext/Sequences/171_Spanish.bin	6508	6508	6732	6732	6508
gametext/Sequences/173_English.bin	3032	3032	3032	3032	3032
gametext/Sequences/173_French.bin	4776	4776	4784	4784	4776
gametext/Sequences/173_German.bin	5648	5648	5684	5684	5648
gametext/Sequences/173_Italian.bin	3228	3228	3264	3264	3228
gametext/Sequences/173_Japanese.bin	19972	19972	-	-	19972
gametext/Sequences/173_Spanish.bin	4512	4512	4544	4544	4512
gametext/Sequences/174_English.bin	2396	2396	2396	2396	2396
gametext/Sequences/174_French.bin	2440	2440	2340	2340	2440
gametext/Sequences/174_German.bin	2532	2532	2556	2556	2532
gametext/Sequences/174_Italian.bin	2292	2292	2312	2312	2292
gametext/Sequences/174_Japanese.bin	6372	6372	-	-	6372
gametext/Sequences/174_Spanish.bin	2464	2464	2484	2484	2464
gametext/Sequences/175_English.bin	2648	2648	2648	2648	2648
gametext/Sequences/175_French.bin	4152	4152	3812	3812	4152
gametext/Sequences/175_German.bin	2900	2900	2924	2924	2900
gametext/Sequences/175_Italian.bin	2512	2512	2536	2536	2512
gametext/Sequences/175_Japanese.bin	13092	13092	-	-	13092
gametext/Sequences/175_Spanish.bin	2572	2572	2592	2592	2572
gametext/Sequences/177_English.bin	1860	1860	1860	1860	1860
gametext/Sequences/177_French.bin	2928	2928	2928	2928	2928
gametext/Sequences/177_German.bin	1860	1860	1868	1868	1860
gametext/Sequences/177_Italian.bin	1476	1476	1488	1488	1476
gametext/Sequences/177_Japanese.bin	5344	5344	-	-	5344
gametext/Sequences/177_Spanish.bin	2552	2552	2564	2564	2552
gametext/Sequences/178_English.bin	1560	1560	1560	1560	1560
gametext/Sequences/178_French.bin	1740	1740	1740	1740	1740
gametext/Sequences/178_German.bin	2180	2180	2188	2188	2180
gametext/Sequences/178_Italian.bin	1708	1708	1720	1720	1708
gametext/Sequences/178_Japanese.bin	4484	4484	-	-	4484
gametext/Sequences/178_Spanish.bin	1924	1924	1860	1860	1924
gametext/Sequences/179_English.bin	2560	2560	2560	2560	2560
gametext/Sequences/179_French.bin	3540	3540	3540	3540	3540
gametext/Sequences/179_German.bin	4292	4292	4292	4292	4292
gametext/Sequences/179_Italian.bin	2084	2084	2084	2084	2084
gametext/Sequences/179_Japanese.bin	6876	6876	-	-	6876
gametext/Sequences/179_Spanish.bin	3856	3856	3648	3648	3856
gametext/Sequences/17_English.bin	4300	4300	4300	4300	4300
gametext/Sequences/17_French.bin	4304	4304	4380	4380	4304
gametext/Sequences/17_German.bin	4332	4332	4332	4332	4332
gametext/Sequences/17_Italian.bin	4032	4032	4016	4016	4032
gametext/Sequences/17_Japanese.bin	19996	19996	-	-	19996
gametext/Sequences/17_Spanish.bin	5296	5296	4872	4872	5296
gametext/Sequences/184_English.bin	3732	3732	3732	3732	3732
gametext/Sequences/184_French.bin	3936	3936	3936	3936	3936
gametext/Sequences/184_German.bin	4352	4352	4352	4352	4352
gametext/Sequences/184_Italian.bin	3380	3380	3380	3380	3380
gametext/Sequences/184_Japanese.bin	6192	6192	-	-	6192
gametext/Sequences/184_Spanish.bin	3388	3388	3500	3500	3388
gametext/Sequences/185_English.bin	6052	6052	6052	6052	6052
gametext/Sequences/185_French.bin	7384	7384	7388	7388	7384
gametext/Sequences/185_German.bin	7608	7608	7608	7608	7608
gametext/Sequences/185_Italian.bin	6476	6476	6596	6596	6476
gametext/Sequences/185_Japanese.bin	25872	25872	-	-	25872
gametext/Sequences/185_Spanish.bin	7484	7484	7492	7492	7484
gametext/Sequences/19_English.bin	3060	3060	3060	3060	3060
gametext/Sequences/19_French.bin	3380	3380	3756	3756	3380
gametext/Sequences/19_German.bin	4220	4220	4220	4220	4220
gametext/Sequences/19_Italian.bin	3416	3416	3416	3416	3416
gametext/Sequences/19_Japanese.bin	13188	13188	-	-	13188
gametext/Sequences/19_Spanish.bin	3848	3848	3724	3724	3848
gametext/Sequences/20001_English.bin	2344	2344	2344	2344	2344
gametext/Sequences/20001_French.bin	2780	2780	2776	2776	2780
gametext/Sequences/20001_German.bin	2392	2392	2392	2392	2392
gametext/Sequences/20001_Italian.bin	2224	2224	2224	2224	2224
gametext/Sequences/20001_Japanese.bin	12852	12852	-	-	12852
gametext/Sequences/20001_Spanish.bin	2352	2352	2352	2352	2352
gametext/Sequences/20002_English.bin	2136	2148	2148	2148	2136
gametext/Sequences/20002_French.bin	2940	2940	2960	2960	2940
gametext/Sequences/20002_German.bin	2176	2176	2188	2188	2176
gametext/Sequences/20002_Italian.bin	1632	1632	1644	1644	1632
gametext/Sequences/20002_Japanese.bin	3872	3872	-	-	3872
gametext/Sequences/20002_Spanish.bin	2692	2692	2704	2704	2692
gametext/Sequences/20003_English.bin	1700	1712	1712	1712	1700
gametext/Sequences/20003_French.bin	1704	1704	1712	1712	1704
gametext/Sequences/20003_German.bin	1852	1852	2028	2028	1852
gametext/Sequences/20003_Italian.bin	1788	1788	1800	1800	1788
gametext/Sequences/20003_Japanese.bin	4176	4176	-	-	4176
gametext/Sequences/20003_Spanish.bin	1784	1784	1796	1796	1784
gametext/Sequences/20004_English.bin	2420	2420	2420	2420	2420
gametext/Sequences/20004_French.bin	2936	2936	2936	2936	2936
gametext/Sequences/20004_German.bin	2576	2576	2576	2576	2576
gametext/Sequences/20004_Italian.bin	2100	2100	2100	2100	2100
gametext/Sequences/20004_Japanese.bin	6072	6072	-	-	6072
gametext/Sequences/20004_Spanish.bin	3024	3024	3024	3024	3024
gametext/Sequences/20005_English.bin	812	812	812	812	812
gametext/Sequences/20005_French.bin	880	880	880	880	880
gametext/Sequences/20005_German.bin	972	972	972	972	972
gametext/Sequences/20005_Italian.bin	896	896	896	896	896
gametext/Sequences/20005_Japanese.bin	1668	1668	-	-	1668
gametext/Sequences/20005_Spanish.bin	1056	1056	1056	1056	1056
gametext/Sequences/20006_English.bin	3636	3636	3636	3636	3636
gametext/Sequences/20006_French.bin	5312	5312	5200	5200	5312
gametext/Sequences/20006_German.bin	4460	4460	4460	4460	4460
gametext/Sequences/20006_Italian.bin	3484	3484	3484	3484	3484
gametext/Sequences/20006_Japanese.bin	19720	19720	-	-	19720
gametext/Sequences/20006_Spanish.bin	3472	3472	3392	3392	3472
gametext/Sequences/20007_English.bin	2060	2060	2060	2060	2060
gametext/Sequences/20007_French.bin	2144	2144	2140	2140	2144
gametext/Sequences/20007_German.bin	2236	2236	2236	2236	2236
gametext/Sequences/20007_Italian.bin	2000	2000	2000	2000	2000
gametext/Sequences/20007_Japanese.bin	6460	6460	-	-	6460
gametext/Sequences/20007_Spanish.bin	2000	2000	2000	2000	2000
gametext/Sequences/20008_English.bin	2032	2032	2032	2032	2032
gametext/Sequences/20008_French.bin	1904	1904	1904	1904	1904
gametext/Sequences/20008_German.bin	1884	1884	1884	1884	1884
gametext/Sequences/20008_Italian.bin	1824	1824	1824	1824	1824
gametext/Sequences/20008_Japanese.bin	5828	4996	-	-	4996
gametext/Sequences/20008_Spanish.bin	2120	2120	2120	2120	2120
gametext/Sequences/20009_English.bin	1808	1808	1808	1808	1808
gametext/Sequences/20009_French.bin	1948	1948	1944	1944	1948
gametext/Sequences/20009_German.bin	3248	3248	3252	3252	3248
gametext/Sequences/20009_Italian.bin	1808	1808	1808	1808	1808
gametext/Sequences/20009_Japanese.bin	6040	6040	-	-	6040
gametext/Sequences/20009_Spanish.bin	2044	2044	2044	2044	2044
gametext/Sequences/20010_English.bin	3436	3460	3460	3460	3436
gametext/Sequences/20010_French.bin	5288	5288	5316	5316	5288
gametext/Sequences/20010_German.bin	3920	3920	3948	3948	3920
gametext/Sequences/20010_Italian.bin	3464	3464	3484	3484	3464
gametext/Sequences/20010_Japanese.bin	13312	13312	-	-	13312
gametext/Sequences/20010_Spanish.bin	3544	3544	3564	3564	3544
gametext/Sequences/20011_English.bin	5680	5680	5680	5680	5680
gametext/Sequences/20011_French.bin	5224	5224	5428	5428	5224
gametext/Sequences/20011_German.bin	6744	6744	6744	6744	6744
gametext/Sequences/20011_Italian.bin	4732	4732	4736	4736	4732
gametext/Sequences/20011_Japanese.bin	13252	13252	-	-	13252
gametext/Sequences/20011_Spanish.bin	5372	5372	5588	5588	5372
gametext/Sequences/20012_English.bin	2168	2168	2168	2168	2168
gametext/Sequences/20012_French.bin	2260	2260	2260	2260	2260
gametext/Sequences/20012_German.bin	2616	2616	2616	2616	2616
gametext/Sequences/20012_Italian.bin	1852	1852	1852	1852	1852
gametext/Sequences/20012_Japanese.bin	5680	5680	-	-	5680
gametext/Sequences/20012_Spanish.bin	2400	2400	2400	2400	2400
gametext/Sequences/20013_English.bin	3452	3452	3452	3452	3452
gametext/Sequences/20013_French.bin	5240	5240	5232	5232	5240
gametext/Sequences/20013_German.bin	5744	5744	5744	5744	5744
gametext/Sequences/20013_Italian.bin	3472	3472	3480	3480	3472
gametext/Sequences/20013_Japanese.bin	19412	19412	-	-	19412
gametext/Sequences/20013_Spanish.bin	4748	4748	4748	4748	4748
gametext/Sequences/20014_English.bin	5820	5820	5820	5820	5820
gametext/Sequences/20014_French.bin	5916	5916	6348	6348	5916
gametext/Sequences/20014_German.bin	6504	6504	6504	6504	6504
gametext/Sequences/20014_Italian.bin	6164	6164	6168	6168	6164
gametext/Sequences/20014_Japanese.bin	18132	18132	-	-	18132
gametext/Sequences/20014_Spanish.bin	5852	5852	5744	5744	5852
gametext/Sequences/20015_English.bin	2368	2392	2392	2392	2368
gametext/Sequences/20015_French.bin	2828	2828	2852	2852	2828
gametext/Sequences/20015_German.bin	3136	3136	3156	3156	3136
gametext/Sequences/20015_Italian.bin	2256	2256	2280	2280	2256
gametext/Sequences/20015_Japanese.bin	3028	3028	-	-	3028
gametext/Sequences/20015_Spanish.bin	2352	2352	2376	2376	2352
gametext/Sequences/20016_English.bin	4252	4284	4284	4284	4252
gametext/Sequences/20016_French.bin	4596	4596	4628	4628	4596
gametext/Sequences/20016_German.bin	4296	4296	4328	4328	4296
gametext/Sequences/20016_Italian.bin	3256	3256	3292	3292	3256
gametext/Sequences/20016_Japanese.bin	5784	5784	-	-	5784
gametext/Sequences/20016_Spanish.bin	4248	4248	4284	4284	4248
gametext/Sequences/20017_English.bin	3588	3612	3612	3612	3588
gametext/Sequences/20017_French.bin	4156	4156	4188	4188	4156
gametext/Sequences/20017_German.bin	3512	3512	3660	3660	3512
gametext/Sequences/20017_Italian.bin	3840	3840	3864	3864	3840
gametext/Sequences/20017_Japanese.bin	5232	5232	-	-	5232
gametext/Sequences/20017_Spanish.bin	3940	3940	3964	3964	3940
gametext/Sequences/20018_English.bin	2016	2016	2016	2016	2016
gametext/Sequences/20018_French.bin	2232	2232	2252	2252	2232
gametext/Sequences/20018_German.bin	2036	2036	1936	1936	2036
gametext/Sequences/20018_Italian.bin	1796	1796	1796	1796	1796
gametext/Sequences/20018_Japanese.bin	2320	2320	-	-	2320
gametext/Sequences/20018_Spanish.bin	2136	2136	2136	2136	2136
gametext/Sequences/20020_English.bin	3592	3592	3592	3592	3592
gametext/Sequences/20020_French.bin	5208	5208	5104	5104	5208
gametext/Sequences/20020_German.bin	5408	5408	5408	5408	5408
gametext/Sequences/20020_Italian.bin	4352	4352	4352	4352	4352
gametext/Sequences/20020_Japanese.bin	13412	13412	-	-	13412
gametext/Sequences/20020_Spanish.bin	3744	3744	3748	3748	3744
gametext/Sequences/20021_English.bin	2892	2892	2892	2892	2892
gametext/Sequences/20021_French.bin	4120	4120	4020	4020	4120
gametext/Sequences/20021_German.bin	3244	3244	3244	3244	3244
gametext/Sequences/20021_Italian.bin	3864	3864	3864	3864	3864
gametext/Sequences/20021_Japanese.bin	12700	12700	-	-	12700
gametext/Sequences/20021_Spanish.bin	2908	2908	2832	2832	2908
gametext/Sequences/20022_English.bin	3540	3540	3540	3540	3540
gametext/Sequences/20022_French.bin	3108	3108	3192	3192	3108
gametext/Sequences/20022_German.bin	3492	3492	3492	3492	3492
gametext/Sequences/20022_Italian.bin	3128	3128	3120	3120	3128
gametext/Sequences/20022_Japanese.bin	13128	13128	-	-	13128
gametext/Sequences/20022_Spanish.bin	3592	3592	3580	3580	3592
gametext/Sequences/20023_English.bin	4916	4916	4916	4916	4916
gametext/Sequences/20023_French.bin	5528	5528	7468	7468	5528
gametext/Sequences/20023_German.bin	5208	5208	5116	5116	5208
gametext/Sequences/20023_Italian.bin	7204	7204	5472	5472	7204
gametext/Sequences/20023_Japanese.bin	24780	24780	-	-	24780
gametext/Sequences/20023_Spanish.bin	7244	7244	7244	7244	7244
gametext/Sequences/20024_English.bin	2184	2184	2184	2184	2184
gametext/Sequences/20024_French.bin	3520	3520	3176	3176	3520
gametext/Sequences/20024_German.bin	2336	2336	2336	2336	2336
gametext/Sequences/20024_Italian.bin	2960	2960	2960	2960	2960
gametext/Sequences/20024_Japanese.bin	5196	5196	-	-	5196
gametext/Sequences/20024_Spanish.bin	2664	2664	2424	2424	2664
gametext/Sequences/20029_English.bin	1640	1652	1652	1652	1640
gametext/Sequences/20029_French.bin	2272	2272	2536	2536	2272
gametext/Sequences/20029_German.bin	2164	2164	2172	2172	2164
gametext/Sequences/20029_Italian.bin	2456	2456	2468	2468	2456
gametext/Sequences/20029_Japanese.bin	5752	5752	-	-	5752
gametext/Sequences/20029_Spanish.bin	1932	1932	1944	1944	1932
gametext/Sequences/20032_English.bin	2928	2928	2928	2928	2928
gametext/Sequences/20032_French.bin	3524	3524	3584	3584	3524
gametext/Sequences/20032_German.bin	3868	3868	3868	3868	3868
gametext/Sequences/20032_Italian.bin	2860	2860	2780	2780	2860
gametext/Sequences/20032_Japanese.bin	13320	13320	-	-	13320
gametext/Sequences/20032_Spanish.bin	3916	3916	3920	3920	3916
gametext/Sequences/20033_English.bin	3000	3000	3000	3000	3000
gametext/Sequences/20033_French.bin	4680	4680	4476	4476	4680
gametext/Sequences/20033_German.bin	3464	3464	3464	3464	3464
gametext/Sequences/20033_Italian.bin	3048	3048	3048	3048	3048
gametext/Sequences/20033_Japanese.bin	13052	13052	-	-	13052
gametext/Sequences/20033_Spanish.bin	3768	3768	3964	3964	3768
gametext/Sequences/20034_English.bin	3084	3084	3084	3084	3084
gametext/Sequences/20034_French.bin	2712	2712	3036	3036	2712
gametext/Sequences/20034_German.bin	3308	3308	3308	3308	3308
gametext/Sequences/20034_Italian.bin	2884	2884	2880	2880	2884
gametext/Sequences/20034_Japanese.bin	13012	13012	-	-	13012
gametext/Sequences/20034_Spanish.bin	2836	2836	2688	2688	2836
gametext/Sequences/20035_English.bin	1320	1320	1320	1320	1320
gametext/Sequences/20035_French.bin	1008	1008	1240	1240	1008
gametext/Sequences/20035_German.bin	1236	1236	1236	1236	1236
gametext/Sequences/20035_Italian.bin	1328	1328	1328	1328	1328
gametext/Sequences/20035_Japanese.bin	4292	4292	-	-	4292
gametext/Sequences/20035_Spanish.bin	1544	1544	1008	1008	1544
gametext/Sequences/20036_English.bin	2916	2916	2916	2916	2916
gametext/Sequences/20036_French.bin	2716	2716	2880	2880	2716
gametext/Sequences/20036_German.bin	3004	3004	3004	3004	3004
gametext/Sequences/20036_Italian.bin	3064	3064	3064	3064	3064
gametext/Sequences/20036_Japanese.bin	5992	5992	-	-	5992
gametext/Sequences/20036_Spanish.bin	4732	4732	4732	4732	4732
gametext/Sequences/20037_English.bin	1152	1152	1152	1152	1152
gametext/Sequences/20037_French.bin	-	-	1404	1404	-
gametext/Sequences/20037_German.bin	-	-	1476	1476	-
gametext/Sequences/20037_Italian.bin	-	-	1400	1400	-
gametext/Sequences/20037_Japanese.bin	2408	2408	-	-	2408
gametext/Sequences/20037_Spanish.bin	-	-	2008	2008	-
gametext/Sequences/20038_English.bin	1968	1968	1968	1968	1968
gametext/Sequences/20038_French.bin	-	-	2188	2188	-
gametext/Sequences/20038_German.bin	-	-	2420	2420	-
gametext/Sequences/20038_Italian.bin	-	-	1868	1868	-
gametext/Sequences/20038_Japanese.bin	4584	4584	-	-	4584
gametext/Sequences/20038_Spanish.bin	-	-	2160	2160	-
gametext/Sequences/20100_English.bin	5932	5932	5932	5932	5932
gametext/Sequences/20100_French.bin	5880	5880	6076	6076	5880
gametext/Sequences/20100_German.bin	6384	6384	6380	6380	6384
gametext/Sequences/20100_Italian.bin	4772	4772	4768	4768	4772
gametext/Sequences/20100_Japanese.bin	19932	19932	-	-	19932
gametext/Sequences/20100_Spanish.bin	5516	5516	5516	5516	5516
gametext/Sequences/20105_English.bin	2740	2740	2740	2740	2740
gametext/Sequences/20105_French.bin	4412	4412	4400	4400	4412
gametext/Sequences/20105_German.bin	3532	3532	3532	3532	3532
gametext/Sequences/20105_Italian.bin	3012	3012	3024	3024	3012
gametext/Sequences/20105_Japanese.bin	13200	13200	-	-	13200
gametext/Sequences/20105_Spanish.bin	3200	3200	3136	3136	3200
gametext/Sequences/20107_English.bin	5392	5392	5392	5392	5392
gametext/Sequences/20107_French.bin	7400	7400	7284	7284	7400
gametext/Sequences/20107_German.bin	12148	12148	11972	11972	12148
gametext/Sequences/20107_Italian.bin	5064	5064	5056	5056	5064
gametext/Sequences/20107_Japanese.bin	25176	25176	-	-	25176
gametext/Sequences/20107_Spanish.bin	7856	7856	7648	7648	7856
gametext/Sequences/20108_English.bin	3060	3060	3060	3060	3060
gametext/Sequences/20108_French.bin	3164	3164	3160	3160	3164
gametext/Sequences/20108_German.bin	3396	3396	3312	3312	3396
gametext/Sequences/20108_Italian.bin	3120	3120	3120	3120	3120
gametext/Sequences/20108_Japanese.bin	13248	13248	-	-	13248
gametext/Sequences/20108_Spanish.bin	2960	2960	3108	3108	2960
gametext/Sequences/20139_English.bin	5624	5624	5624	5624	5624
gametext/Sequences/20139_French.bin	5424	5424	5416	5416	5424
gametext/Sequences/20139_German.bin	6068	6068	6180	6180	6068
gametext/Sequences/20139_Italian.bin	4208	4208	4208	4208	4208
gametext/Sequences/20139_Japanese.bin	14612	14612	-	-	14612
gametext/Sequences/20139_Spanish.bin	5912	5912	5912	5912	5912
gametext/Sequences/20140_English.bin	1840	1840	1840	1840	1840
gametext/Sequences/20140_French.bin	1908	1908	1908	1908	1908
gametext/Sequences/20140_German.bin	2232	2232	2232	2232	2232
gametext/Sequences/20140_Italian.bin	1920	1920	1836	1836	1920
gametext/Sequences/20140_Japanese.bin	3760	3760	-	-	3760
gametext/Sequences/20140_Spanish.bin	1844	1844	1844	1844	1844
gametext/Sequences/20150_English.bin	4840	4840	4840	4840	4840
gametext/Sequences/20150_French.bin	6956	6956	7200	7200	6956
gametext/Sequences/20150_German.bin	7640	7640	7640	7640	7640
gametext/Sequences/20150_Italian.bin	4608	4608	4612	4612	4608
gametext/Sequences/20150_Japanese.bin	25296	25296	-	-	25296
gametext/Sequences/20150_Spanish.bin	6944	6944	6716	6716	6944
gametext/Sequences/20201_English.bin	1304	1304	1304	1304	1304
gametext/Sequences/20201_French.bin	1932	1932	1928	1928	1932
gametext/Sequences/20201_German.bin	1204	1204	1204	1204	1204
gametext/Sequences/20201_Italian.bin	1220	1220	1220	1220	1220
gametext/Sequences/20201_Japanese.bin	2820	2820	-	-	2820
gametext/Sequences/20201_Spanish.bin	1396	1396	1396	1396	1396
gametext/Sequences/20202_English.bin	1832	1832	1832	1832	1832
gametext/Sequences/20202_French.bin	1792	1792	1788	1788	1792
gametext/Sequences/20202_German.bin	2668	2668	2668	2668	2668
gametext/Sequences/20202_Italian.bin	1768	1768	1768	1768	1768
gametext/Sequences/20202_Japanese.bin	4068	4068	-	-	4068
gametext/Sequences/20202_Spanish.bin	1860	1860	1860	1860	1860
gametext/Sequences/20203_English.bin	4612	4612	4612	4612	4612
gametext/Sequences/20203_French.bin	6436	6436	6424	6424	6436
gametext/Sequences/20203_German.bin	7392	7392	7088	7088	7392
gametext/Sequences/20203_Italian.bin	4388	4388	4388	4388	4388
gametext/Sequences/20203_Japanese.bin	20436	20436	-	-	20436
gametext/Sequences/20203_Spanish.bin	5760	5760	5760	5760	5760
gametext/Sequences/20210_English.bin	4828	4828	4828	4828	4828
gametext/Sequences/20210_French.bin	7088	7088	7096	7096	7088
gametext/Sequences/20210_German.bin	7572	7572	7572	7572	7572
gametext/Sequences/20210_Italian.bin	5008	5008	4788	4788	5008
gametext/Sequences/20210_Japanese.bin	24836	24836	-	-	24836
gametext/Sequences/20210_Spanish.bin	4868	4868	4856	4856	4868
gametext/Sequences/20213_English.bin	7636	7636	7636	7636	7636
gametext/Sequences/20213_French.bin	8064	8064	8072	8072	8064
gametext/Sequences/20213_German.bin	12224	12224	12224	12224	12224
gametext/Sequences/20213_Italian.bin	7900	7900	7684	7684	7900
gametext/Sequences/20213_Japanese.bin	31940	31940	-	-	31940
gametext/Sequences/20213_Spanish.bin	8008	8008	7776	7776	8008
gametext/Sequences/20234_English.bin	6320	6320	6320	6320	6320
gametext/Sequences/20234_French.bin	7196	7196	7192	7192	7196
gametext/Sequences/20234_German.bin	7148	7148	6716	6716	7148
gametext/Sequences/20234_Italian.bin	6408	6408	6404	6404	6408
gametext/Sequences/20234_Japanese.bin	20440	20440	-	-	20440
gametext/Sequences/20234_Spanish.bin	7292	7292	7292	7292	7292
gametext/Sequences/20277_English.bin	1764	1764	1764	1764	1764
gametext/Sequences/20277_French.bin	2364	2364	2444	2444	2364
gametext/Sequences/20277_German.bin	1648	1648	1648	1648	1648
gametext/Sequences/20277_Italian.bin	1700	1700	1700	1700	1700
gametext/Sequences/20277_Japanese.bin	3348	3348	-	-	3348
gametext/Sequences/20277_Spanish.bin	1740	1740	1724	1724	1740
gametext/Sequences/20280_English.bin	2076	2076	2076	2076	2076
gametext/Sequences/20280_French.bin	2080	2080	2080	2080	2080
gametext/Sequences/20280_German.bin	2168	2168	2088	2088	2168
gametext/Sequences/20280_Italian.bin	1912	1912	1912	1912	1912
gametext/Sequences/20280_Japanese.bin	5336	5336	-	-	5336
gametext/Sequences/20280_Spanish.bin	2792	2792	2792	2792	2792
gametext/Sequences/20286_English.bin	6004	6004	6004	6004	6004
gametext/Sequences/20286_French.bin	8712	8712	8296	8296	8712
gametext/Sequences/20286_German.bin	12828	12828	12844	12844	12828
gametext/Sequences/20286_Italian.bin	8180	8180	8180	8180	8180
gametext/Sequences/20286_Japanese.bin	38704	38708	-	-	38708
gametext/Sequences/20286_Spanish.bin	10680	10680	12648	12648	10680
gametext/Sequences/202_English.bin	4948	4948	4948	4948	4948
gametext/Sequences/202_French.bin	11992	11992	12140	12140	11992
gametext/Sequences/202_German.bin	5812	5812	5812	5812	5812
gametext/Sequences/202_Italian.bin	5840	5840	5840	5840	5840
gametext/Sequences/202_Japanese.bin	24748	24748	-	-	24748
gametext/Sequences/202_Spanish.bin	11928	11928	12000	12000	11928
gametext/Sequences/203_English.bin	3860	3860	3860	3860	3860
gametext/Sequences/203_French.bin	4232	4232	4376	4376	4232
gametext/Sequences/203_German.bin	4372	4372	4444	4444	4372
gametext/Sequences/203_Italian.bin	3520	3520	3500	3500	3520
gametext/Sequences/203_Japanese.bin	19924	19924	-	-	19924
gametext/Sequences/203_Spanish.bin	6164	6164	6092	6092	6164
gametext/Sequences/20506_English.bin	8184	8184	8184	8184	8184
gametext/Sequences/20506_French.bin	14632	14632	14776	14776	14632
gametext/Sequences/20506_German.bin	14780	14780	14780	14780	14780
gametext/Sequences/20506_Italian.bin	8140	8140	8136	8136	8140
gametext/Sequences/20506_Japanese.bin	40540	40540	-	-	40540
gametext/Sequences/20506_Spanish.bin	14732	14732	14732	14732	14732
gametext/Sequences/20508_English.bin	7628	7628	7628	7628	7628
gametext/Sequences/20508_French.bin	12204	12204	12348	12348	12204
gametext/Sequences/20508_German.bin	12336	12336	12336	12336	12336
gametext/Sequences/20508_Italian.bin	8004	8004	8004	8004	8004
gametext/Sequences/20508_Japanese.bin	32048	32048	-	-	32048
gametext/Sequences/20508_Spanish.bin	12132	12132	12116	12116	12132
gametext/Sequences/20600_English.bin	5956	5956	5956	5956	5956
gametext/Sequences/20600_French.bin	6700	6700	5832	5832	6700
gametext/Sequences/20600_German.bin	6356	6356	6384	6384	6356
gametext/Sequences/20600_Italian.bin	5016	5016	4972	4972	5016
gametext/Sequences/20600_Japanese.bin	19836	19836	-	-	19836
gametext/Sequences/20600_Spanish.bin	5464	5464	5508	5508	5464
gametext/Sequences/20635_English.bin	3344	3344	3344	3344	3344
gametext/Sequences/20635_French.bin	6040	6040	6036	6036	6040
gametext/Sequences/20635_German.bin	4504	4504	4484	4484	4504
gametext/Sequences/20635_Italian.bin	4008	4008	4008	4008	4008
gametext/Sequences/20635_Japanese.bin	13384	13384	-	-	13384
gametext/Sequences/20635_Spanish.bin	5920	5920	5920	5920	5920
gametext/Sequences/20661_English.bin	6292	6292	6292	6292	6292
gametext/Sequences/20661_French.bin	7884	7884	7684	7684	7884
gametext/Sequences/20661_German.bin	7888	7888	7884	7884	7888
gametext/Sequences/20661_Italian.bin	6916	6916	6900	6900	6916
gametext/Sequences/20661_Japanese.bin	31476	31476	-	-	31476
gametext/Sequences/20661_Spanish.bin	7112	7112	7108	7108	7112
gametext/Sequences/20695_English.bin	1888	1888	1888	1888	1888
gametext/Sequences/20695_French.bin	3476	3476	3476	3476	3476
gametext/Sequences/20695_German.bin	2108	2108	2108	2108	2108
gametext/Sequences/20695_Italian.bin	1872	1872	1872	1872	1872
gametext/Sequences/20695_Japanese.bin	3044	3044	-	-	3044
gametext/Sequences/20695_Spanish.bin	1936	1936	1784	1784	1936
gametext/Sequences/20696_English.bin	1164	1164	1164	1164	1164
gametext/Sequences/20696_French.bin	1308	1308	1320	1320	1308
gametext/Sequences/20696_German.bin	888	888	888	888	888
gametext/Sequences/20696_Italian.bin	1068	1068	1068	1068	1068
gametext/Sequences/20696_Japanese.bin	168	168	-	-	168
gametext/Sequences/20696_Spanish.bin	1236	1236	1236	1236	1236
gametext/Sequences/20700_English.bin	4652	4652	4652	4652	4652
gametext/Sequences/20700_French.bin	7556	7556	7552	7552	7556
gametext/Sequences/20700_German.bin	12208	12208	12208	12208	12208
gametext/Sequences/20700_Italian.bin	4924	4924	4944	4944	4924
gametext/Sequences/20700_Japanese.bin	25160	25196	-	-	25196
gametext/Sequences/20700_Spanish.bin	6636	6636	6748	6748	6636
gametext/Sequences/20863_English.bin	10712	10712	10712	10712	10712
gametext/Sequences/20863_French.bin	15016	15016	14884	14884	15016
gametext/Sequences/20863_German.bin	14956	14956	15132	15132	14956
gametext/Sequences/20863_Italian.bin	8480	8480	8484	8484	8480
gametext/Sequences/20863_Japanese.bin	34488	34488	-	-	34488
gametext/Sequences/20863_Spanish.bin	14852	14852	14852	14852	14852
gametext/Sequences/21151_English.bin	3564	3564	3564	3564	3564
gametext/Sequences/21151_French.bin	6600	6600	6592	6592	6600
gametext/Sequences/21151_German.bin	5112	5112	5112	5112	5112
gametext/Sequences/21151_Italian.bin	3784	3784	3780	3780	3784
gametext/Sequences/21151_Japanese.bin	24744	24744	-	-	24744
gametext/Sequences/21151_Spanish.bin	5752	5752	5760	5760	5752
gametext/Sequences/21170_English.bin	2692	2692	2692	2692	2692
gametext/Sequences/21170_French.bin	3188	3188	3044	3044	3188
gametext/Sequences/21170_German.bin	3532	3532	3532	3532	3532
gametext/Sequences/21170_Italian.bin	2572	2572	2572	2572	2572
gametext/Sequences/21170_Japanese.bin	13456	13456	-	-	13456
gametext/Sequences/21170_Spanish.bin	3016	3016	3016	3016	3016
gametext/Sequences/21181_English.bin	8336	8336	8336	8336	8336
gametext/Sequences/21181_French.bin	13400	13400	13380	13380	13400
gametext/Sequences/21181_German.bin	13272	13272	13272	13272	13272
gametext/Sequences/21181_Italian.bin	10956	10956	10948	10948	10956
gametext/Sequences/21181_Japanese.bin	39080	39080	-	-	39080
gametext/Sequences/21181_Spanish.bin	13028	13028	12976	12976	13028
gametext/Sequences/21352_English.bin	1752	1752	1752	1752	1752
gametext/Sequences/21352_French.bin	1692	1692	1704	1704	1692
gametext/Sequences/21352_German.bin	1972	1972	1984	1984	1972
gametext/Sequences/21352_Italian.bin	1664	1664	1664	1664	1664
gametext/Sequences/21352_Japanese.bin	4456	4456	-	-	4456
gametext/Sequences/21352_Spanish.bin	1216	1216	1216	1216	1216
gametext/Sequences/21_English.bin	5288	5288	5288	5288	5288
gametext/Sequences/21_French.bin	6192	6192	6068	6068	6192
gametext/Sequences/21_German.bin	6216	6216	6212	6212	6216
gametext/Sequences/21_Italian.bin	5140	5140	5140	5140	5140
gametext/Sequences/21_Japanese.bin	13544	13544	-	-	13544
gametext/Sequences/21_Spanish.bin	5612	5612	5632	5632	5612
gametext/Sequences/22_English.bin	3960	3960	3960	3960	3960
gametext/Sequences/22_French.bin	3828	3828	4048	4048	3828
gametext/Sequences/22_German.bin	4188	4188	4188	4188	4188
gametext/Sequences/22_Italian.bin	3844	3844	3832	3832	3844
gametext/Sequences/22_Japanese.bin	17680	17680	-	-	17680
gametext/Sequences/22_Spanish.bin	3568	3568	3580	3580	3568
gametext/Sequences/230_English.bin	7272	7272	7272	7272	7272
gametext/Sequences/230_French.bin	8100	8100	8092	8092	8100
gametext/Sequences/230_German.bin	12284	12284	12208	12208	12284
gametext/Sequences/230_Italian.bin	6416	6416	6408	6408	6416
gametext/Sequences/230_Japanese.bin	24812	24812	-	-	24812
gametext/Sequences/230_Spanish.bin	12024	12024	12136	12136	12024
gametext/Sequences/240_English.bin	4276	4276	4276	4276	4276
gametext/Sequences/240_French.bin	5848	5848	6096	6096	5848
gametext/Sequences/240_German.bin	4588	4588	4580	4580	4588
gametext/Sequences/240_Italian.bin	4068	4068	4152	4152	4068
gametext/Sequences/240_Japanese.bin	20252	20252	-	-	20252
gametext/Sequences/240_Spanish.bin	4528	4528	4584	4584	4528
gametext/Sequences/49_English.bin	1660	1660	1660	1660	1660
gametext/Sequences/49_French.bin	1836	1836	2288	2288	1836
gametext/Sequences/49_German.bin	1668	1668	1668	1668	1668
gametext/Sequences/49_Italian.bin	1840	1840	1844	1844	1840
gametext/Sequences/49_Japanese.bin	4228	4228	-	-	4228
gametext/Sequences/49_Spanish.bin	1908	1908	1820	1820	1908
gametext/Sequences/4_English.bin	988	988	988	988	988
gametext/Sequences/4_French.bin	992	992	992	992	992
gametext/Sequences/4_German.bin	1200	1200	1200	1200	1200
gametext/Sequences/4_Italian.bin	912	912	912	912	912
gametext/Sequences/4_Japanese.bin	648	648	-	-	648
gametext/Sequences/4_Spanish.bin	1136	1136	1136	1136	1136
gametext/Sequences/504_English.bin	3024	3024	3024	3024	3024
gametext/Sequences/504_French.bin	4712	4712	4504	4504	4712
gametext/Sequences/504_German.bin	4592	4592	4584	4584	4592
gametext/Sequences/504_Italian.bin	2500	2500	2500	2500	2500
gametext/Sequences/504_Japanese.bin	13380	13380	-	-	13380
gametext/Sequences/504_Spanish.bin	3204	3204	3232	3232	3204
gametext/Sequences/510_English.bin	3960	3960	3960	3960	3960
gametext/Sequences/510_French.bin	5936	5936	5632	5632	5936
gametext/Sequences/510_German.bin	4656	4656	4656	4656	4656
gametext/Sequences/510_Italian.bin	3724	3724	3988	3988	3724
gametext/Sequences/510_Japanese.bin	20180	20180	-	-	20180
gametext/Sequences/510_Spanish.bin	5600	5600	5800	5800	5600
gametext/Sequences/515_English.bin	4840	4840	4840	4840	4840
gametext/Sequences/515_French.bin	6668	6668	7080	7080	6668
gametext/Sequences/515_German.bin	5212	5212	5212	5212	5212
gametext/Sequences/515_Italian.bin	4952	4952	4948	4948	4952
gametext/Sequences/515_Japanese.bin	24368	24368	-	-	24368
gametext/Sequences/515_Spanish.bin	5236	5236	5420	5420	5236
gametext/Sequences/517_English.bin	7108	7108	7108	7108	7108
gametext/Sequences/517_French.bin	7060	7060	7056	7056	7060
gametext/Sequences/517_German.bin	11900	11900	12080	12080	11900
gametext/Sequences/517_Italian.bin	7148	7148	7252	7252	7148
gametext/Sequences/517_Japanese.bin	24464	24464	-	-	24464
gametext/Sequences/517_Spanish.bin	7284	7284	7268	7268	7284
gametext/Sequences/522_English.bin	3804	3804	3804	3804	3804
gametext/Sequences/522_French.bin	5136	5136	5140	5140	5136
gametext/Sequences/522_German.bin	4380	4380	4380	4380	4380
gametext/Sequences/522_Italian.bin	3500	3500	3500	3500	3500
gametext/Sequences/522_Japanese.bin	20000	20000	-	-	20000
gametext/Sequences/522_Spanish.bin	5508	5508	5516	5516	5508
gametext/Sequences/523_English.bin	6892	6900	6900	6900	6892
gametext/Sequences/523_French.bin	7144	7144	7292	7292	7144
gametext/Sequences/523_German.bin	11948	11948	11972	11972	11948
gametext/Sequences/523_Italian.bin	6968	6968	6968	6968	6968
gametext/Sequences/523_Japanese.bin	24784	24784	-	-	24784
gametext/Sequences/523_Spanish.bin	6736	6736	6792	6792	6736
gametext/Sequences/55_English.bin	3228	3228	3228	3228	3228
gametext/Sequences/55_French.bin	4068	4068	4064	4064	4068
gametext/Sequences/55_German.bin	3248	3248	3248	3248	3248
gametext/Sequences/55_Italian.bin	3260	3260	3256	3256	3260
gametext/Sequences/55_Japanese.bin	13440	13440	-	-	13440
gametext/Sequences/55_Spanish.bin	3848	3848	3236	3236	3848
gametext/Sequences/56_English.bin	2108	2108	2108	2108	2108
gametext/Sequences/56_French.bin	3016	3016	3032	3032	3016
gametext/Sequences/56_German.bin	2816	2816	2596	2596	2816
gametext/Sequences/56_Italian.bin	2124	2124	2116	2116	2124
gametext/Sequences/56_Japanese.bin	12544	12544	-	-	12544
gametext/Sequences/56_Spanish.bin	2192	2192	2192	2192	2192
gametext/Sequences/60_English.bin	2344	2344	2344	2344	2344
gametext/Sequences/60_French.bin	2016	2016	2028	2028	2016
gametext/Sequences/60_German.bin	2796	2796	2808	2808	2796
gametext/Sequences/60_Italian.bin	2340	2340	2340	2340	2340
gametext/Sequences/60_Japanese.bin	3860	3860	-	-	3860
gametext/Sequences/60_Spanish.bin	2664	2664	2340	2340	2664
gametext/Sequences/613_English.bin	2556	2556	2556	2556	2556
gametext/Sequences/613_French.bin	2336	2336	2332	2332	2336
gametext/Sequences/613_German.bin	2828	2828	2848	2848	2828
gametext/Sequences/613_Italian.bin	2416	2416	2392	2392	2416
gametext/Sequences/613_Japanese.bin	12808	12808	-	-	12808
gametext/Sequences/613_Spanish.bin	2976	2976	2976	2976	2976
gametext/Sequences/61_English.bin	2340	2340	2340	2340	2340
gametext/Sequences/61_French.bin	2120	2120	2116	2116	2120
gametext/Sequences/61_German.bin	2348	2348	2348	2348	2348
gametext/Sequences/61_Italian.bin	2044	2044	2040	2040	2044
gametext/Sequences/61_Japanese.bin	12960	12960	-	-	12960
gametext/Sequences/61_Spanish.bin	3216	3216	2456	2456	3216
gametext/Sequences/63_English.bin	4560	4560	4560	4560	4560
gametext/Sequences/63_French.bin	6284	6284	6516	6516	6284
gametext/Sequences/63_German.bin	5324	5324	5324	5324	5324
gametext/Sequences/63_Italian.bin	4648	4648	4508	4508	4648
gametext/Sequences/63_Japanese.bin	24764	24764	-	-	24764
gametext/Sequences/63_Spanish.bin	4344	4344	4408	4408	4344
gametext/Sequences/648_English.bin	4008	4008	4008	4008	4008
gametext/Sequences/648_French.bin	3944	3944	4320	4320	3944
gametext/Sequences/648_German.bin	4616	4616	4616	4616	4616
gametext/Sequences/648_Italian.bin	4108	4108	4240	4240	4108
gametext/Sequences/648_Japanese.bin	19688	19688	-	-	19688
gametext/Sequences/648_Spanish.bin	4628	4628	4396	4396	4628
gametext/Sequences/649_English.bin	2096	2108	2108	2108	2096
gametext/Sequences/649_French.bin	2408	2408	2792	2792	2408
gametext/Sequences/649_German.bin	2184	2184	2196	2196	2184
gametext/Sequences/649_Italian.bin	2404	2404	2412	2412	2404
gametext/Sequences/649_Japanese.bin	12796	12796	-	-	12796
gametext/Sequences/649_Spanish.bin	2248	2248	2260	2260	2248
gametext/Sequences/650_English.bin	2028	2040	2040	2040	2028
gametext/Sequences/650_French.bin	2208	2208	2216	2216	2208
gametext/Sequences/650_German.bin	2316	2316	2324	2324	2316
gametext/Sequences/650_Italian.bin	2180	2180	2208	2208	2180
gametext/Sequences/650_Japanese.bin	4804	4804	-	-	4804
gametext/Sequences/650_Spanish.bin	2132	2132	2144	2144	2132
gametext/Sequences/652_English.bin	2592	2592	2592	2592	2592
gametext/Sequences/652_French.bin	3164	3164	3172	3172	3164
gametext/Sequences/652_German.bin	2764	2764	2764	2764	2764
gametext/Sequences/652_Italian.bin	2204	2204	2204	2204	2204
gametext/Sequences/652_Japanese.bin	12832	12832	-	-	12832
gametext/Sequences/652_Spanish.bin	2208	2208	2208	2208	2208
gametext/Sequences/654_English.bin	3268	3268	3268	3268	3268
gametext/Sequences/654_French.bin	3164	3164	3164	3164	3164
gametext/Sequences/654_German.bin	3744	3744	3744	3744	3744
gametext/Sequences/654_Italian.bin	2736	2736	2732	2732	2736
gametext/Sequences/654_Japanese.bin	5228	5228	-	-	5228
gametext/Sequences/654_Spanish.bin	3376	3376	3052	3052	3376
gametext/Sequences/663_English.bin	5952	5952	5952	5952	5952
gametext/Sequences/663_French.bin	6288	6288	6300	6300	6288
gametext/Sequences/663_German.bin	8020	8020	8020	8020	8020
gametext/Sequences/663_Italian.bin	6028	6028	6028	6028	6028
gametext/Sequences/663_Japanese.bin	15712	15712	-	-	15712
gametext/Sequences/663_Spanish.bin	6432	6432	6244	6244	6432
gametext/Sequences/664_English.bin	3512	3512	3512	3512	3512
gametext/Sequences/664_French.bin	3816	3816	3824	3824	3816
gametext/Sequences/664_German.bin	3828	3828	3828	3828	3828
gametext/Sequences/664_Italian.bin	3628	3628	3712	3712	3628
gametext/Sequences/664_Japanese.bin	14292	14292	-	-	14292
gametext/Sequences/664_Spanish.bin	3756	3756	3756	3756	3756
gametext/Sequences/66_English.bin	4312	4312	4312	4312	4312
gametext/Sequences/66_French.bin	6908	6908	7032	7032	6908
gametext/Sequences/66_German.bin	5700	5700	5700	5700	5700
gametext/Sequences/66_Italian.bin	5984	5984	5984	5984	5984
gametext/Sequences/66_Japanese.bin	20132	20132	-	-	20132
gametext/Sequences/66_Spanish.bin	6292	6292	6220	6220	6292
gametext/Sequences/672_English.bin	2604	2604	2604	2604	2604
gametext/Sequences/672_French.bin	3048	3048	3060	3060	3048
gametext/Sequences/672_German.bin	3008	3008	3100	3100	3008
gametext/Sequences/672_Italian.bin	2444	2444	2444	2444	2444
gametext/Sequences/672_Japanese.bin	12644	12644	-	-	12644
gametext/Sequences/672_Spanish.bin	4100	4100	4100	4100	4100
gametext/Sequences/67_English.bin	2468	2468	2468	2468	2468
gametext/Sequences/67_French.bin	2836	2836	2836	2836	2836
gametext/Sequences/67_German.bin	2932	2932	2788	2788	2932
gametext/Sequences/67_Italian.bin	2508	2508	2508	2508	2508
gametext/Sequences/67_Japanese.bin	12904	12904	-	-	12904
gametext/Sequences/67_Spanish.bin	2544	2544	2544	2544	2544
gametext/Sequences/692_English.bin	4648	4648	4648	4648	4648
gametext/Sequences/692_French.bin	8052	8052	7864	7864	8052
gametext/Sequences/692_German.bin	7512	7512	7720	7720	7512
gametext/Sequences/692_Italian.bin	5176	5176	5324	5324	5176
gametext/Sequences/692_Japanese.bin	31516	31516	-	-	31516
gametext/Sequences/692_Spanish.bin	7320	7320	7604	7604	7320
gametext/Sequences/697_English.bin	3700	3700	3700	3700	3700
gametext/Sequences/697_French.bin	5664	5664	5660	5660	5664
gametext/Sequences/697_German.bin	4168	4168	4168	4168	4168
gametext/Sequences/697_Italian.bin	4124	4124	4108	4108	4124
gametext/Sequences/697_Japanese.bin	17632	17632	-	-	17632
gametext/Sequences/697_Spanish.bin	4192	4192	4096	4096	4192
gametext/Sequences/698_English.bin	3836	3836	3836	3836	3836
gametext/Sequences/698_French.bin	6628	6628	6620	6620	6628
gametext/Sequences/698_German.bin	6280	6280	6168	6168	6280
gametext/Sequences/698_Italian.bin	5792	5792	5792	5792	5792
gametext/Sequences/698_Japanese.bin	13724	13724	-	-	13724
gametext/Sequences/698_Spanish.bin	4396	4396	4396	4396	4396
gametext/Sequences/6_English.bin	6144	6144	6144	6144	6144
gametext/Sequences/6_French.bin	7448	7448	7440	7440	7448
gametext/Sequences/6_German.bin	6992	6992	7108	7108	6992
gametext/Sequences/6_Italian.bin	5796	5796	5792	5792	5796
gametext/Sequences/6_Japanese.bin	20364	20364	-	-	20364
gametext/Sequences/6_Spanish.bin	6512	6512	6516	6516	6512
gametext/Sequences/72_English.bin	3248	3248	3248	3248	3248
gametext/Sequences/72_French.bin	5012	5012	5008	5008	5012
gametext/Sequences/72_German.bin	4120	4120	4120	4120	4120
gametext/Sequences/72_Italian.bin	3632	3632	3628	3628	3632
gametext/Sequences/72_Japanese.bin	19848	19848	-	-	19848
gametext/Sequences/72_Spanish.bin	5336	5336	5364	5364	5336
gametext/Sequences/753_English.bin	2052	2052	2052	2052	2052
gametext/Sequences/753_French.bin	2388	2388	2400	2400	2388
gametext/Sequences/753_German.bin	1840	1840	2000	2000	1840
gametext/Sequences/753_Italian.bin	1616	1616	1624	1624	1616
gametext/Sequences/753_Japanese.bin	3864	3864	-	-	3864
gametext/Sequences/753_Spanish.bin	3144	3144	3152	3152	3144
gametext/Sequences/754_English.bin	2184	2184	2184	2184	2184
gametext/Sequences/754_French.bin	2260	2260	2496	2496	2260
gametext/Sequences/754_German.bin	2036	2036	2048	2048	2036
gametext/Sequences/754_Italian.bin	2056	2056	2064	2064	2056
gametext/Sequences/754_Japanese.bin	5628	5628	-	-	5628
gametext/Sequences/754_Spanish.bin	2388	2388	2400	2400	2388
gametext/Sequences/755_English.bin	7532	7532	7532	7532	7532
gametext/Sequences/755_French.bin	12916	12916	12812	12812	12916
gametext/Sequences/755_German.bin	12608	12608	12608	12608	12608
gametext/Sequences/755_Italian.bin	8196	8196	8192	8192	8196
gametext/Sequences/755_Japanese.bin	31756	31756	-	-	31756
gametext/Sequences/755_Spanish.bin	12600	12600	12588	12588	12600
gametext/Sequences/756_English.bin	1212	1236	1236	1236	1212
gametext/Sequences/756_French.bin	1560	1560	1580	1580	1560
gametext/Sequences/756_German.bin	1196	1196	1220	1220	1196
gametext/Sequences/756_Italian.bin	1372	1372	1396	1396	1372
gametext/Sequences/756_Japanese.bin	1364	1364	-	-	1364
gametext/Sequences/756_Spanish.bin	1396	1396	1416	1416	1396
gametext/Sequences/757_English.bin	3240	3240	3240	3240	3240
gametext/Sequences/757_French.bin	3296	3296	3292	3292	3296
gametext/Sequences/757_German.bin	3336	3336	3336	3336	3336
gametext/Sequences/757_Italian.bin	3012	3012	3012	3012	3012
gametext/Sequences/757_Japanese.bin	13408	13408	-	-	13408
gametext/Sequences/757_Spanish.bin	2932	2932	3012	3012	2932
gametext/Sequences/75_English.bin	5704	5704	5704	5704	5704
gametext/Sequences/75_French.bin	12772	12772	12816	12816	12772
gametext/Sequences/75_German.bin	8444	8444	8444	8444	8444
gametext/Sequences/75_Italian.bin	10420	10420	10416	10416	10420
gametext/Sequences/75_Japanese.bin	32268	32268	-	-	32268
gametext/Sequences/75_Spanish.bin	12588	12588	12540	12540	12588
gametext/Sequences/764_English.bin	6276	6276	6276	6276	6276
gametext/Sequences/764_French.bin	6908	6908	6904	6904	6908
gametext/Sequences/764_German.bin	6336	6336	6336	6336	6336
gametext/Sequences/764_Italian.bin	5820	5820	5820	5820	5820
gametext/Sequences/764_Japanese.bin	16468	16468	-	-	16468
gametext/Sequences/764_Spanish.bin	5904	5904	5904	5904	5904
gametext/Sequences/86_English.bin	5344	5344	5344	5344	5344
gametext/Sequences/86_French.bin	5576	5576	5668	5668	5576
gametext/Sequences/86_German.bin	4092	4092	4092	4092	4092
gametext/Sequences/86_Italian.bin	3256	3256	3244	3244	3256
gametext/Sequences/86_Japanese.bin	19828	19828	-	-	19828
gametext/Sequences/86_Spanish.bin	5832	5832	5828	5828	5832
gametext/Sequences/90_English.bin	3012	3012	3012	3012	3012
gametext/Sequences/90_French.bin	3392	3392	3392	3392	3392
gametext/Sequences/90_German.bin	2992	2992	2992	2992	2992
gametext/Sequences/90_Italian.bin	2620	2620	2608	2608	2620
gametext/Sequences/90_Japanese.bin	2756	2756	-	-	2756
gametext/Sequences/90_Spanish.bin	2836	2836	2836	2836	2836
gametext/Sequences/95_English.bin	4384	4384	4384	4384	4384
gametext/Sequences/95_French.bin	7644	7644	7456	7456	7644
gametext/Sequences/95_German.bin	5028	5028	5108	5108	5028
gametext/Sequences/95_Italian.bin	4736	4736	4736	4736	4736
gametext/Sequences/95_Japanese.bin	24364	24364	-	-	24364
gametext/Sequences/95_Spanish.bin	6696	6696	6476	6476	6696
gametext/Sequences/9_English.bin	2540	2540	2540	2540	2540
gametext/Sequences/9_French.bin	2984	2984	2980	2980	2984
gametext/Sequences/9_German.bin	2716	2716	2716	2716	2716
gametext/Sequences/9_Italian.bin	2612	2612	2612	2612	2612
gametext/Sequences/9_Japanese.bin	13064	13064	-	-	13064
gametext/Sequences/9_Spanish.bin	4144	4144	4144	4144	4144
gametext/ShipBattle/English.bin	86808	86808	28980	28980	86808
gametext/ShipBattle/French.bin	86808	86808	28980	28980	86808
gametext/ShipBattle/German.bin	86808	86808	28980	28980	86808
gametext/ShipBattle/Italian.bin	86808	86808	28980	28980	86808
gametext/ShipBattle/Japanese.bin	86808	86808	-	-	86808
gametext/ShipBattle/Spanish.bin	86808	86808	28980	28980	86808
gametext/Shop/English.bin	125176	125176	37152	37152	125176
gametext/Shop/French.bin	125176	125176	37152	37152	125176
gametext/Shop/German.bin	125176	125176	37152	37152	125176
gametext/Shop/Italian.bin	125176	125176	37152	37152	125176
gametext/Shop/Japanese.bin	125176	125176	-	-	125176
gametext/Shop/Spanish.bin	125176	125176	37152	37152	125176
gametext/SwapHol/English.bin	173100	173100	47396	47396	173100
gametext/SwapHol/French.bin	173100	173100	47396	47396	173100
gametext/SwapHol/German.bin	173100	173100	47396	47396	173100
gametext/SwapHol/Italian.bin	173100	173100	47396	47396	173100
gametext/SwapHol/Japanese.bin	173100	173100	-	-	173100
gametext/SwapHol/Spanish.bin	173100	173100	47396	47396	173100
gametext/TaskTexts000/English.bin	91164	91164	26336	26336	91164
gametext/TaskTexts000/French.bin	91164	91164	26336	26336	91164
gametext/TaskTexts000/German.bin	91164	91164	26336	26336	91164
gametext/TaskTexts000/Italian.bin	91164	91164	26336	26336	91164
gametext/TaskTexts000/Japanese.bin	91164	91164	-	-	91164
gametext/TaskTexts000/Spanish.bin	91164	91164	26336	26336	91164
gametext/TaskTexts001/English.bin	90380	90380	25376	25376	90380
gametext/TaskTexts001/French.bin	90380	90380	25376	25376	90380
gametext/TaskTexts001/German.bin	90380	90380	25376	25376	90380
gametext/TaskTexts001/Italian.bin	90380	90380	25376	25376	90380
gametext/TaskTexts001/Japanese.bin	90380	90380	-	-	90380
gametext/TaskTexts001/Spanish.bin	90380	90380	25376	25376	90380
gametext/TaskTexts002/English.bin	76988	76988	24136	24136	76988
gametext/TaskTexts002/French.bin	76988	76988	24136	24136	76988
gametext/TaskTexts002/German.bin	76988	76988	24136	24136	76988
gametext/TaskTexts002/Italian.bin	76988	76988	24136	24136	76988
gametext/TaskTexts002/Japanese.bin	76988	76988	-	-	76988
gametext/TaskTexts002/Spanish.bin	76988	76988	24136	24136	76988
gametext/TaskTexts003/English.bin	97700	97700	26152	26152	97700
gametext/TaskTexts003/French.bin	97700	97700	26152	26152	97700
gametext/TaskTexts003/German.bin	97700	97700	26152	26152	97700
gametext/TaskTexts003/Italian.bin	97700	97700	26152	26152	97700
gametext/TaskTexts003/Japanese.bin	97700	97700	-	-	97700
gametext/TaskTexts003/Spanish.bin	97700	97700	26152	26152	97700
gametext/TaskTexts004/English.bin	83204	83204	24784	24784	83204
gametext/TaskTexts004/French.bin	83204	83204	24784	24784	83204
gametext/TaskTexts004/German.bin	83204	83204	24784	24784	83204
gametext/TaskTexts004/Italian.bin	83204	83204	24784	24784	83204
gametext/TaskTexts004/Japanese.bin	83204	83204	-	-	83204
gametext/TaskTexts004/Spanish.bin	83204	83204	24784	24784	83204
gametext/TaskTexts005/English.bin	97040	97040	27848	27848	97040
gametext/TaskTexts005/French.bin	97040	97040	27848	27848	97040
gametext/TaskTexts005/German.bin	97040	97040	27848	27848	97040
gametext/TaskTexts005/Italian.bin	97040	97040	27848	27848	97040
gametext/TaskTexts005/Japanese.bin	97040	97040	-	-	97040
gametext/TaskTexts005/Spanish.bin	97040	97040	27848	27848	97040
gametext/TaskTexts006/English.bin	112576	112576	29572	29572	112576
gametext/TaskTexts006/French.bin	112576	112576	29572	29572	112576
gametext/TaskTexts006/German.bin	112576	112576	29572	29572	112576
gametext/TaskTexts006/Italian.bin	112576	112576	29572	29572	112576
gametext/TaskTexts006/Japanese.bin	112576	112576	-	-	112576
gametext/TaskTexts006/Spanish.bin	112576	112576	29572	29572	112576
gametext/TaskTexts007/English.bin	91336	91320	26748	26748	91320
gametext/TaskTexts007/French.bin	91336	91320	26748	26748	91320
gametext/TaskTexts007/German.bin	91336	91320	26748	26748	91320
gametext/TaskTexts007/Italian.bin	91336	91320	26748	26748	91320
gametext/TaskTexts007/Japanese.bin	91336	91320	-	-	91320
gametext/TaskTexts007/Spanish.bin	91336	91320	26748	26748	91320
gametext/TaskTexts008/English.bin	89724	89724	25168	25168	89724
gametext/TaskTexts008/French.bin	89724	89724	25168	25168	89724
gametext/TaskTexts008/German.bin	89724	89724	25168	25168	89724
gametext/TaskTexts008/Italian.bin	89724	89724	25168	25168	89724
gametext/TaskTexts008/Japanese.bin	89724	89724	-	-	89724
gametext/TaskTexts008/Spanish.bin	89724	89724	25168	25168	89724
gametext/TaskTexts009/English.bin	90400	90400	25592	25592	90400
gametext/TaskTexts009/French.bin	90400	90400	25592	25592	90400
gametext/TaskTexts009/German.bin	90400	90400	25592	25592	90400
gametext/TaskTexts009/Italian.bin	90400	90400	25592	25592	90400
gametext/TaskTexts009/Japanese.bin	90400	90400	-	-	90400
gametext/TaskTexts009/Spanish.bin	90400	90400	25592	25592	90400
gametext/TaskTexts010/English.bin	90536	90536	25496	25496	90536
gametext/TaskTexts010/French.bin	90536	90536	25496	25496	90536
gametext/TaskTexts010/German.bin	90536	90536	25496	25496	90536
gametext/TaskTexts010/Italian.bin	90536	90536	25496	25496	90536
gametext/TaskTexts010/Japanese.bin	90536	90536	-	-	90536
gametext/TaskTexts010/Spanish.bin	90536	90536	25496	25496	90536
gametext/TaskTexts011/English.bin	90424	90424	25636	25636	90424
gametext/TaskTexts011/French.bin	90424	90424	25636	25636	90424
gametext/TaskTexts011/German.bin	90424	90424	25636	25636	90424
gametext/TaskTexts011/Italian.bin	90424	90424	25636	25636	90424
gametext/TaskTexts011/Japanese.bin	90424	90424	-	-	90424
gametext/TaskTexts011/Spanish.bin	90424	90424	25636	25636	90424
gametext/TaskTexts012/English.bin	83180	83180	24840	24840	83180
gametext/TaskTexts012/French.bin	83180	83180	24840	24840	83180
gametext/TaskTexts012/German.bin	83180	83180	24840	24840	83180
gametext/TaskTexts012/Italian.bin	83180	83180	24840	24840	83180
gametext/TaskTexts012/Japanese.bin	83180	83180	-	-	83180
gametext/TaskTexts012/Spanish.bin	83180	83180	24840	24840	83180
gametext/TaskTexts013/English.bin	70608	70608	25536	25536	70608
gametext/TaskTexts013/French.bin	70608	70608	25536	25536	70608
gametext/TaskTexts013/German.bin	70608	70608	25536	25536	70608
gametext/TaskTexts013/Italian.bin	70608	70608	25536	25536	70608
gametext/TaskTexts013/Japanese.bin	70608	70608	-	-	70608
gametext/TaskTexts013/Spanish.bin	70608	70608	25536	25536	70608
gametext/TaskTexts014/English.bin	70608	70608	25536	25536	70608
gametext/TaskTexts014/French.bin	70608	70608	25536	25536	70608
gametext/TaskTexts014/German.bin	70608	70608	25536	25536	70608
gametext/TaskTexts014/Italian.bin	70608	70608	25536	25536	70608
gametext/TaskTexts014/Japanese.bin	70608	70608	-	-	70608
gametext/TaskTexts014/Spanish.bin	70608	70608	25536	25536	70608
gametext/TaskTexts015/English.bin	70608	70608	25536	25536	70608
gametext/TaskTexts015/French.bin	70608	70608	25536	25536	70608
gametext/TaskTexts015/German.bin	70608	70608	25536	25536	70608
gametext/TaskTexts015/Italian.bin	70608	70608	25536	25536	70608
gametext/TaskTexts015/Japanese.bin	70608	70608	-	-	70608
gametext/TaskTexts015/Spanish.bin	70608	70608	25536	25536	70608
gametext/TaskTexts016/English.bin	70608	70608	25536	25536	70608
gametext/TaskTexts016/French.bin	70608	70608	25536	25536	70608
gametext/TaskTexts016/German.bin	70608	70608	25536	25536	70608
gametext/TaskTexts016/Italian.bin	70608	70608	25536	25536	70608
gametext/TaskTexts016/Japanese.bin	70608	70608	-	-	70608
gametext/TaskTexts016/Spanish.bin	70608	70608	25536	25536	70608
gametext/TaskTexts017/English.bin	70608	70608	25536	25536	70608
gametext/TaskTexts017/French.bin	70608	70608	25536	25536	70608
gametext/TaskTexts017/German.bin	70608	70608	25536	25536	70608
gametext/TaskTexts017/Italian.bin	70608	70608	25536	25536	70608
gametext/TaskTexts017/Japanese.bin	70608	70608	-	-	70608
gametext/TaskTexts017/Spanish.bin	70608	70608	25536	25536	70608
gametext/TaskTexts018/English.bin	70608	70608	25536	25536	70608
gametext/TaskTexts018/French.bin	70608	70608	25536	25536	70608
gametext/TaskTexts018/German.bin	70608	70608	25536	25536	70608
gametext/TaskTexts018/Italian.bin	70608	70608	25536	25536	70608
gametext/TaskTexts018/Japanese.bin	70608	70608	-	-	70608
gametext/TaskTexts018/Spanish.bin	70608	70608	25536	25536	70608
gametext/TaskTexts019/English.bin	70608	70608	25536	25536	70608
gametext/TaskTexts019/French.bin	70608	70608	25536	25536	70608
gametext/TaskTexts019/German.bin	70608	70608	25536	25536	70608
gametext/TaskTexts019/Italian.bin	70608	70608	25536	25536	70608
gametext/TaskTexts019/Japanese.bin	70608	70608	-	-	70608
gametext/TaskTexts019/Spanish.bin	70608	70608	25536	25536	70608
gametext/TaskTexts021/English.bin	70608	70608	25536	25536	70608
gametext/TaskTexts021/French.bin	70608	70608	25536	25536	70608
gametext/TaskTexts021/German.bin	70608	70608	25536	25536	70608
gametext/TaskTexts021/Italian.bin	70608	70608	25536	25536	70608
gametext/TaskTexts021/Japanese.bin	70608	70608	-	-	70608
gametext/TaskTexts021/Spanish.bin	70608	70608	25536	25536	70608
gametext/TaskTexts022/English.bin	70608	70608	25536	25536	70608
gametext/TaskTexts022/French.bin	70608	70608	25536	25536	70608
gametext/TaskTexts022/German.bin	70608	70608	25536	25536	70608
gametext/TaskTexts022/Italian.bin	70608	70608	25536	25536	70608
gametext/TaskTexts022/Japanese.bin	70608	70608	-	-	70608
gametext/TaskTexts022/Spanish.bin	70608	70608	25536	25536	70608
gametext/TaskTexts023/English.bin	70608	70608	25536	25536	70608
gametext/TaskTexts023/French.bin	70608	70608	25536	25536	70608
gametext/TaskTexts023/German.bin	70608	70608	25536	25536	70608
gametext/TaskTexts023/Italian.bin	70608	70608	25536	25536	70608
gametext/TaskTexts023/Japanese.bin	70608	70608	-	-	70608
gametext/TaskTexts023/Spanish.bin	70608	70608	25536	25536	70608
gametext/TaskTexts024/English.bin	70608	70608	25536	25536	70608
gametext/TaskTexts024/French.bin	70608	70608	25536	25536	70608
gametext/TaskTexts024/German.bin	70608	70608	25536	25536	70608
gametext/TaskTexts024/Italian.bin	70608	70608	25536	25536	70608
gametext/TaskTexts024/Japanese.bin	70608	70608	-	-	70608
gametext/TaskTexts024/Spanish.bin	70608	70608	25536	25536	70608
gametext/Volcano/English.bin	82692	82692	26664	26664	82692
gametext/Volcano/French.bin	82692	82692	26664	26664	82692
gametext/Volcano/German.bin	82692	82692	26664	26664	82692
gametext/Volcano/Italian.bin	82692	82692	26664	26664	82692
gametext/Volcano/Japanese.bin	82692	82692	-	-	82692
gametext/Volcano/Spanish.bin	82692	82692	26664	26664	82692
gametext/WallCity/English.bin	118808	118808	31540	31540	118808
gametext/WallCity/French.bin	118808	118808	31540	31540	118808
gametext/WallCity/German.bin	118808	118808	31540	31540	118808
gametext/WallCity/Italian.bin	118808	118808	31540	31540	118808
gametext/WallCity/Japanese.bin	118808	118808	-	-	118808
gametext/WallCity/Spanish.bin	118808	118808	31540	31540	118808
gametext/Warlock/English.bin	125944	125944	49756	49756	125944
gametext/Warlock/French.bin	125944	125944	49756	49756	125944
gametext/Warlock/German.bin	125944	125944	49756	49756	125944
gametext/Warlock/Italian.bin	125944	125944	49756	49756	125944
gametext/Warlock/Japanese.bin	125944	125944	-	-	125944
gametext/Warlock/Spanish.bin	125944	125944	49756	49756	125944
gametext/WorldMap/English.bin	116552	116568	30248	30248	116568
gametext/WorldMap/French.bin	116552	116568	30248	30248	116568
gametext/WorldMap/German.bin	116552	116568	30248	30248	116568
gametext/WorldMap/Italian.bin	116552	116568	30248	30248	116568
gametext/WorldMap/Japanese.bin	116552	116568	-	-	116568
gametext/WorldMap/Spanish.bin	116552	116568	30248	30248	116568
globalma.bin	768	768	768	768	768
globalmap.bin	608	608	608	608	608
goldplains.romlist.zlb	55	55	55	55	55
gpshrine.romlist.zlb	3264	3264	3264	3264	3264
gpshrine/ANIM.BIN	86656	86656	86656	86656	86656
gpshrine/ANIM.TAB	10400	10400	10400	10400	10400
gpshrine/ANIMCURV.bin	8192	8192	8192	8192	8192
gpshrine/ANIMCURV.tab	25280	25280	25280	25280	25280
gpshrine/MODELIND.bin	3776	3776	3776	3776	3776
gpshrine/MODELS.bin	46656	46656	46656	46656	46656
gpshrine/MODELS.tab	5056	5056	5056	5056	5056
gpshrine/OBJSEQ.bin	28832	28832	28832	28832	28832
gpshrine/OBJSEQ.tab	2976	2976	2976	2976	2976
gpshrine/OBJSEQ2C.tab	2976	2976	2976	2976	2976
gpshrine/TEX0.bin	160096	160032	160032	160032	160096
gpshrine/TEX0.tab	3488	3520	3520	3520	3488
gpshrine/TEX1.bin	958464	958400	958400	958400	958464
gpshrine/TEX1.tab	9216	9248	9248	9248	9216
gpshrine/VOXMAP.bin	9984	9984	9984	9984	9984
gpshrine/VOXMAP.tab	6400	6400	6400	6400	6400
gpshrine/mod43.tab	3808	3808	3808	3808	3808
gpshrine/mod43.zlb.bin	372800	372800	372800	372800	372800
greatfox.romlist.zlb	1408	1408	1408	1408	1408
greatfox/ANIM.BIN	153056	153056	153056	153056	153056
greatfox/ANIM.TAB	10400	10400	10400	10400	10400
greatfox/ANIMCURV.bin	55328	55328	55328	55328	55328
greatfox/ANIMCURV.tab	25280	25280	25280	25280	25280
greatfox/MODELIND.bin	3776	3776	3776	3776	3776
greatfox/MODELS.bin	247968	247968	247968	247968	247968
greatfox/MODELS.tab	5056	5056	5056	5056	5056
greatfox/OBJSEQ.bin	28832	28832	28832	28832	28832
greatfox/OBJSEQ.tab	2976	2976	2976	2976	2976
greatfox/OBJSEQ2C.tab	2976	2976	2976	2976	2976
greatfox/TEX0.bin	139488	139424	139424	139424	139488
greatfox/TEX0.tab	3488	3520	3520	3520	3488
greatfox/TEX1.bin	893824	893760	893760	893760	893824
greatfox/TEX1.tab	9216	9248	9248	9248	9216
greatfox/VOXMAP.bin	0	0	0	0	0
greatfox/VOXMAP.tab	6400	6400	6400	6400	6400
greatfox/mod64.tab	6208	6208	6208	6208	6208
greatfox/mod64.zlb.bin	61472	61472	61472	61472	61472
greatfoxworld.romlist.zlb	55	55	55	55	55
hightop.romlist.zlb	64	64	64	64	64
hollow.romlist.zlb	24416	24416	24416	24416	24416
hollow2.romlist.zlb	4672	4672	4672	4672	4672
icemountain/ANIM.BIN	1350208	1350208	1350208	1350208	1350208
icemountain/ANIM.TAB	10400	10400	10400	10400	10400
icemountain/ANIMCURV.bin	108864	108864	108864	108864	108864
icemountain/ANIMCURV.tab	25280	25280	25280	25280	25280
icemountain/MODELIND.bin	3776	3776	3776	3776	3776
icemountain/MODELS.bin	507232	507232	507232	507232	507232
icemountain/MODELS.tab	5056	5056	5056	5056	5056
icemountain/OBJSEQ.bin	28832	28832	28832	28832	28832
icemountain/OBJSEQ.tab	2976	2976	2976	2976	2976
icemountain/OBJSEQ2C.tab	2976	2976	2976	2976	2976
icemountain/TEX0.bin	326912	326848	326848	326848	326912
icemountain/TEX0.tab	3488	3520	3520	3520	3488
icemountain/TEX1.bin	1921664	1921600	1921600	1921600	1921664
icemountain/TEX1.tab	9248	9248	9248	9248	9248
icemountain/VOXMAP.bin	0	0	0	0	0
icemountain/VOXMAP.tab	6400	6400	6400	6400	6400
icemountain/mod31.tab	3104	3104	3104	3104	3104
icemountain/mod31.zlb.bin	383392	383392	383392	383392	383392
imspacecraft.romlist.zlb	288	288	288	288	288
insidegal.romlist.zlb	64	64	64	64	64
kamdrag.romlist.zlb	64	64	64	64	64
krashrin2.romlist.zlb	64	64	64	64	64
krazchamber.romlist.zlb	64	64	64	64	64
krazoapalace.romlist.zlb	1056	1056	1056	1056	1056
kraztest.romlist.zlb	10464	10464	10464	10464	10464
lightfoot/ANIM.BIN	1386464	1386464	1386464	1386464	1386464
lightfoot/ANIM.TAB	10400	10400	10400	10400	10400
lightfoot/ANIMCURV.bin	122560	122560	122560	122560	122560
lightfoot/ANIMCURV.tab	25280	25280	25280	25280	25280
lightfoot/MODELIND.bin	3776	3776	3776	3776	3776
lightfoot/MODELS.bin	665312	665312	665312	665312	665312
lightfoot/MODELS.tab	5056	5056	5056	5056	5056
lightfoot/OBJSEQ.bin	28832	28832	28832	28832	28832
lightfoot/OBJSEQ.tab	2976	2976	2976	2976	2976
lightfoot/OBJSEQ2C.tab	2976	2976	2976	2976	2976
lightfoot/TEX0.bin	307648	307584	307584	307584	307648
lightfoot/TEX0.tab	3488	3520	3520	3520	3488
lightfoot/TEX1.bin	2157184	2157120	2157120	2157120	2157184
lightfoot/TEX1.tab	9216	9248	9248	9248	9216
lightfoot/VOXMAP.bin	0	0	0	0	0
lightfoot/VOXMAP.tab	6400	6400	6400	6400	6400
lightfoot/mod22.tab	2208	2208	2208	2208	2208
lightfoot/mod22.zlb.bin	488032	488032	488032	488032	488032
linka.romlist.zlb	224	224	224	224	224
linka/ANIM.BIN	83104	83104	83104	83104	83104
linka/ANIM.TAB	10400	10400	10400	10400	10400
linka/ANIMCURV.bin	14112	14112	14112	14112	14112
linka/ANIMCURV.tab	25280	25280	25280	25280	25280
linka/MODELIND.bin	3776	3776	3776	3776	3776
linka/MODELS.bin	7264	7264	7264	7264	7264
linka/MODELS.tab	5056	5056	5056	5056	5056
linka/OBJSEQ.bin	28832	28832	28832	28832	28832
linka/OBJSEQ.tab	2976	2976	2976	2976	2976
linka/OBJSEQ2C.tab	2976	2976	2976	2976	2976
linka/TEX0.bin	50720	50656	50656	50656	50720
linka/TEX0.tab	3488	3520	3520	3520	3488
linka/TEX1.bin	30944	30880	30880	30880	30944
linka/TEX1.tab	9216	9248	9248	9248	9216
linka/VOXMAP.bin	0	0	0	0	0
linka/VOXMAP.tab	6400	6400	6400	6400	6400
linka/mod65.tab	6208	6208	6208	6208	6208
linka/mod65.zlb.bin	832	832	832	832	832
linkb.romlist.zlb	3648	3648	3648	3648	3648
linkb/ANIM.BIN	88672	88672	88672	88672	88672
linkb/ANIM.TAB	10400	10400	10400	10400	10400
linkb/ANIMCURV.bin	12480	12480	12480	12480	12480
linkb/ANIMCURV.tab	25280	25280	25280	25280	25280
linkb/MODELIND.bin	3776	3776	3776	3776	3776
linkb/MODELS.bin	50336	50336	50336	50336	50336
linkb/MODELS.tab	5056	5056	5056	5056	5056
linkb/OBJSEQ.bin	28832	28832	28832	28832	28832
linkb/OBJSEQ.tab	2976	2976	2976	2976	2976
linkb/OBJSEQ2C.tab	2976	2976	2976	2976	2976
linkb/TEX0.bin	116928	116864	116864	116864	116928
linkb/TEX0.tab	3488	3520	3520	3520	3488
linkb/TEX1.bin	452128	452064	452064	452064	452128
linkb/TEX1.tab	9216	9248	9248	9248	9216
linkb/VOXMAP.bin	0	0	0	0	0
linkb/VOXMAP.tab	6400	6400	6400	6400	6400
linkb/mod55.tab	4832	4832	4832	4832	4832
linkb/mod55.zlb.bin	59680	59680	59680	59680	59680
linkc.romlist.zlb	3488	3488	3488	3488	3488
linkc/ANIM.BIN	90976	90976	90976	90976	90976
linkc/ANIM.TAB	10400	10400	10400	10400	10400
linkc/ANIMCURV.bin	12832	12832	12832	12832	12832
linkc/ANIMCURV.tab	25280	25280	25280	25280	25280
linkc/MODELIND.bin	3776	3776	3776	3776	3776
linkc/MODELS.bin	36480	36480	36480	36480	36480
linkc/MODELS.tab	5056	5056	5056	5056	5056
linkc/OBJSEQ.bin	28832	28832	28832	28832	28832
linkc/OBJSEQ.tab	2976	2976	2976	2976	2976
linkc/OBJSEQ2C.tab	2976	2976	2976	2976	2976
linkc/TEX0.bin	148352	148288	148288	148288	148352
linkc/TEX0.tab	3488	3520	3520	3520	3488
linkc/TEX1.bin	426304	426240	426240	426240	426304
linkc/TEX1.tab	9216	9248	9248	9248	9216
linkc/VOXMAP.bin	0	0	0	0	0
linkc/VOXMAP.tab	6400	6400	6400	6400	6400
linkc/mod66.tab	6240	6240	6240	6240	6240
linkc/mod66.zlb.bin	39008	39008	39008	39008	39008
linkd.romlist.zlb	832	832	832	832	832
linkd/ANIM.BIN	83104	83104	83104	83104	83104
linkd/ANIM.TAB	10400	10400	10400	10400	10400
linkd/ANIMCURV.bin	448	448	448	448	448
linkd/ANIMCURV.tab	25280	25280	25280	25280	25280
linkd/MODELIND.bin	3776	3776	3776	3776	3776
linkd/MODELS.bin	3136	3136	3136	3136	3136
linkd/MODELS.tab	5056	5056	5056	5056	5056
linkd/OBJSEQ.bin	28832	28832	28832	28832	28832
linkd/OBJSEQ.tab	2976	2976	2976	2976	2976
linkd/OBJSEQ2C.tab	2976	2976	2976	2976	2976
linkd/TEX0.bin	89600	89536	89536	89536	89600
linkd/TEX0.tab	3488	3520	3520	3520	3488
linkd/TEX1.bin	119776	119712	119712	119712	119776
linkd/TEX1.tab	9216	9248	9248	9248	9216
linkd/VOXMAP.bin	0	0	0	0	0
linkd/VOXMAP.tab	6400	6400	6400	6400	6400
linkd/mod67.tab	6272	6272	6272	6272	6272
linkd/mod67.zlb.bin	139552	139552	139552	139552	139552
linke.romlist.zlb	2880	2880	2880	2880	2880
linke/ANIM.BIN	89792	89792	89792	89792	89792
linke/ANIM.TAB	10400	10400	10400	10400	10400
linke/ANIMCURV.bin	11616	11616	11616	11616	11616
linke/ANIMCURV.tab	25280	25280	25280	25280	25280
linke/MODELIND.bin	3776	3776	3776	3776	3776
linke/MODELS.bin	73184	73184	73184	73184	73184
linke/MODELS.tab	5056	5056	5056	5056	5056
linke/OBJSEQ.bin	28832	28832	28832	28832	28832
linke/OBJSEQ.tab	2976	2976	2976	2976	2976
linke/OBJSEQ2C.tab	2976	2976	2976	2976	2976
linke/TEX0.bin	155520	155456	155456	155456	155520
linke/TEX0.tab	3488	3520	3520	3520	3488
linke/TEX1.bin	539424	539360	539360	539360	539424
linke/TEX1.tab	9216	9248	9248	9248	9216
linke/VOXMAP.bin	0	0	0	0	0
linke/VOXMAP.tab	6400	6400	6400	6400	6400
linke/mod68.tab	6304	6304	6304	6304	6304
linke/mod68.zlb.bin	90720	90720	90720	90720	90720
linkf.romlist.zlb	6912	6912	6912	6912	6912
linkf/ANIM.BIN	93120	93120	93120	93120	93120
linkf/ANIM.TAB	10400	10400	10400	10400	10400
linkf/ANIMCURV.bin	12416	12416	12416	12416	12416
linkf/ANIMCURV.tab	25280	25280	25280	25280	25280
linkf/MODELIND.bin	3776	3776	3776	3776	3776
linkf/MODELS.bin	79840	79840	79840	79840	79840
linkf/MODELS.tab	5056	5056	5056	5056	5056
linkf/OBJSEQ.bin	28832	28832	28832	28832	28832
linkf/OBJSEQ.tab	2976	2976	2976	2976	2976
linkf/OBJSEQ2C.tab	2976	2976	2976	2976	2976
linkf/TEX0.bin	180672	180608	180608	180608	180672
linkf/TEX0.tab	3488	3520	3520	3520	3488
linkf/TEX1.bin	564128	564064	564064	564064	564128
linkf/TEX1.tab	9216	9248	9248	9248	9216
linkf/VOXMAP.bin	4896	4896	4896	4896	4896
linkf/VOXMAP.tab	6400	6400	6400	6400	6400
linkf/mod69.tab	6336	6336	6336	6336	6336
linkf/mod69.zlb.bin	70304	70304	70304	70304	70304
linkg.romlist.zlb	4128	4128	4128	4128	4128
linkg/ANIM.BIN	122496	122496	122496	122496	122496
linkg/ANIM.TAB	10400	10400	10400	10400	10400
linkg/ANIMCURV.bin	70400	70400	70400	70400	70400
linkg/ANIMCURV.tab	25280	25280	25280	25280	25280
linkg/MODELIND.bin	3776	3776	3776	3776	3776
linkg/MODELS.bin	92832	92832	92832	92832	92832
linkg/MODELS.tab	5056	5056	5056	5056	5056
linkg/OBJSEQ.bin	28832	28832	28832	28832	28832
linkg/OBJSEQ.tab	2976	2976	2976	2976	2976
linkg/OBJSEQ2C.tab	2976	2976	2976	2976	2976
linkg/TEX0.bin	104640	104576	104576	104576	104640
linkg/TEX0.tab	3488	3520	3520	3520	3488
linkg/TEX1.bin	382816	382752	382752	382752	382816
linkg/TEX1.tab	9216	9248	9248	9248	9216
linkg/VOXMAP.bin	0	0	0	0	0
linkg/VOXMAP.tab	6400	6400	6400	6400	6400
linkg/mod70.tab	6336	6336	6336	6336	6336
linkg/mod70.zlb.bin	69216	69216	69216	69216	69216
linkh.romlist.zlb	4224	4224	4224	4224	4224
linkh/ANIM.BIN	90528	90528	90528	90528	90528
linkh/ANIM.TAB	10400	10400	10400	10400	10400
linkh/ANIMCURV.bin	5952	5952	5952	5952	5952
linkh/ANIMCURV.tab	25280	25280	25280	25280	25280
linkh/MODELIND.bin	3776	3776	3776	3776	3776
linkh/MODELS.bin	70912	70912	70912	70912	70912
linkh/MODELS.tab	5056	5056	5056	5056	5056
linkh/OBJSEQ.bin	28832	28832	28832	28832	28832
linkh/OBJSEQ.tab	2976	2976	2976	2976	2976
linkh/OBJSEQ2C.tab	2976	2976	2976	2976	2976
linkh/TEX0.bin	196768	196704	196704	196704	196768
linkh/TEX0.tab	3488	3520	3520	3520	3488
linkh/TEX1.bin	471872	471808	471808	471808	471872
linkh/TEX1.tab	9216	9248	9248	9248	9216
linkh/VOXMAP.bin	0	0	0	0	0
linkh/VOXMAP.tab	6400	6400	6400	6400	6400
linkh/mod71.tab	6368	6368	6368	6368	6368
linkh/mod71.zlb.bin	77312	77312	77312	77312	77312
linki.romlist.zlb	928	928	928	928	928
linki/ANIM.BIN	83136	83136	83136	83136	83136
linki/ANIM.TAB	10400	10400	10400	10400	10400
linki/ANIMCURV.bin	2240	2240	2240	2240	2240
linki/ANIMCURV.tab	25280	25280	25280	25280	25280
linki/MODELIND.bin	3776	3776	3776	3776	3776
linki/MODELS.bin	14880	14880	14880	14880	14880
linki/MODELS.tab	5056	5056	5056	5056	5056
linki/OBJSEQ.bin	28832	28832	28832	28832	28832
linki/OBJSEQ.tab	2976	2976	2976	2976	2976
linki/OBJSEQ2C.tab	2976	2976	2976	2976	2976
linki/TEX0.bin	50720	50656	50656	50656	50720
linki/TEX0.tab	3488	3520	3520	3520	3488
linki/TEX1.bin	401728	401664	401664	401664	401728
linki/TEX1.tab	9216	9248	9248	9248	9216
linki/VOXMAP.bin	0	0	0	0	0
linki/VOXMAP.tab	6400	6400	6400	6400	6400
linki/mod73.tab	6400	6400	6400	6400	6400
linki/mod73.zlb.bin	52704	52704	52704	52704	52704
linkj.romlist.zlb	3584	3584	3584	3584	3584
linkj/ANIM.BIN	90496	90496	90496	90496	90496
linkj/ANIM.TAB	10400	10400	10400	10400	10400
linkj/ANIMCURV.bin	12480	12480	12480	12480	12480
linkj/ANIMCURV.tab	25280	25280	25280	25280	25280
linkj/MODELIND.bin	3776	3776	3776	3776	3776
linkj/MODELS.bin	50272	50304	50304	50304	50272
linkj/MODELS.tab	5056	5056	5056	5056	5056
linkj/OBJSEQ.bin	28832	28832	28832	28832	28832
linkj/OBJSEQ.tab	2976	2976	2976	2976	2976
linkj/OBJSEQ2C.tab	2976	2976	2976	2976	2976
linkj/TEX0.bin	129184	129120	129120	129120	129184
linkj/TEX0.tab	3488	3520	3520	3520	3488
linkj/TEX1.bin	326400	326336	326336	326336	326400
linkj/TEX1.tab	9216	9248	9248	9248	9216
linkj/VOXMAP.bin	0	0	0	0	0
linkj/VOXMAP.tab	6400	6400	6400	6400	6400
linkj/mod72.tab	6368	6368	6368	6368	6368
linkj/mod72.zlb.bin	17824	17824	17824	17824	17824
linklevel.romlist.zlb	160	160	160	160	160
magicave.romlist.zlb	2880	2880	2880	2880	2880
magiccave/ANIM.BIN	87136	87136	87136	87136	87136
magiccave/ANIM.TAB	10400	10400	10400	10400	10400
magiccave/ANIMCURV.bin	18976	18976	18976	18976	18976
magiccave/ANIMCURV.tab	25280	25280	25280	25280	25280
magiccave/MODELIND.bin	3776	3776	3776	3776	3776
magiccave/MODELS.bin	23104	23104	23104	23104	23104
magiccave/MODELS.tab	5056	5056	5056	5056	5056
magiccave/OBJSEQ.bin	28832	28832	28832	28832	28832
magiccave/OBJSEQ.tab	2976	2976	2976	2976	2976
magiccave/OBJSEQ2C.tab	2976	2976	2976	2976	2976
magiccave/TEX0.bin	126688	126624	126624	126624	126688
magiccave/TEX0.tab	3488	3520	3520	3520	3488
magiccave/TEX1.bin	206592	206464	206464	206464	206592
magiccave/TEX1.tab	9216	9248	9248	9248	9216
magiccave/VOXMAP.bin	5760	5760	5760	5760	5760
magiccave/VOXMAP.tab	6400	6400	6400	6400	6400
magiccave/mod39.tab	3648	3648	3648	3648	3648
magiccave/mod39.zlb.bin	138464	138464	138464	138464	138464
mazecave.romlist.zlb	1568	1568	1568	1568	1568
mazecave/ANIM.BIN	91712	91712	91712	91712	91712
mazecave/ANIM.TAB	10400	10400	10400	10400	10400
mazecave/ANIMCURV.bin	2176	2176	2176	2176	2176
mazecave/ANIMCURV.tab	25280	25280	25280	25280	25280
mazecave/MODELIND.bin	3776	3776	3776	3776	3776
mazecave/MODELS.bin	8608	8608	8608	8608	8608
mazecave/MODELS.tab	5056	5056	5056	5056	5056
mazecave/OBJSEQ.bin	28832	28832	28832	28832	28832
mazecave/OBJSEQ.tab	2976	2976	2976	2976	2976
mazecave/OBJSEQ2C.tab	2976	2976	2976	2976	2976
mazecave/TEX0.bin	143456	143392	143392	143392	143456
mazecave/TEX0.tab	3488	3520	3520	3520	3488
mazecave/TEX1.bin	163072	163008	163008	163008	163072
mazecave/TEX1.tab	9216	9248	9248	9248	9216
mazecave/VOXMAP.bin	0	0	0	0	0
mazecave/VOXMAP.tab	6400	6400	6400	6400	6400
mazecave/mod10.tab	864	864	864	864	864
mazecave/mod10.zlb.bin	70080	70080	70080	70080	70080
mikelava.romlist.zlb	64	64	64	64	64
mmpass/ANIM.BIN	1103808	1103808	1103808	1103808	1103808
mmpass/ANIM.TAB	10400	10400	10400	10400	10400
mmpass/ANIMCURV.bin	61728	61728	61728	61728	61728
mmpass/ANIMCURV.tab	25280	25280	25280	25280	25280
mmpass/MODELIND.bin	3776	3776	3776	3776	3776
mmpass/MODELS.bin	588608	588608	588608	588608	588608
mmpass/MODELS.tab	5056	5056	5056	5056	5056
mmpass/OBJSEQ.bin	28832	28832	28832	28832	28832
mmpass/OBJSEQ.tab	2976	2976	2976	2976	2976
mmpass/OBJSEQ2C.tab	2976	2976	2976	2976	2976
mmpass/TEX0.bin	334656	334592	334592	334592	334656
mmpass/TEX0.tab	3488	3520	3520	3520	3488
mmpass/TEX1.bin	1986688	1986624	1986624	1986624	1986688
mmpass/TEX1.tab	9216	9248	9248	9248	9216
mmpass/VOXMAP.bin	56352	56352	56352	56352	56352
mmpass/VOXMAP.tab	6400	6400	6400	6400	6400
mmpass/mod26.tab	2464	2464	2464	2464	2464
mmpass/mod26.zlb.bin	489600	489600	489600	489600	489600
mmshrine.romlist.zlb	3136	3136	3136	3136	3136
mmshrine/ANIM.BIN	305376	305376	305376	305376	305376
mmshrine/ANIM.TAB	10400	10400	10400	10400	10400
mmshrine/ANIMCURV.bin	25024	25024	25024	25024	25024
mmshrine/ANIMCURV.tab	25280	25280	25280	25280	25280
mmshrine/MODELIND.bin	3776	3776	3776	3776	3776
mmshrine/MODELS.bin	158496	158496	158496	158496	158496
mmshrine/MODELS.tab	5056	5056	5056	5056	5056
mmshrine/OBJSEQ.bin	28832	28832	28832	28832	28832
mmshrine/OBJSEQ.tab	2976	2976	2976	2976	2976
mmshrine/OBJSEQ2C.tab	2976	2976	2976	2976	2976
mmshrine/TEX0.bin	210944	210880	210880	210880	210944
mmshrine/TEX0.tab	3488	3520	3520	3520	3488
mmshrine/TEX1.bin	849216	849152	849152	849152	849216
mmshrine/TEX1.tab	9216	9248	9248	9248	9216
mmshrine/VOXMAP.bin	9760	9760	9760	9760	9760
mmshrine/VOXMAP.tab	6400	6400	6400	6400	6400
mmshrine/mod32.tab	3232	3232	3232	3232	3232
mmshrine/mod41.tab	3744	3744	3744	3744	3744
mmshrine/mod41.zlb.bin	352608	352608	352608	352608	352608
mod10.zlb.bin	70080	70080	70080	70080	70080
mod11.zlb.bin	269120	269120	269120	269120	269120
mod13.zlb.bin	292640	292640	292640	292640	292640
mod14.zlb.bin	16096	16096	16096	16096	16096
mod15.zlb.bin	390624	390624	390624	390624	390624
mod16.zlb.bin	838304	838304	838304	838304	838304
mod17.zlb.bin	192576	192576	192576	192576	192576
mod19.zlb.bin	379200	379200	379200	379200	379200
mod20.zlb.bin	167264	167264	167264	167264	167264
mod21.zlb.bin	504640	504640	504640	504640	504640
mod22.zlb.bin	488032	488032	488032	488032	488032
mod25.zlb.bin	43232	43232	43232	43232	43232
mod26.zlb.bin	489600	489600	489600	489600	489600
mod27.zlb.bin	550528	550688	550528	550688	550528
mod29.zlb.bin	462432	462432	462432	462432	462432
mod3.zlb.bin	192	192	192	192	192
mod31.zlb.bin	383392	383392	383392	383392	383392
mod35.zlb.bin	477696	477696	477696	477696	477696
mod36.zlb.bin	124448	124448	124448	124448	124448
mod39.zlb.bin	138464	138464	138464	138464	138464
mod4.zlb.bin	427392	427392	427392	427392	427392
mod40.zlb.bin	260032	260032	260032	260032	260032
mod41.zlb.bin	352608	352608	352608	352608	352608
mod42.zlb.bin	258560	258560	258560	258560	258560
mod43.zlb.bin	372800	372800	372800	372800	372800
mod44.zlb.bin	315264	315264	315264	315264	315264
mod45.zlb.bin	132320	132320	132320	132320	132320
mod46.zlb.bin	192	192	192	192	192
mod48.zlb.bin	420768	420768	420768	420768	420768
mod51.zlb.bin	388224	388224	388224	388224	388224
mod52.zlb.bin	962528	962528	962528	962528	962528
mod54.zlb.bin	262592	262592	262592	262592	262592
mod55.zlb.bin	59680	59680	59680	59680	59680
mod57.zlb.bin	360960	360960	360960	360960	360960
mod58.zlb.bin	348992	348992	348992	348992	348992
mod59.zlb.bin	592064	592064	592064	592064	592064
mod6.zlb.bin	28608	28608	28608	28608	28608
mod60.zlb.bin	565536	565536	565536	565536	565536
mod61.zlb.bin	332256	332256	332256	332256	332256
mod62.zlb.bin	61472	61472	61472	61472	61472
mod64.zlb.bin	61472	61472	61472	61472	61472
mod65.zlb.bin	832	832	832	832	832
mod66.zlb.bin	39008	39008	39008	39008	39008
mod67.zlb.bin	139552	139552	139552	139552	139552
mod68.zlb.bin	90720	90720	90720	90720	90720
mod69.zlb.bin	70304	70304	70304	70304	70304
mod7.zlb.bin	205600	205600	205600	205600	205600
mod70.tab	6336	6336	6336	6336	6336
mod70.zlb.bin	69216	69216	69216	69216	69216
mod71.tab	6368	6368	6368	6368	6368
mod71.zlb.bin	77312	77312	77312	77312	77312
mod72.tab	6368	6368	6368	6368	6368
mod72.zlb.bin	17824	17824	17824	17824	17824
mod73.tab	6400	6400	6400	6400	6400
mod73.zlb.bin	52704	52704	52704	52704	52704
mod8.zlb.bin	654624	654624	654624	654624	654624
modules/dino.str	20	20	20	20	20
modules/testmod.rel	569	569	569	569	569
moonpass.romlist.zlb	23232	23232	23232	23232	23232
newicemount.romlist.zlb	16512	16512	16512	16512	16512
newicemount2.romlist.zlb	1280	1280	1280	1280	1280
newicemount3.romlist.zlb	1888	1888	1888	1888	1888
nwastes/ANIM.BIN	1143328	1143328	1143328	1143328	1143328
nwastes/ANIM.TAB	10400	10400	10400	10400	10400
nwastes/ANIMCURV.bin	96608	96608	96608	96608	96608
nwastes/ANIMCURV.tab	25280	25280	25280	25280	25280
nwastes/MODELIND.bin	3776	3776	3776	3776	3776
nwastes/MODELS.bin	688064	688064	688064	688064	688064
nwastes/MODELS.tab	5056	5056	5056	5056	5056
nwastes/OBJSEQ.bin	28832	28832	28832	28832	28832
nwastes/OBJSEQ.tab	2976	2976	2976	2976	2976
nwastes/OBJSEQ2C.tab	2976	2976	2976	2976	2976
nwastes/TEX0.bin	299904	299840	299840	299840	299904
nwastes/TEX0.tab	3488	3520	3520	3520	3488
nwastes/TEX1.bin	2335168	2335040	2335040	2335040	2335168
nwastes/TEX1.tab	9216	9248	9248	9248	9216
nwastes/VOXMAP.bin	57312	57312	57312	57312	57312
nwastes/VOXMAP.tab	6400	6400	6400	6400	6400
nwastes/mod15.tab	1344	1344	1344	1344	1344
nwastes/mod15.zlb.bin	390624	390624	390624	390624	390624
nwboulder.romlist.zlb	64	64	64	64	64
nwshcolpush.romlist.zlb	64	64	64	64	64
nwshrine.romlist.zlb	800	800	800	800	800
nwshrine/ANIM.BIN	147072	147072	147072	147072	147072
nwshrine/ANIM.TAB	10400	10400	10400	10400	10400
nwshrine/ANIMCURV.bin	16192	16192	16192	16192	16192
nwshrine/ANIMCURV.tab	25280	25280	25280	25280	25280
nwshrine/MODELIND.bin	3776	3776	3776	3776	3776
nwshrine/MODELS.bin	49824	49824	49824	49824	49824
nwshrine/MODELS.tab	5056	5056	5056	5056	5056
nwshrine/OBJSEQ.bin	28832	28832	28832	28832	28832
nwshrine/OBJSEQ.tab	2976	2976	2976	2976	2976
nwshrine/OBJSEQ2C.tab	2976	2976	2976	2976	2976
nwshrine/TEX0.bin	123968	123904	123904	123904	123968
nwshrine/TEX0.tab	3488	3520	3520	3520	3488
nwshrine/TEX1.bin	610176	610112	610112	610112	610176
nwshrine/TEX1.tab	9216	9248	9248	9248	9216
nwshrine/VOXMAP.bin	4000	4000	4000	4000	4000
nwshrine/VOXMAP.tab	6400	6400	6400	6400	6400
nwshrine/mod45.tab	3904	3904	3904	3904	3904
nwshrine/mod45.zlb.bin	132320	132320	132320	132320	132320
nwtreebridge.romlist.zlb	64	64	64	64	64
nwtreebridge2.romlist.zlb	64	64	64	64	64
opening.bnr	6496	6496	8096	8096	6496
openingEU.bnr	6496	8096	8096	8096	6496
openingJP.bnr	6496	6496	6496	6496	6496
openingUS.bnr	6496	6496	6496	6496	6496
savegame/save1.bin	3952	3952	3952	3952	3952
savegame/save2.bin	1772	1772	1772	1772	1772
savegame/save3.bin	1772	1772	1772	1772	1772
savegame/save4.bin	1772	1772	1772	1772	1772
savegame/save5.bin	1772	1772	1772	1772	1772
scstatue.romlist.zlb	96	96	96	96	96
shipbattle/ANIM.BIN	318848	318848	318848	318848	318848
shipbattle/ANIM.TAB	10400	10400	10400	10400	10400
shipbattle/ANIMCURV.bin	44128	44128	44128	44128	44128
shipbattle/ANIMCURV.tab	25280	25280	25280	25280	25280
shipbattle/MODELIND.bin	3776	3776	3776	3776	3776
shipbattle/MODELS.bin	253696	253696	253696	253696	253696
shipbattle/MODELS.tab	5056	5056	5056	5056	5056
shipbattle/OBJSEQ.bin	28832	28832	28832	28832	28832
shipbattle/OBJSEQ.tab	2976	2976	2976	2976	2976
shipbattle/OBJSEQ2C.tab	2976	2976	2976	2976	2976
shipbattle/TEX0.bin	190912	190848	190848	190848	190912
shipbattle/TEX0.tab	3488	3520	3520	3520	3488
shipbattle/TEX1.bin	656480	656416	656416	656416	656480
shipbattle/TEX1.tab	9216	9248	9248	9248	9216
shipbattle/VOXMAP.bin	3232	3232	3232	3232	3232
shipbattle/VOXMAP.tab	6400	6400	6400	6400	6400
shipbattle/mod14.tab	1184	1184	1184	1184	1184
shipbattle/mod14.zlb.bin	16096	16096	16096	16096	16096
shipbattle/mod30.tab	3072	3072	3072	3072	3072
shlily.romlist.zlb	64	64	64	64	64
shop/ANIM.BIN	172416	172416	172416	172416	172416
shop/ANIM.TAB	10400	10400	10400	10400	10400
shop/ANIMCURV.bin	28000	28000	28000	28000	28000
shop/ANIMCURV.tab	25280	25280	25280	25280	25280
shop/MODELIND.bin	3776	3776	3776	3776	3776
shop/MODELS.bin	103424	103424	103424	103424	103424
shop/MODELS.tab	5056	5056	5056	5056	5056
shop/OBJSEQ.bin	28832	28832	28832	28832	28832
shop/OBJSEQ.tab	2976	2976	2976	2976	2976
shop/OBJSEQ2C.tab	2976	2976	2976	2976	2976
shop/TEX0.bin	132032	131968	131968	131968	132032
shop/TEX0.tab	3488	3520	3520	3520	3488
shop/TEX1.bin	593504	593440	593440	593440	593504
shop/TEX1.tab	9216	9248	9248	9248	9216
shop/VOXMAP.bin	320	320	320	320	320
shop/VOXMAP.tab	6400	6400	6400	6400	6400
shop/mod17.tab	1568	1568	1568	1568	1568
shop/mod17.zlb.bin	192576	192576	192576	192576	192576
snowmines.romlist.zlb	30912	31008	30880	31040	30912
snowmines2.romlist.zlb	18976	19008	18976	19008	18976
snowmines3.romlist.zlb	1920	1920	1920	1920	1920
snowmines4.romlist.zlb	128	128	128	128	128
snowmines5.romlist.zlb	64	64	64	64	64
splashScreen.bin	614400	614400	614400	614400	614400
starfox.thp	48931320	48931320	48931320	48931320	48931320
streams/AN/an1301.adp	1441792	1441792	1441792	1441792	1441792
streams/AN/an1353.adp	491520	491520	491520	491520	491520
streams/AN/an1361.adp	4096000	4096000	4096000	4096000	4096000
streams/ARW/2cloud.adp	720896	720896	720896	720896	720896
streams/ARW/2darkice.adp	720896	720896	720896	720896	720896
streams/ARW/2dragrock.adp	720896	720896	720896	720896	720896
streams/ARW/2planet.adp	720896	720896	720896	720896	720896
streams/ARW/2walledcity.adp	720896	720896	720896	720896	720896
streams/ARW/fail.adp	458752	458752	458752	458752	458752
streams/ARW/gp_force.adp	393216	393216	393216	393216	393216
streams/ARW/gp_goodfly.adp	393216	393216	393216	393216	393216
streams/ARW/gp_newhigh.adp	393216	393216	393216	393216	393216
streams/ARW/gp_welldone.adp	393216	393216	393216	393216	393216
streams/ARW/intro.adp	622592	622592	622592	622592	622592
streams/ARW/pe_enemy.adp	393216	393216	393216	393216	393216
streams/ARW/pe_keepon.adp	393216	393216	393216	393216	393216
streams/ARW/pe_lookout.adp	393216	393216	393216	393216	393216
streams/ARW/pe_shoot.adp	393216	393216	393216	393216	393216
streams/ARW/pe_usebomb.adp	393216	393216	393216	393216	393216
streams/ARW/sl_careful.adp	393216	393216	393216	393216	393216
streams/ARW/sl_danger.adp	393216	393216	393216	393216	393216
streams/ARW/sl_goodjob.adp	393216	393216	393216	393216	393216
streams/ARW/sl_mine.adp	393216	393216	393216	393216	393216
streams/ARW/sl_missring.adp	393216	393216	393216	393216	393216
streams/ARW/win.adp	557056	557056	557056	557056	557056
streams/CC/caplight.adp	2162688	2162688	2162688	2162688	2162688
streams/CC/cc1276.adp	589824	589824	589824	589824	589824
streams/CC/cc169.adp	720896	720896	720896	720896	720896
streams/CC/cc206.adp	1114112	1114112	1114112	1114112	1114112
streams/CC/cc305.adp	360448	360448	360448	360448	360448
streams/CC/cc358.adp	327680	327680	327680	327680	327680
streams/CC/cc361.adp	229376	229376	229376	229376	229376
streams/CC/cc763.adp	393216	393216	393216	393216	393216
streams/CC/htalka.adp	1605632	1605632	1605632	1605632	1605632
streams/CC/htalkb.adp	327680	327680	327680	327680	327680
streams/CC/htalkc.adp	262144	262144	262144	262144	262144
streams/CC/htalkd.adp	360448	360448	360448	360448	360448
streams/CC/htalke.adp	425984	425984	425984	425984	425984
streams/CC/htalkf.adp	196608	196608	196608	196608	196608
streams/CC/htalkg.adp	229376	229376	229376	229376	229376
streams/CC/htalkh.adp	360448	360448	360448	360448	360448
streams/CC/htalki.adp	163840	163840	163840	163840	163840
streams/CC/qincage.adp	917504	917504	917504	917504	917504
streams/CC/queen.adp	4325376	4325376	4325376	4325376	4325376
streams/COMM/01a_pe.adp	262144	262144	262144	262144	262144
streams/COMM/01b_pe.adp	262144	262144	262144	262144	262144
streams/COMM/01c_pe.adp	360448	360448	360448	360448	360448
streams/COMM/01d_pe.adp	294912	294912	294912	294912	294912
streams/COMM/01e_pe.adp	229376	229376	229376	229376	229376
streams/COMM/01f_pe.adp	229376	229376	229376	229376	229376
streams/COMM/01g_pe.adp	196608	196608	196608	196608	196608
streams/COMM/01h_pe.adp	294912	294912	294912	294912	294912
streams/COMM/01i_pe.adp	262144	262144	262144	262144	262144
streams/COMM/01j_pe.adp	294912	294912	294912	294912	294912
streams/COMM/01k_pe.adp	327680	327680	327680	327680	327680
streams/COMM/01l_pe.adp	327680	327680	327680	327680	327680
streams/COMM/01m_pe.adp	327680	327680	327680	327680	327680
streams/COMM/01n_sl.adp	262144	262144	262144	262144	262144
streams/COMM/01o_sl.adp	262144	262144	262144	262144	262144
streams/COMM/01p_sl.adp	229376	229376	229376	229376	229376
streams/COMM/01q_sl.adp	163840	163840	163840	163840	163840
streams/COMM/01r_sl.adp	294912	294912	294912	294912	294912
streams/COMM/01s_sl.adp	196608	196608	196608	196608	196608
streams/COMM/01t_sl.adp	294912	294912	294912	294912	294912
streams/COMM/01u_sl.adp	262144	262144	262144	262144	262144
streams/COMM/01v_sl.adp	229376	229376	229376	229376	229376
streams/COMM/01x_sl.adp	262144	262144	262144	262144	262144
streams/COMM/01y_sl.adp	229376	229376	229376	229376	229376
streams/COMM/01z_sl.adp	262144	262144	262144	262144	262144
streams/COMM/02a_sl.adp	294912	294912	294912	294912	294912
streams/COMM/02b_sl.adp	425984	425984	425984	425984	425984
streams/COMM/02c_sl.adp	360448	360448	360448	360448	360448
streams/COMM/02d_sl.adp	425984	425984	425984	425984	425984
streams/COMM/02e_sl.adp	196608	196608	196608	196608	196608
streams/COMM/02f_sl.adp	262144	262144	262144	262144	262144
streams/COMM/02h_gp.adp	294912	294912	294912	294912	294912
streams/COMM/02i_gp.adp	294912	294912	294912	294912	294912
streams/COMM/02j_gp.adp	294912	294912	294912	294912	294912
streams/COMM/02k_gp.adp	262144	262144	262144	262144	262144
streams/COMM/02l_gp.adp	327680	327680	327680	327680	327680
streams/COMM/02m_gp.adp	360448	360448	360448	360448	360448
streams/COMM/02n_gp.adp	196608	196608	196608	196608	196608
streams/COMM/02o_gp.adp	196608	196608	196608	196608	196608
streams/COMM/02p_gp.adp	327680	327680	327680	327680	327680
streams/COMM/02q_gp.adp	425984	425984	425984	425984	425984
streams/COMM/02r_gp.adp	327680	327680	327680	327680	327680
streams/COMM/02s_gp.adp	294912	294912	294912	294912	294912
streams/COMM/02t_rb.adp	262144	262144	262144	262144	262144
streams/COMM/02u_rb.adp	262144	262144	262144	262144	262144
streams/COMM/02v_pe.adp	229376	229376	229376	229376	229376
streams/COMM/02w_sl.adp	262144	262144	262144	262144	262144
streams/COMM/02x_gp.adp	360448	360448	360448	360448	360448
streams/COMM/TTHollow.adp	3932160	3932160	3932160	3932160	3932160
streams/COMM/cm01a_pe.adp	262144	262144	262144	262144	262144
streams/COMM/cm01b_pe.adp	262144	262144	262144	262144	262144
streams/COMM/cm01c_pe.adp	360448	360448	360448	360448	360448
streams/COMM/cm01d_pe.adp	294912	294912	294912	294912	294912
streams/COMM/cm01e_pe.adp	229376	229376	229376	229376	229376
streams/COMM/cm01f_pe.adp	229376	229376	229376	229376	229376
streams/COMM/cm01g_pe.adp	196608	196608	196608	196608	196608
streams/COMM/cm01h_pe.adp	294912	294912	294912	294912	294912
streams/COMM/cm01i_pe.adp	262144	262144	262144	262144	262144
streams/COMM/cm01j_pe.adp	294912	294912	294912	294912	294912
streams/COMM/cm01k_pe.adp	327680	327680	327680	327680	327680
streams/COMM/cm01l_pe.adp	327680	327680	327680	327680	327680
streams/COMM/cm01m_pe.adp	327680	327680	327680	327680	327680
streams/COMM/cm01n_sl.adp	262144	262144	262144	262144	262144
streams/COMM/cm01o_sl.adp	262144	262144	262144	262144	262144
streams/COMM/cm01p_sl.adp	229376	229376	229376	229376	229376
streams/COMM/cm01q_sl.adp	163840	163840	163840	163840	163840
streams/COMM/cm01r_sl.adp	294912	294912	294912	294912	294912
streams/COMM/cm01s_sl.adp	196608	196608	196608	196608	196608
streams/COMM/cm01t_sl.adp	294912	294912	294912	294912	294912
streams/COMM/cm01u_sl.adp	262144	262144	262144	262144	262144
streams/COMM/cm01v_sl.adp	229376	229376	229376	229376	229376
streams/COMM/cm01x_sl.adp	262144	262144	262144	262144	262144
streams/COMM/cm01y_sl.adp	229376	229376	229376	229376	229376
streams/COMM/cm01z_sl.adp	262144	262144	262144	262144	262144
streams/COMM/cm02a_sl.adp	294912	294912	294912	294912	294912
streams/COMM/cm02b_sl.adp	425984	425984	425984	425984	425984
streams/COMM/cm02c_sl.adp	360448	360448	360448	360448	360448
streams/COMM/cm02d_sl.adp	425984	425984	425984	425984	425984
streams/COMM/cm02e_sl.adp	196608	196608	196608	196608	196608
streams/COMM/cm02f_sl.adp	262144	262144	262144	262144	262144
streams/COMM/cm02h_gp.adp	294912	294912	294912	294912	294912
streams/COMM/cm02i_gp.adp	294912	294912	294912	294912	294912
streams/COMM/cm02j_gp.adp	294912	294912	294912	294912	294912
streams/COMM/cm02k_gp.adp	262144	262144	262144	262144	262144
streams/COMM/cm02l_gp.adp	327680	327680	327680	327680	327680
streams/COMM/cm02m_gp.adp	360448	360448	360448	360448	360448
streams/COMM/cm02n_gp.adp	196608	196608	196608	196608	196608
streams/COMM/cm02o_gp.adp	196608	196608	196608	196608	196608
streams/COMM/cm02p_gp.adp	327680	327680	327680	327680	327680
streams/COMM/cm02q_gp.adp	425984	425984	425984	425984	425984
streams/COMM/cm02r_gp.adp	327680	327680	327680	327680	327680
streams/COMM/cm02s_gp.adp	294912	294912	294912	294912	294912
streams/COMM/cm02t_rb.adp	262144	262144	262144	262144	262144
streams/COMM/cm02u_rb.adp	262144	262144	262144	262144	262144
streams/COMM/cm02v_pe.adp	229376	229376	229376	229376	229376
streams/COMM/cm02w_sl.adp	262144	262144	262144	262144	262144
streams/COMM/cm02x_gp.adp	360448	360448	360448	360448	360448
streams/CR/cr517.adp	1769472	1769472	1769472	1769472	1769472
streams/CR/cr518.adp	294912	294912	294912	294912	294912
streams/CR/cr862.adp	425984	425984	425984	425984	425984
streams/CR/shop1n.adp	294912	294912	294912	294912	294912
streams/CR/shop1o.adp	327680	327680	327680	327680	327680
streams/CR/shop1p.adp	196608	196608	196608	196608	196608
streams/CRF/bpowRm.adp	425984	425984	425984	425984	425984
streams/CRF/cf01b_kt.adp	393216	393216	393216	393216	393216
streams/CRF/cf02a_gn.adp	327680	327680	327680	327680	327680
streams/CRF/cf02c_gn.adp	196608	196608	196608	196608	196608
streams/CRF/cf02d_gn.adp	360448	360448	360448	360448	360448
streams/CRF/cf02i_gn.adp	163840	163840	163840	163840	163840
streams/CRF/cf02j_gn.adp	557056	557056	557056	557056	557056
streams/CRF/cf03a_gn.adp	393216	393216	393216	393216	393216
streams/CRF/cf03b_qu.adp	229376	229376	229376	229376	229376
streams/CRF/cf03c_qu.adp	131072	131072	131072	131072	131072
streams/CRF/cf03d_kt.adp	98304	98304	98304	98304	98304
streams/CRF/cf03e_gn.adp	458752	458752	458752	458752	458752
streams/CRF/cf03f_qu.adp	98304	98304	98304	98304	98304
streams/CRF/cf03g_gn.adp	131072	131072	131072	131072	131072
streams/CRF/cf03h_qu.adp	65536	65536	65536	65536	65536
streams/CRF/cf03i_gn.adp	327680	327680	327680	327680	327680
streams/CRF/cf03j_bh.adp	425984	425984	425984	425984	425984
streams/CRF/cf03k_gn.adp	163840	163840	163840	163840	163840
streams/CRF/cf03l_bh.adp	131072	131072	131072	131072	131072
streams/CRF/cf03m_bh.adp	163840	163840	163840	163840	163840
streams/CRF/cf03n_bh.adp	262144	262144	262144	262144	262144
streams/CRF/cf03o_bh.adp	360448	360448	360448	360448	360448
streams/CRF/cf03p_sa.adp	131072	131072	131072	131072	131072
streams/CRF/cf03q_bh.adp	327680	327680	327680	327680	327680
streams/CRF/cf03r_bh.adp	163840	163840	163840	163840	163840
streams/CRF/cf03s_bh.adp	163840	163840	163840	163840	163840
streams/CRF/cf03t_bh.adp	196608	196608	196608	196608	196608
streams/CRF/cf04b_kr.adp	65536	65536	65536	65536	65536
streams/CRF/cf04c_kt.adp	393216	393216	393216	393216	393216
streams/CRF/cf04e_kt.adp	393216	393216	393216	393216	393216
streams/CRF/cf04f_kt.adp	360448	360448	360448	360448	360448
streams/CRF/cf04g_qu.adp	262144	262144	262144	262144	262144
streams/CRF/cf04h_qu.adp	458752	458752	458752	458752	458752
streams/CRF/cf04i_qu.adp	163840	163840	163840	163840	163840
streams/CRF/cf05a_gn.adp	98304	98304	98304	98304	98304
streams/CRF/cf05b_gn.adp	98304	98304	98304	98304	98304
streams/CRF/cf05c_gn.adp	458752	458752	458752	458752	458752
streams/CRF/cf05e_gn.adp	393216	393216	393216	393216	393216
streams/CRF/cf05f_sc.adp	163840	163840	163840	163840	163840
streams/CRF/cf05g_sa.adp	163840	163840	163840	163840	163840
streams/CRF/cf05h_gn.adp	163840	163840	163840	163840	163840
streams/CRF/cf05i_gn.adp	98304	98304	98304	98304	98304
streams/CRF/cf05j_gs.adp	131072	131072	131072	131072	131072
streams/CRF/cf05k_sa.adp	65536	65536	65536	65536	65536
streams/CRF/cf05l_bh.adp	229376	229376	229376	229376	229376
streams/CRF/cf05m_qu.adp	524288	524288	524288	524288	524288
streams/CRF/cf05n_bh.adp	393216	393216	393216	393216	393216
streams/CRF/cf05o_bh.adp	196608	196608	196608	196608	196608
streams/CRF/cf05p_gn.adp	360448	360448	360448	360448	360448
streams/CRF/cf07f_cr.adp	65536	65536	65536	65536	65536
streams/CRF/cf07g_cr.adp	98304	98304	98304	98304	98304
streams/CRF/cf08a_kr.adp	163840	163840	163840	163840	163840
streams/CRF/cf08e_sc.adp	425984	425984	425984	425984	425984
streams/CRF/cf08f_sc.adp	360448	360448	360448	360448	360448
streams/CRF/cf08g_bh.adp	196608	196608	196608	196608	196608
streams/CRF/cf08h_qu.adp	458752	458752	458752	458752	458752
streams/CRF/cf08i_sa.adp	196608	196608	196608	196608	196608
streams/CRF/cf08j_bh.adp	229376	229376	229376	229376	229376
streams/CRF/cf08k_bh.adp	229376	229376	229376	229376	229376
streams/CRF/cf08l_cb.adp	98304	98304	98304	98304	98304
streams/CRF/cf08m_cb.adp	65536	65536	65536	65536	65536
streams/CRF/cf09a_bh.adp	229376	229376	229376	229376	229376
streams/CRF/cf09b_bh.adp	294912	294912	294912	294912	294912
streams/CRF/cf09c_bh.adp	131072	131072	131072	131072	131072
streams/CRF/cf09d_bh.adp	98304	98304	98304	98304	98304
streams/CRF/cf09e_sc.adp	393216	393216	393216	393216	393216
streams/CRF/crf1124.adp	360448	360448	360448	360448	360448
streams/CRF/crf1132.adp	1146880	1146880	1146880	1146880	1146880
streams/CRF/crf1143.adp	2129920	2129920	2129920	2129920	2129920
streams/CRF/crf1146.adp	1212416	1212416	1212416	1212416	1212416
streams/CRF/crf1156.adp	262144	262144	262144	262144	262144
streams/CRF/crf1260.adp	196608	196608	196608	196608	196608
streams/CRF/crf471.adp	2064384	2064384	2064384	2064384	2064384
streams/CRF/crf475.adp	819200	819200	819200	819200	819200
streams/CRF/crf65.adp	3670016	3670016	3670016	3670016	3670016
streams/CRF/crf68.adp	1179648	1179648	1179648	1179648	1179648
streams/CRF/crf69.adp	1081344	1081344	1081344	1081344	1081344
streams/CRF/crf728.adp	360448	360448	360448	360448	360448
streams/CRF/crf75.adp	1015808	1015808	1015808	1015808	1015808
streams/CRF/crf84.adp	229376	229376	229376	229376	229376
streams/CRF/crf87.adp	1048576	1048576	1048576	1048576	1048576
streams/CRF/landing.adp	1540096	1540096	1540096	1540096	1540096
streams/CRF/quencld.adp	360448	360448	360448	360448	360448
streams/DB/db918.adp	2031616	2031616	2031616	2031616	2031616
streams/DB/db919.adp	1376256	1376256	1376256	1376256	1376256
streams/DFS/failed.adp	655360	655360	655360	655360	655360
streams/DFS/placespirit.adp	1671168	1671168	1671168	1671168	1671168
streams/DIM/boss.adp	1998848	1998848	1998848	1998848	1998848
streams/DIM/bridge.adp	720896	720896	720896	720896	720896
streams/DIM/chest.adp	425984	425984	425984	425984	425984
streams/DIM/dim1330.adp	1376256	1376256	1376256	1376256	1376256
streams/DIM/dim1389.adp	294912	294912	294912	294912	294912
streams/DIM/dim348.adp	1769472	1769472	1769472	1769472	1769472
streams/DIM/dim349.adp	589824	589824	589824	589824	589824
streams/DIM/dim350.adp	720896	720896	720896	720896	720896
streams/DIM/dim351.adp	1507328	1507328	1507328	1507328	1507328
streams/DIM/dim406.adp	327680	327680	327680	327680	327680
streams/DIM/dim407.adp	327680	327680	327680	327680	327680
streams/DIM/dim408.adp	360448	360448	360448	360448	360448
streams/DIM/dim469.adp	720896	720896	720896	720896	720896
streams/DIM/dim578.adp	589824	589824	589824	589824	589824
streams/DIM/dm02f_sh.adp	425984	425984	425984	425984	425984
streams/DIM/dm02g_sh.adp	163840	163840	163840	163840	163840
streams/DIM/dm02h_sh.adp	458752	458752	458752	458752	458752
streams/DIM/dm02i_sh.adp	425984	425984	425984	425984	425984
streams/DIM/dm02j_sh.adp	262144	262144	262144	262144	262144
streams/DIM/dm02k_sh.adp	262144	262144	262144	262144	262144
streams/DIM/dm02l_sh.adp	196608	196608	196608	196608	196608
streams/DIM/dm02m_sh.adp	196608	196608	196608	196608	196608
streams/DIM/dm03a_sf.adp	262144	262144	262144	262144	262144
streams/DIM/dm03b_sf.adp	327680	327680	327680	327680	327680
streams/DIM/dm03c_sa.adp	131072	131072	131072	131072	131072
streams/DIM/dm03d_sf.adp	294912	294912	294912	294912	294912
streams/DIM/dm03e_sf.adp	294912	294912	294912	294912	294912
streams/DIM/dm04b_sa.adp	262144	262144	262144	262144	262144
streams/DIM/dm05a_sa.adp	196608	196608	196608	196608	196608
streams/DIM/dm05b_sh.adp	458752	458752	458752	458752	458752
streams/DIM/dm06a_gd.adp	65536	65536	65536	65536	65536
streams/DIM/dm06b_sa.adp	491520	491520	491520	491520	491520
streams/DIM/dm06c_gd.adp	327680	327680	327680	327680	327680
streams/DIM/dm06d_sa.adp	425984	425984	425984	425984	425984
streams/DIM/dm06e_gd.adp	524288	524288	524288	524288	524288
streams/DIM/dm06g_sa.adp	131072	131072	131072	131072	131072
streams/DIM/dm06h_gd.adp	393216	393216	393216	393216	393216
streams/DIM/dm07a_sa.adp	32768	32768	32768	32768	32768
streams/DIM/dm07b_gd.adp	65536	65536	65536	65536	65536
streams/DIM/dm07c_sa.adp	229376	229376	229376	229376	229376
streams/DIM/dm07d_gd.adp	262144	262144	262144	262144	262144
streams/DIM/dm07e_gd.adp	196608	196608	196608	196608	196608
streams/DIM/dm07f_gd.adp	229376	229376	229376	229376	229376
streams/DIM/dm10a_sa.adp	262144	262144	262144	262144	262144
streams/DIM/dm10a_sh.adp	393216	393216	393216	393216	393216
streams/DIM/dm10b_tr.adp	163840	163840	163840	163840	163840
streams/DIM/dm10c_sa.adp	393216	393216	393216	393216	393216
streams/DIM/dm10c_sh.adp	524288	524288	524288	524288	524288
streams/DIM/dm10d_sh.adp	262144	262144	262144	262144	262144
streams/DIM/dm10e_sa.adp	262144	262144	262144	262144	262144
streams/DIM/dm10e_sh.adp	393216	393216	393216	393216	393216
streams/DIM/dm10f_sa.adp	262144	262144	262144	262144	262144
streams/DIM/dm10g_sn.adp	655360	655360	655360	655360	655360
streams/DIM/dm10h_tr.adp	262144	262144	262144	262144	262144
streams/DIM/dm10i_sa.adp	65536	65536	65536	65536	65536
streams/DIM/dm10j_sh.adp	327680	327680	327680	327680	327680
streams/DIM/dm10k_sa.adp	131072	131072	131072	131072	131072
streams/DIM/dm10k_sh.adp	360448	360448	360448	360448	360448
streams/DIM/dm10p_gd.adp	327680	327680	327680	327680	327680
streams/DIM/entermin.adp	491520	491520	491520	491520	491520
streams/DIM/feed.adp	1736704	1736704	1736704	1736704	1736704
streams/DIM/flame.adp	2031616	2031616	2031616	2031616	2031616
streams/DIM/foxgun.adp	1146880	1146880	1146880	1146880	1146880
streams/DIM/frees.adp	2064384	2064384	2064384	2064384	2064384
streams/DIM/hungmam2.adp	753664	753664	753664	753664	753664
streams/DIM/hungmam3.adp	491520	491520	491520	491520	491520
streams/DIM/hungmam4.adp	589824	589824	589824	589824	589824
streams/DIM/losttric.adp	393216	393216	393216	393216	393216
streams/DIM/meet.adp	4587520	4587520	4587520	4587520	4587520
streams/DIM/meltice.adp	1441792	1441792	1441792	1441792	1441792
streams/DIM/onbike.adp	229376	229376	229376	229376	229376
streams/DIM/platform.adp	425984	425984	425984	425984	425984
streams/DIM/rescue.adp	655360	655360	655360	655360	655360
streams/DIM/reunited.adp	1179648	1179648	1179648	1179648	1179648
streams/DIM/smashgat.adp	1540096	1540096	1540096	1540096	1540096
streams/DIM/startice.adp	786432	786432	786432	786432	786432
streams/DIM/vanished.adp	622592	622592	622592	622592	622592
streams/DR/ctalk1.adp	65536	65536	65536	65536	65536
streams/DR/ctalk2.adp	98304	98304	98304	98304	98304
streams/DR/ctalk3.adp	98304	98304	98304	98304	98304
streams/DR/dr01a_sa.adp	65536	65536	65536	65536	65536
streams/DR/dr01b_tr.adp	65536	65536	65536	65536	65536
streams/DR/dr01c_sa.adp	98304	98304	98304	98304	98304
streams/DR/dr01d_ew.adp	425984	425984	425984	425984	425984
streams/DR/dr01f_tr.adp	163840	163840	163840	163840	163840
streams/DR/dr01g_ew.adp	163840	163840	163840	163840	163840
streams/DR/dr01h_ew.adp	196608	196608	196608	196608	196608
streams/DR/dr01i_tr.adp	131072	131072	131072	131072	131072
streams/DR/dr02a_ew.adp	294912	294912	294912	294912	294912
streams/DR/dr02b_ew.adp	131072	131072	131072	131072	131072
streams/DR/dr02d_ew.adp	458752	458752	458752	458752	458752
streams/DR/dr03a_tr.adp	65536	65536	65536	65536	65536
streams/DR/dr03b_sa.adp	65536	65536	65536	65536	65536
streams/DR/dr03c_cr.adp	327680	327680	327680	327680	327680
streams/DR/dr03d_sa.adp	65536	65536	65536	65536	65536
streams/DR/dr03e_cr.adp	458752	458752	458752	458752	458752
streams/DR/dr03f_cr.adp	196608	196608	196608	196608	196608
streams/DR/dr03g_sa.adp	98304	98304	98304	98304	98304
streams/DR/dr04d_ht.adp	131072	131072	131072	131072	131072
streams/DR/dr04e_tr.adp	65536	65536	65536	65536	65536
streams/DR/dr04h_ht.adp	229376	229376	229376	229376	229376
streams/DR/dr04k_ht.adp	163840	163840	163840	163840	163840
streams/DR/dr04m_ht.adp	131072	131072	131072	131072	131072
streams/DR/dr04o_ht.adp	196608	196608	196608	196608	196608
streams/DR/dr04p_ht.adp	229376	229376	229376	229376	229376
streams/DR/dr05a_cr.adp	65536	65536	65536	65536	65536
streams/DR/dr05b_sa.adp	229376	229376	229376	229376	229376
streams/DR/dr06a_sa.adp	294912	294912	294912	294912	294912
streams/DR/dr06b_cr.adp	229376	229376	229376	229376	229376
streams/DR/dr06c_ew.adp	262144	262144	262144	262144	262144
streams/DR/dr06d_sa.adp	163840	163840	163840	163840	163840
streams/DR/dr06e_tr.adp	229376	229376	229376	229376	229376
streams/DR/dr07d_ht.adp	327680	327680	327680	327680	327680
streams/DR/dr07e_cr.adp	65536	65536	65536	65536	65536
streams/DR/dr07f_cr.adp	98304	98304	98304	98304	98304
streams/DR/dr07g_cr.adp	98304	98304	98304	98304	98304
streams/DR/dr07i_ht.adp	294912	294912	294912	294912	294912
streams/DR/dr1436.adp	2949120	2949120	2949120	2949120	2949120
streams/DR/dr804.adp	1769472	1769472	1769472	1769472	1769472
streams/DR/dr823.adp	1245184	1245184	1245184	1245184	1245184
streams/DR/dr824.adp	1277952	1277952	1277952	1277952	1277952
streams/DR/dr825.adp	1015808	1015808	1015808	1015808	1015808
streams/DR/dr826.adp	786432	786432	786432	786432	786432
streams/DR/dr858.adp	1277952	1277952	1277952	1277952	1277952
streams/DR/dr904.adp	720896	720896	720896	720896	720896
streams/DR/dr917.adp	655360	655360	655360	655360	655360
streams/DR/dr934.adp	163840	163840	163840	163840	163840
streams/DR/etalk1.adp	294912	294912	294912	294912	294912
streams/DR/etalk2.adp	229376	229376	229376	229376	229376
streams/DR/etalk3.adp	131072	131072	131072	131072	131072
streams/GB/Bird.adp	262144	262144	262144	262144	262144
streams/GB/Board.adp	1835008	1835008	1835008	1835008	1835008
streams/GB/Defeated.adp	327680	327680	327680	327680	327680
streams/GB/Intro.adp	4128768	4128768	4128768	4128768	4128768
streams/GB/Meeting.adp	5537792	5537792	5537792	5537792	5537792
streams/GB/battle.adp	3440640	3440640	3440640	3440640	3440640
streams/GB/gb01a_kr.adp	393216	393216	393216	393216	393216
streams/GB/gb01b_kr.adp	229376	229376	229376	229376	229376
streams/GB/gb01c_kr.adp	229376	229376	229376	229376	229376
streams/GB/gb01e_gn.adp	557056	557056	557056	557056	557056
streams/GB/gb01f_kr.adp	327680	327680	327680	327680	327680
streams/GB/gb01h_kr.adp	262144	262144	262144	262144	262144
streams/GB/gb01o_kr.adp	131072	131072	131072	131072	131072
streams/GB/gb01p_kr.adp	229376	229376	229376	229376	229376
streams/GB/gb01q_kr.adp	196608	196608	196608	196608	196608
streams/GB/gb01r_kr.adp	98304	98304	98304	98304	98304
streams/GF/gf1258.adp	7208960	7208960	7208960	7208960	7208960
streams/GF/intro.adp	5898240	5898240	5898240	5898240	5898240
streams/GNR/gnr1423.adp	12124160	12124160	12124160	12124160	12124160
streams/GNR/gnr63.adp	786432	786432	786432	786432	786432
streams/GNR/gnrdeath.adp	327680	327680	327680	327680	327680
streams/GNR/gnrlife.adp	327680	327680	327680	327680	327680
streams/IM/iamfox.adp	2097152	2097152	2097152	2097152	2097152
streams/IM/im533.adp	425984	425984	425984	425984	425984
streams/IM/im535.adp	458752	458752	458752	458752	458752
streams/IM/landing.adp	2490368	2490368	2490368	2490368	2490368
streams/IM/loserace.adp	524288	524288	524288	524288	524288
streams/IM/winrace.adp	3866624	3866624	3866624	3866624	3866624
streams/KP/EWDieHarder.adp	1671168	1671168	1671168	1671168	1671168
streams/KP/EWdie.adp	5570560	5570560	5570560	5570560	5570560
streams/KP/LandPal.adp	1671168	1671168	1671168	1671168	1671168
streams/KP/failed.adp	655360	655360	655360	655360	655360
streams/KP/foxown.adp	1277952	1277952	1277952	1277952	1277952
streams/KP/getspirit.adp	1671168	1671168	1671168	1671168	1671168
streams/KP/kp01b_kr.adp	262144	262144	262144	262144	262144
streams/KP/kp01e_kr.adp	131072	131072	131072	131072	131072
streams/KP/kp03c_kr.adp	163840	163840	163840	163840	163840
streams/KP/kp03e_kr.adp	163840	163840	163840	163840	163840
streams/KP/kp03g_kr.adp	131072	131072	131072	131072	131072
streams/KP/kp04b_kr.adp	65536	65536	65536	65536	65536
streams/KP/kp04e_kr.adp	65536	65536	65536	65536	65536
streams/KP/kp05b_kr.adp	163840	163840	163840	163840	163840
streams/KP/kp09a_kr.adp	163840	163840	163840	163840	163840
streams/KP/kp09c_kr.adp	163840	163840	163840	163840	163840
streams/KP/kp09d_kr.adp	196608	196608	196608	196608	196608
streams/KP/kp09f_kr.adp	163840	163840	163840	163840	163840
streams/KP/kp10a_kr.adp	131072	131072	131072	131072	131072
streams/KP/kp10c_kr.adp	360448	360448	360448	360448	360448
streams/KP/kp10k_kr.adp	163840	163840	163840	163840	163840
streams/KP/kp11b_kr.adp	65536	65536	65536	65536	65536
streams/KP/kp11i_kr.adp	327680	327680	327680	327680	327680
streams/KP/kp11n_kr.adp	131072	131072	131072	131072	131072
streams/KP/kp11q_kr.adp	163840	163840	163840	163840	163840
streams/KP/kp11s_kr.adp	196608	196608	196608	196608	196608
streams/KP/kp1270.adp	1146880	1146880	1146880	1146880	1146880
streams/KP/kp1271.adp	7077888	7077888	7077888	7077888	7077888
streams/KP/kp1318.adp	819200	819200	819200	819200	819200
streams/KP/kp1319.adp	557056	557056	557056	557056	557056
streams/KP/kp1320.adp	622592	622592	622592	622592	622592
streams/KP/kp1401.adp	1376256	1376256	1376256	1376256	1376256
streams/KP/kp266.adp	3342336	3342336	3342336	3342336	3342336
streams/KP/kp328.adp	884736	884736	884736	884736	884736
streams/KP/kp330.adp	3899392	3899392	3899392	3899392	3899392
streams/KP/kp737.adp	262144	262144	262144	262144	262144
streams/KP/placespirit.adp	4489216	4489216	4489216	4489216	4489216
streams/KP/shebeaut.adp	3145728	3145728	3145728	3145728	3145728
streams/KS/ks01a_tr.adp	196608	196608	196608	196608	196608
streams/KS/ks01b_sa.adp	131072	131072	131072	131072	131072
streams/KS/ks01c_gn.adp	425984	425984	425984	425984	425984
streams/KS/ks01d_gn.adp	491520	491520	491520	491520	491520
streams/KS/ks01e_gn.adp	294912	294912	294912	294912	294912
streams/LV/capture.adp	1572864	1572864	1572864	1572864	1572864
streams/LV/cheif1.adp	2752512	2752512	2752512	2752512	2752512
streams/LV/ctotem.adp	1114112	1114112	1114112	1114112	1114112
streams/LV/lcapture.adp	1572864	1572864	1572864	1572864	1572864
streams/LV/lstrength.adp	655360	655360	655360	655360	655360
streams/LV/luntie.adp	1507328	1507328	1507328	1507328	1507328
streams/LV/lv116.adp	589824	589824	589824	589824	589824
streams/LV/lv1331.adp	229376	229376	229376	229376	229376
streams/LV/lv1419.adp	393216	393216	393216	393216	393216
streams/LV/lv765.adp	884736	884736	884736	884736	884736
streams/LV/mommyhelp1.adp	294912	294912	294912	294912	294912
streams/LV/mommyhelp2.adp	196608	196608	196608	196608	196608
streams/LV/mommyhelp3.adp	294912	294912	294912	294912	294912
streams/LV/mommyrescue1.adp	262144	262144	262144	262144	262144
streams/LV/mommyrescue2.adp	196608	196608	196608	196608	196608
streams/LV/mommyrescue3.adp	196608	196608	196608	196608	196608
streams/LV/opmound.adp	688128	688128	688128	688128	688128
streams/LV/pay_inst.adp	262144	262144	262144	262144	262144
streams/LV/pay_no.adp	229376	229376	229376	229376	229376
streams/LV/pay_yes.adp	327680	327680	327680	327680	327680
streams/LV/strength.adp	950272	950272	950272	950272	950272
streams/LV/totem.adp	589824	589824	589824	589824	589824
streams/LV/ttest.adp	3604480	3604480	3604480	3604480	3604480
streams/LV/wstrength.adp	851968	851968	851968	851968	851968
streams/MAP/brief1.adp	720896	720896	720896	720896	720896
streams/MAP/brief10.adp	1245184	1245184	1245184	1245184	1245184
streams/MAP/brief11.adp	720896	720896	720896	720896	720896
streams/MAP/brief12.adp	655360	655360	655360	655360	655360
streams/MAP/brief13.adp	688128	688128	688128	688128	688128
streams/MAP/brief14.adp	851968	851968	851968	851968	851968
streams/MAP/brief15.adp	983040	983040	983040	983040	983040
streams/MAP/brief16.adp	786432	786432	786432	786432	786432
streams/MAP/brief17.adp	524288	524288	524288	524288	524288
streams/MAP/brief2.adp	1146880	1146880	1146880	1146880	1146880
streams/MAP/brief3.adp	983040	983040	983040	983040	983040
streams/MAP/brief4.adp	1146880	1146880	1146880	1146880	1146880
streams/MAP/brief5.adp	1277952	1277952	1277952	1277952	1277952
streams/MAP/brief6.adp	851968	851968	851968	851968	851968
streams/MAP/brief7.adp	1310720	1310720	1310720	1310720	1310720
streams/MAP/brief8.adp	1310720	1310720	1310720	1310720	1310720
streams/MAP/brief9.adp	1277952	1277952	1277952	1277952	1277952
streams/MAP/wo01a_gp.adp	1867776	1867776	1867776	1867776	1867776
streams/MAP/wo01b_gp.adp	589824	589824	589824	589824	589824
streams/MAP/wo01c_gp.adp	655360	655360	655360	655360	655360
streams/MAP/wo01d_gp.adp	589824	589824	589824	589824	589824
streams/MAP/wo01e_pe.adp	1114112	1114112	1114112	1114112	1114112
streams/MAP/wo01f_pe.adp	1146880	1146880	1146880	1146880	1146880
streams/MAP/wo01g_pe.adp	1409024	1409024	1409024	1409024	1409024
streams/MAP/wo01h_pe.adp	1540096	1540096	1540096	1540096	1540096
streams/MAP/wo01i_pe.adp	753664	753664	753664	753664	753664
streams/MC/MCaveIn.adp	163840	163840	163840	163840	163840
streams/MC/MCaveOut.adp	163840	163840	163840	163840	163840
streams/MMP/barrels.adp	1343488	1343488	1343488	1343488	1343488
streams/MMP/cometokp.adp	1507328	1507328	1507328	1507328	1507328
streams/MMP/mm01a_sc.adp	163840	163840	163840	163840	163840
streams/MMP/mm02a_kr.adp	524288	524288	524288	524288	524288
streams/MMP/mm02b_sa.adp	65536	65536	65536	65536	65536
streams/MMP/mm02c_kr.adp	557056	557056	557056	557056	557056
streams/MMP/mm02d_tr.adp	163840	163840	163840	163840	163840
streams/MMP/mm02e_ka.adp	229376	229376	229376	229376	229376
streams/MMP/mm02f_sa.adp	163840	163840	163840	163840	163840
streams/MMP/mm02g_kr.adp	294912	294912	294912	294912	294912
streams/MMP/mm02h_ka.adp	1245184	1245184	1245184	1245184	1245184
streams/MMP/mm02i_sa.adp	262144	262144	262144	262144	262144
streams/MMP/mm02j_kr.adp	425984	425984	425984	425984	425984
streams/MMP/mm02k_tr.adp	163840	163840	163840	163840	163840
streams/MMP/mm02l_ka.adp	688128	688128	688128	688128	688128
streams/MMP/mm02m_tr.adp	131072	131072	131072	131072	131072
streams/MMP/mm02n_ka.adp	622592	622592	622592	622592	622592
streams/MMP/mm02o_ka.adp	229376	229376	229376	229376	229376
streams/MMP/mm02p_sa.adp	98304	98304	98304	98304	98304
streams/MMP/mm03f_sa.adp	65536	65536	65536	65536	65536
streams/MMP/mm03g_tr.adp	65536	65536	65536	65536	65536
streams/MMP/mm05j_ka.adp	327680	327680	327680	327680	327680
streams/MMP/mm05k_ka.adp	524288	524288	524288	524288	524288
streams/MMP/mm05l_ka.adp	294912	294912	294912	294912	294912
streams/MMP/mmp1159.adp	5832704	5832704	5832704	5832704	5832704
streams/MMP/mmp964.adp	1015808	1015808	1015808	1015808	1015808
streams/OFP/of01a_pe.adp	720896	720896	720896	720896	720896
streams/OFP/of01b_pe.adp	425984	425984	425984	425984	425984
streams/OFP/of01c_gp.adp	163840	163840	163840	163840	163840
streams/OFP/of01d_sa.adp	65536	65536	65536	65536	65536
streams/OFP/of01e_tr.adp	229376	229376	229376	229376	229376
streams/OFP/of01f_sa.adp	229376	229376	229376	229376	229376
streams/OFP/of01g_sl.adp	360448	360448	360448	360448	360448
streams/OFP/of01h_pe.adp	393216	393216	393216	393216	393216
streams/OFP/of01i_sa.adp	196608	196608	196608	196608	196608
streams/OFP/of01j_pe.adp	65536	65536	65536	65536	65536
streams/OFP/of01j_tr.adp	65536	65536	65536	65536	65536
streams/OFP/of01k_pe.adp	229376	229376	229376	229376	229376
streams/OFP/of01l_sa.adp	229376	229376	229376	229376	229376
streams/OFP/of01m_sa.adp	229376	229376	229376	229376	229376
streams/OFP/ofp1180.adp	2916352	2916352	2916352	2916352	2916352
streams/OFP/ofp1199.adp	589824	589824	589824	589824	589824
streams/OFP/ofp1410.adp	524288	524288	524288	524288	524288
streams/OFP/ofp1477.adp	1179648	1179648	1179648	1179648	1179648
streams/OFP/ofp846.adp	851968	851968	851968	851968	851968
streams/OFP/ofp882.adp	491520	491520	491520	491520	491520
streams/OFP/ofp953.adp	229376	229376	229376	229376	229376
streams/SK/shop1a.adp	229376	229376	229376	229376	229376
streams/SK/shop1b.adp	262144	262144	262144	262144	262144
streams/SK/shop1d.adp	229376	229376	229376	229376	229376
streams/SK/shop1f.adp	229376	229376	229376	229376	229376
streams/SK/shop1g.adp	163840	163840	163840	163840	163840
streams/SK/shop1h.adp	163840	163840	163840	163840	163840
streams/SK/shop1i.adp	294912	294912	294912	294912	294912
streams/SK/shop1j.adp	163840	163840	163840	163840	163840
streams/SK/shop1k.adp	294912	294912	294912	294912	294912
streams/SK/shop1l.adp	425984	425984	425984	425984	425984
streams/SK/shop1m.adp	131072	131072	131072	131072	131072
streams/SK/shop2a.adp	196608	196608	196608	196608	196608
streams/SK/shop2b.adp	229376	229376	229376	229376	229376
streams/SK/shop2c.adp	131072	131072	131072	131072	131072
streams/SK/shop2d.adp	360448	360448	360448	360448	360448
streams/SK/shop2e.adp	425984	425984	425984	425984	425984
streams/SK/shop2f.adp	360448	360448	360448	360448	360448
streams/SK/shopintro.adp	2621440	2621440	2621440	2621440	2621440
streams/SSH/WarpSton.adp	5046272	5046272	5046272	5046272	5046272
streams/SSH/krazoa.adp	262144	262144	262144	262144	262144
streams/SSH/landing.adp	1146880	1146880	1146880	1146880	1146880
streams/SSH/noshop.adp	131072	131072	131072	131072	131072
streams/SSH/nowarp.adp	393216	393216	393216	393216	393216
streams/SSH/readyto.adp	196608	196608	196608	196608	196608
streams/SSH/sh05u_tl.adp	131072	131072	131072	131072	131072
streams/SSH/sh06a_tl.adp	163840	163840	163840	163840	163840
streams/SSH/sh06b_tl.adp	229376	229376	229376	229376	229376
streams/SSH/sh06c_tl.adp	229376	229376	229376	229376	229376
streams/SSH/sh06d_tl.adp	262144	262144	262144	262144	262144
streams/SSH/sh06e_tl.adp	131072	131072	131072	131072	131072
streams/SSH/sh06f_tl.adp	131072	131072	131072	131072	131072
streams/SSH/sh06g_tl.adp	229376	229376	229376	229376	229376
streams/SSH/sh06h_tl.adp	294912	294912	294912	294912	294912
streams/SSH/sh06i_tl.adp	163840	163840	163840	163840	163840
streams/SSH/sh06j_tl.adp	163840	163840	163840	163840	163840
streams/SSH/sh06k_tl.adp	131072	131072	131072	131072	131072
streams/SSH/sh06q_tl.adp	65536	65536	65536	65536	65536
streams/SSH/sh06r_tl.adp	589824	589824	589824	589824	589824
streams/SSH/sh06t_tl.adp	229376	229376	229376	229376	229376
streams/SSH/sh06w_tl.adp	229376	229376	229376	229376	229376
streams/SSS/ss01a_sk.adp	229376	229376	229376	229376	229376
streams/SSS/ss01b_sk.adp	262144	262144	262144	262144	262144
streams/SSS/ss01d_sk.adp	229376	229376	229376	229376	229376
streams/SSS/ss01f_sk.adp	229376	229376	229376	229376	229376
streams/SSS/ss01g_sk.adp	163840	163840	163840	163840	163840
streams/SSS/ss01h_sk.adp	163840	163840	163840	163840	163840
streams/SSS/ss01i_sk.adp	294912	294912	294912	294912	294912
streams/SSS/ss01j_sk.adp	163840	163840	163840	163840	163840
streams/SSS/ss01k_sk.adp	294912	294912	294912	294912	294912
streams/SSS/ss01l_sk.adp	425984	425984	425984	425984	425984
streams/SSS/ss01m_sk.adp	131072	131072	131072	131072	131072
streams/SSS/ss01n_cr.adp	393216	393216	393216	393216	393216
streams/SSS/ss01o_cr.adp	327680	327680	327680	327680	327680
streams/SSS/ss01p_cr.adp	196608	196608	196608	196608	196608
streams/SSS/ss02a_sk.adp	196608	196608	196608	196608	196608
streams/SSS/ss02b_sk.adp	229376	229376	229376	229376	229376
streams/SSS/ss02c_sk.adp	131072	131072	131072	131072	131072
streams/SSS/ss02d_sk.adp	360448	360448	360448	360448	360448
streams/SSS/ss02e_sk.adp	425984	425984	425984	425984	425984
streams/SSS/ss02f_sk.adp	360448	360448	360448	360448	360448
streams/SW/getfrost.adp	1507328	1507328	1507328	1507328	1507328
streams/SW/gmamfree.adp	5144576	5144576	5144576	5144576	5144576
streams/SW/heelcomm.adp	819200	819200	819200	819200	819200
streams/SW/hungry.adp	229376	229376	229376	229376	229376
streams/SW/mamroot1.adp	1507328	1507328	1507328	1507328	1507328
streams/SW/mamroot2.adp	655360	655360	655360	655360	655360
streams/SW/mtalkb1.adp	294912	294912	294912	294912	294912
streams/SW/mtalkb2.adp	262144	262144	262144	262144	262144
streams/SW/mtalkb3.adp	229376	229376	229376	229376	229376
streams/SW/mtalkg0.adp	294912	294912	294912	294912	294912
streams/SW/mtalkg1.adp	196608	196608	196608	196608	196608
streams/SW/mtalkg2.adp	262144	262144	262144	262144	262144
streams/SW/mtalkg3.adp	196608	196608	196608	196608	196608
streams/SW/mtalkg4.adp	327680	327680	327680	327680	327680
streams/SW/mtalkh1.adp	163840	163840	163840	163840	163840
streams/SW/mtalkh2.adp	196608	196608	196608	196608	196608
streams/SW/mtalkh3.adp	229376	229376	229376	229376	229376
streams/SW/mtalkh4.adp	229376	229376	229376	229376	229376
streams/SW/mtalkw1.adp	196608	196608	196608	196608	196608
streams/SW/mtalkw10.adp	196608	196608	196608	196608	196608
streams/SW/mtalkw11.adp	262144	262144	262144	262144	262144
streams/SW/mtalkw12.adp	262144	262144	262144	262144	262144
streams/SW/mtalkw13.adp	163840	163840	163840	163840	163840
streams/SW/mtalkw14.adp	360448	360448	360448	360448	360448
streams/SW/mtalkw15.adp	196608	196608	196608	196608	196608
streams/SW/mtalkw16.adp	262144	262144	262144	262144	262144
streams/SW/mtalkw2.adp	163840	163840	163840	163840	163840
streams/SW/mtalkw3.adp	294912	294912	294912	294912	294912
streams/SW/mtalkw4.adp	229376	229376	229376	229376	229376
streams/SW/mtalkw5.adp	163840	163840	163840	163840	163840
streams/SW/mtalkw6.adp	229376	229376	229376	229376	229376
streams/SW/mtalkw7.adp	196608	196608	196608	196608	196608
streams/SW/mtalkw8.adp	229376	229376	229376	229376	229376
streams/SW/mtalkw9.adp	163840	163840	163840	163840	163840
streams/SW/shw1413.adp	163840	163840	163840	163840	163840
streams/SW/shw1414.adp	131072	131072	131072	131072	131072
streams/SW/shw1415.adp	196608	196608	196608	196608	196608
streams/SW/shw39.adp	1540096	1540096	1540096	1540096	1540096
streams/SW/shw94.adp	294912	294912	294912	294912	294912
streams/SW/tree2.adp	425984	425984	425984	425984	425984
streams/SW/treefall.adp	491520	491520	491520	491520	491520
streams/TOSKL/failed.adp	655360	655360	655360	655360	655360
streams/TREX/boss.adp	1998848	1998848	1998848	1998848	1998848
streams/TREX/end.adp	3342336	3342336	3342336	3342336	3342336
streams/TREX/intro.adp	1966080	1966080	1966080	1966080	1966080
streams/TTH/BloopAtt.adp	1015808	1015808	1015808	1015808	1015808
streams/TTH/BloopFai.adp	393216	393216	393216	393216	393216
streams/TTH/GetStaff.adp	2588672	2588672	2588672	2588672	2588672
streams/TTH/NoGift.adp	327680	327680	327680	327680	327680
streams/TTH/QueenHT.adp	4685824	4685824	4685824	4685824	4685824
streams/TTH/QueenIll.adp	1933312	1933312	1933312	1933312	1933312
streams/TTH/QueenOK.adp	8781824	8781824	8781824	8781824	8781824
streams/TTH/ThatMyMa.adp	360448	360448	360448	360448	360448
streams/TTH/WarpSton.adp	5275648	5275648	5275648	5275648	5275648
streams/TTH/beaclit.adp	1179648	1179648	1179648	1179648	1179648
streams/TTH/bloopded.adp	950272	950272	950272	950272	950272
streams/TTH/communic.adp	3866624	3866624	3866624	3866624	3866624
streams/TTH/crazth1.adp	950272	950272	950272	950272	950272
streams/TTH/crazth2.adp	458752	458752	458752	458752	458752
streams/TTH/fathgate.adp	3309568	3309568	3309568	3309568	3309568
streams/TTH/fighttra.adp	655360	655360	655360	655360	655360
streams/TTH/findcave.adp	1441792	1441792	1441792	1441792	1441792
streams/TTH/landing.adp	1703936	1703936	1703936	1703936	1703936
streams/TTH/mttalk0.adp	196608	196608	196608	196608	196608
streams/TTH/mttalk1.adp	163840	163840	163840	163840	163840
streams/TTH/mttalk2.adp	393216	393216	393216	393216	393216
streams/TTH/mttalk21.adp	163840	163840	163840	163840	163840
streams/TTH/mttalk3.adp	196608	196608	196608	196608	196608
streams/TTH/mttalk31.adp	163840	163840	163840	163840	163840
streams/TTH/mttalk40.adp	196608	196608	196608	196608	196608
streams/TTH/mttalk51.adp	425984	425984	425984	425984	425984
streams/TTH/mttalk52.adp	294912	294912	294912	294912	294912
streams/TTH/mttalk53.adp	327680	327680	327680	327680	327680
streams/TTH/mttalk61.adp	229376	229376	229376	229376	229376
streams/TTH/mttalk71.adp	196608	196608	196608	196608	196608
streams/TTH/mttalk81.adp	196608	196608	196608	196608	196608
streams/TTH/pickup.adp	425984	425984	425984	425984	425984
streams/TTH/pickup2.adp	425984	425984	425984	425984	425984
streams/TTH/qtalk0L.adp	163840	163840	163840	163840	163840
streams/TTH/qtalk1L.adp	131072	131072	131072	131072	131072
streams/TTH/qtalk21D.adp	196608	196608	196608	196608	196608
streams/TTH/qtalk22D.adp	131072	131072	131072	131072	131072
streams/TTH/qtalk23L.adp	196608	196608	196608	196608	196608
streams/TTH/qtalk24L.adp	163840	163840	163840	163840	163840
streams/TTH/qtalk2L.adp	360448	360448	360448	360448	360448
streams/TTH/qtalk31L.adp	557056	557056	557056	557056	557056
streams/TTH/qtalk3L.adp	163840	163840	163840	163840	163840
streams/TTH/qtalk4L.adp	163840	163840	163840	163840	163840
streams/TTH/qtalk51L.adp	229376	229376	229376	229376	229376
streams/TTH/qtalk52L.adp	294912	294912	294912	294912	294912
streams/TTH/qtalk61L.adp	131072	131072	131072	131072	131072
streams/TTH/qtalk71L.adp	163840	163840	163840	163840	163840
streams/TTH/qtalk81S.adp	262144	262144	262144	262144	262144
streams/TTH/qtalkm.adp	196608	196608	196608	196608	196608
streams/TTH/retwall.adp	1605632	1605632	1605632	1605632	1605632
streams/TTH/staffup.adp	786432	786432	786432	786432	786432
streams/TTH/tBeacLit.adp	491520	491520	491520	491520	491520
streams/TTH/tLanding.adp	1081344	1081344	1081344	1081344	1081344
streams/TTH/tTakeoff.adp	1310720	1310720	1310720	1310720	1310720
streams/TTH/takeoff.adp	1277952	1277952	1277952	1277952	1277952
streams/TTH/th01a_gp.adp	327680	327680	327680	327680	327680
streams/TTH/th01b_sa.adp	65536	65536	65536	65536	65536
streams/TTH/th01c_gp.adp	425984	425984	425984	425984	425984
streams/TTH/th01d_gp.adp	458752	458752	458752	458752	458752
streams/TTH/th01e_gp.adp	458752	458752	458752	458752	458752
streams/TTH/th01f_gp.adp	393216	393216	393216	393216	393216
streams/TTH/th01g_kr.adp	589824	589824	589824	589824	589824
streams/TTH/th01h_kr.adp	196608	196608	196608	196608	196608
streams/TTH/th01i_kr.adp	294912	294912	294912	294912	294912
streams/TTH/th01j_kr.adp	688128	688128	688128	688128	688128
streams/TTH/th01k_kr.adp	262144	262144	262144	262144	262144
streams/TTH/th02a_tr.adp	98304	98304	98304	98304	98304
streams/TTH/th02b_sa.adp	98304	98304	98304	98304	98304
streams/TTH/th02c_tr.adp	229376	229376	229376	229376	229376
streams/TTH/th02d_qu.adp	425984	425984	425984	425984	425984
streams/TTH/th02e_tr.adp	229376	229376	229376	229376	229376
streams/TTH/th02f_sa.adp	131072	131072	131072	131072	131072
streams/TTH/th03a_qu.adp	98304	98304	98304	98304	98304
streams/TTH/th03b_qu.adp	229376	229376	229376	229376	229376
streams/TTH/th03c_sa.adp	360448	360448	360448	360448	360448
streams/TTH/th03d_qu.adp	1048576	1048576	1048576	1048576	1048576
streams/TTH/th03e_sa.adp	229376	229376	229376	229376	229376
streams/TTH/th03f_qu.adp	262144	262144	262144	262144	262144
streams/TTH/th03g_sa.adp	65536	65536	65536	65536	65536
streams/TTH/th03h_qu.adp	688128	688128	688128	688128	688128
streams/TTH/th03i_sa.adp	196608	196608	196608	196608	196608
streams/TTH/th03j_qu.adp	589824	589824	589824	589824	589824
streams/TTH/th03k_sa.adp	655360	655360	655360	655360	655360
streams/TTH/th03l_tr.adp	229376	229376	229376	229376	229376
streams/TTH/th03m_qu.adp	557056	557056	557056	557056	557056
streams/TTH/th03n_sa.adp	589824	589824	589824	589824	589824
streams/TTH/th03o_qu.adp	262144	262144	262144	262144	262144
streams/TTH/th03p_sa.adp	163840	163840	163840	163840	163840
streams/TTH/th03q_tr.adp	163840	163840	163840	163840	163840
streams/TTH/th03r_sa.adp	262144	262144	262144	262144	262144
streams/TTH/th03s_tr.adp	98304	98304	98304	98304	98304
streams/TTH/th03t_qu.adp	917504	917504	917504	917504	917504
streams/TTH/th03u_sa.adp	32768	32768	32768	32768	32768
streams/TTH/th03v_qu.adp	229376	229376	229376	229376	229376
streams/TTH/th03w_qu.adp	458752	458752	458752	458752	458752
streams/TTH/th03x_sa.adp	196608	196608	196608	196608	196608
streams/TTH/th03y_tl.adp	393216	393216	393216	393216	393216
streams/TTH/th04a_mt.adp	262144	262144	262144	262144	262144
streams/TTH/th04b_mt.adp	360448	360448	360448	360448	360448
streams/TTH/th04c_mt.adp	229376	229376	229376	229376	229376
streams/TTH/th04d_mt.adp	360448	360448	360448	360448	360448
streams/TTH/th04e_qu.adp	622592	622592	622592	622592	622592
streams/TTH/th04f_tr.adp	262144	262144	262144	262144	262144
streams/TTH/th04g_sa.adp	262144	262144	262144	262144	262144
streams/TTH/th04h_qu.adp	393216	393216	393216	393216	393216
streams/TTH/th04i_tr.adp	98304	98304	98304	98304	98304
streams/TTH/th04j_sa.adp	98304	98304	98304	98304	98304
streams/TTH/th04k_qu.adp	688128	688128	688128	688128	688128
streams/TTH/th04l_qu.adp	327680	327680	327680	327680	327680
streams/TTH/th05a_tl.adp	360448	360448	360448	360448	360448
streams/TTH/th05b_sa.adp	196608	196608	196608	196608	196608
streams/TTH/th05c_tl.adp	131072	131072	131072	131072	131072
streams/TTH/th05d_sa.adp	163840	163840	163840	163840	163840
streams/TTH/th06a_ss.adp	524288	524288	524288	524288	524288
streams/TTH/th06b_ss.adp	491520	491520	491520	491520	491520
streams/TTH/th06c_sa.adp	196608	196608	196608	196608	196608
streams/TTH/th06d_ss.adp	196608	196608	196608	196608	196608
streams/TTH/th06e_ss.adp	262144	262144	262144	262144	262144
streams/TTH/th07a_sa.adp	262144	262144	262144	262144	262144
streams/TTH/th07b_tl.adp	851968	851968	851968	851968	851968
streams/TTH/th07c_tl.adp	131072	131072	131072	131072	131072
streams/TTH/th07d_sa.adp	294912	294912	294912	294912	294912
streams/TTH/th07d_tl.adp	1310720	1310720	1310720	1310720	1310720
streams/TTH/th07f_tl.adp	163840	163840	163840	163840	163840
streams/TTH/th07g_tl.adp	425984	425984	425984	425984	425984
streams/TTH/th08a_qu.adp	589824	589824	589824	589824	589824
streams/TTH/th08b_sa.adp	294912	294912	294912	294912	294912
streams/TTH/th08c_qu.adp	294912	294912	294912	294912	294912
streams/TTH/th08d_tr.adp	327680	327680	327680	327680	327680
streams/TTH/th09a_qu.adp	163840	163840	163840	163840	163840
streams/TTH/th09b_qu.adp	163840	163840	163840	163840	163840
streams/TTH/th09c_qu.adp	557056	557056	557056	557056	557056
streams/TTH/th09d_qu.adp	196608	196608	196608	196608	196608
streams/TTH/th09e_qu.adp	131072	131072	131072	131072	131072
streams/TTH/th09f_tl.adp	196608	196608	196608	196608	196608
streams/TTH/th09g_tl.adp	196608	196608	196608	196608	196608
streams/TTH/th09h_tl.adp	163840	163840	163840	163840	163840
streams/TTH/th09i_tl.adp	229376	229376	229376	229376	229376
streams/TTH/th09j_tl.adp	294912	294912	294912	294912	294912
streams/TTH/th09k_tl.adp	163840	163840	163840	163840	163840
streams/TTH/th09l_tl.adp	262144	262144	262144	262144	262144
streams/TTH/th09m_tl.adp	196608	196608	196608	196608	196608
streams/TTH/th09n_tl.adp	131072	131072	131072	131072	131072
streams/TTH/th09o_tl.adp	327680	327680	327680	327680	327680
streams/TTH/th09p_tl.adp	393216	393216	393216	393216	393216
streams/TTH/th09q_tl.adp	131072	131072	131072	131072	131072
streams/TTH/th09r_tl.adp	196608	196608	196608	196608	196608
streams/TTH/th09s_tl.adp	294912	294912	294912	294912	294912
streams/TTH/th09t_tl.adp	262144	262144	262144	262144	262144
streams/TTH/th09u_tl.adp	393216	393216	393216	393216	393216
streams/TTH/th10a_tl.adp	163840	163840	163840	163840	163840
streams/TTH/th10b_tl.adp	163840	163840	163840	163840	163840
streams/TTH/th10c_tl.adp	163840	163840	163840	163840	163840
streams/TTH/th10d_tl.adp	163840	163840	163840	163840	163840
streams/TTH/th10e_tl.adp	262144	262144	262144	262144	262144
streams/TTH/th10f_tl.adp	327680	327680	327680	327680	327680
streams/TTH/th10g_tl.adp	98304	98304	98304	98304	98304
streams/TTH/th10h_tl.adp	262144	262144	262144	262144	262144
streams/TTH/th10i_tl.adp	196608	196608	196608	196608	196608
streams/TTH/th10j_tl.adp	229376	229376	229376	229376	229376
streams/TTH/th10k_tl.adp	196608	196608	196608	196608	196608
streams/TTH/th10l_tl.adp	262144	262144	262144	262144	262144
streams/TTH/th10m_tl.adp	262144	262144	262144	262144	262144
streams/TTH/th10n_tl.adp	262144	262144	262144	262144	262144
streams/TTH/th10o_tl.adp	262144	262144	262144	262144	262144
streams/TTH/th10p_tl.adp	262144	262144	262144	262144	262144
streams/TTH/th10q_tl.adp	163840	163840	163840	163840	163840
streams/TTH/th10r_tl.adp	262144	262144	262144	262144	262144
streams/TTH/th10s_tl.adp	196608	196608	196608	196608	196608
streams/TTH/th10t_tl.adp	360448	360448	360448	360448	360448
streams/TTH/th10u_tl.adp	196608	196608	196608	196608	196608
streams/TTH/th10v_tl.adp	196608	196608	196608	196608	196608
streams/TTH/th10w_tl.adp	163840	163840	163840	163840	163840
streams/TTH/trtalk2.adp	262144	262144	262144	262144	262144
streams/TTH/ttalk0.adp	196608	196608	196608	196608	196608
streams/TTH/ttalk1.adp	196608	196608	196608	196608	196608
streams/TTH/ttalk10.adp	393216	393216	393216	393216	393216
streams/TTH/ttalk11.adp	131072	131072	131072	131072	131072
streams/TTH/ttalk111.adp	196608	196608	196608	196608	196608
streams/TTH/ttalk112.adp	196608	196608	196608	196608	196608
streams/TTH/ttalk113.adp	163840	163840	163840	163840	163840
streams/TTH/ttalk12.adp	196608	196608	196608	196608	196608
streams/TTH/ttalk13.adp	294912	294912	294912	294912	294912
streams/TTH/ttalk14.adp	262144	262144	262144	262144	262144
streams/TTH/ttalk2.adp	163840	163840	163840	163840	163840
streams/TTH/ttalk21a.adp	163840	163840	163840	163840	163840
streams/TTH/ttalk21b.adp	163840	163840	163840	163840	163840
streams/TTH/ttalk22a.adp	196608	196608	196608	196608	196608
streams/TTH/ttalk22b.adp	163840	163840	163840	163840	163840
streams/TTH/ttalk23a.adp	262144	262144	262144	262144	262144
streams/TTH/ttalk23b.adp	327680	327680	327680	327680	327680
streams/TTH/ttalk24a.adp	229376	229376	229376	229376	229376
streams/TTH/ttalk24b.adp	262144	262144	262144	262144	262144
streams/TTH/ttalk25a.adp	196608	196608	196608	196608	196608
streams/TTH/ttalk25b.adp	229376	229376	229376	229376	229376
streams/TTH/ttalk3.adp	229376	229376	229376	229376	229376
streams/TTH/ttalk31a.adp	229376	229376	229376	229376	229376
streams/TTH/ttalk31b.adp	262144	262144	262144	262144	262144
streams/TTH/ttalk32a.adp	262144	262144	262144	262144	262144
streams/TTH/ttalk32b.adp	262144	262144	262144	262144	262144
streams/TTH/ttalk33a.adp	131072	131072	131072	131072	131072
streams/TTH/ttalk33b.adp	262144	262144	262144	262144	262144
streams/TTH/ttalk34a.adp	163840	163840	163840	163840	163840
streams/TTH/ttalk34b.adp	262144	262144	262144	262144	262144
streams/TTH/ttalk35a.adp	196608	196608	196608	196608	196608
streams/TTH/ttalk35b.adp	360448	360448	360448	360448	360448
streams/TTH/ttalk4.adp	294912	294912	294912	294912	294912
streams/TTH/ttalk5.adp	163840	163840	163840	163840	163840
streams/TTH/ttalk51.adp	163840	163840	163840	163840	163840
streams/TTH/ttalk52.adp	131072	131072	131072	131072	131072
streams/TTH/ttalk53.adp	131072	131072	131072	131072	131072
streams/TTH/ttalk6.adp	229376	229376	229376	229376	229376
streams/TTH/ttalk7.adp	196608	196608	196608	196608	196608
streams/TTH/ttalk8.adp	131072	131072	131072	131072	131072
streams/TTH/ttalk81.adp	262144	262144	262144	262144	262144
streams/TTH/ttalk82.adp	131072	131072	131072	131072	131072
streams/TTH/ttalk83.adp	262144	262144	262144	262144	262144
streams/TTH/ttalk9.adp	327680	327680	327680	327680	327680
streams/TTH/ttalkbel.adp	229376	229376	229376	229376	229376
streams/TTH/tth11.adp	393216	393216	393216	393216	393216
streams/TTH/tth128.adp	1277952	1277952	1277952	1277952	1277952
streams/TTH/tth1393.adp	1146880	1146880	1146880	1146880	1146880
streams/TTH/tth1422.adp	327680	327680	327680	327680	327680
streams/TTH/tth226.adp	229376	229376	229376	229376	229376
streams/TTH/tth227.adp	1015808	1015808	1015808	1015808	1015808
streams/TTH/tth243.adp	163840	163840	163840	163840	163840
streams/TTH/tth30.adp	1998848	1998848	1998848	1998848	1998848
streams/TTH/tth31.adp	4653056	4653056	4653056	4653056	4653056
streams/TTH/tth507.adp	393216	393216	393216	393216	393216
streams/TTH/tth73.adp	622592	622592	622592	622592	622592
streams/TTH/wellintr.adp	884736	884736	884736	884736	884736
streams/VFP/vf01a_tr.adp	65536	65536	65536	65536	65536
streams/VFP/vf01b_sa.adp	163840	163840	163840	163840	163840
streams/VFP/vf01c_pe.adp	983040	983040	983040	983040	983040
streams/VFP/vf01d_sa.adp	131072	131072	131072	131072	131072
streams/VFP/vf01e_pe.adp	2523136	2523136	2523136	2523136	2523136
streams/VFP/vfp1177.adp	2654208	2654208	2654208	2654208	2654208
streams/VFP/vfp1218.adp	557056	557056	557056	557056	557056
streams/VFP/vfp1409.adp	557056	557056	557056	557056	557056
streams/VFP/vfp1426.adp	491520	491520	491520	491520	491520
streams/VFP/vfp1429.adp	425984	425984	425984	425984	425984
streams/VFP/vfp709.adp	589824	589824	589824	589824	589824
streams/WC/tricbye1.adp	196608	196608	196608	196608	196608
streams/WC/tricbye2.adp	163840	163840	163840	163840	163840
streams/WC/wc02a_ke.adp	393216	393216	393216	393216	393216
streams/WC/wc02b_ke.adp	294912	294912	294912	294912	294912
streams/WC/wc02c_sa.adp	131072	131072	131072	131072	131072
streams/WC/wc02d_ke.adp	327680	327680	327680	327680	327680
streams/WC/wc02e_ke.adp	425984	425984	425984	425984	425984
streams/WC/wc02i_tr.adp	131072	131072	131072	131072	131072
streams/WC/wc03a_ke.adp	229376	229376	229376	229376	229376
streams/WC/wc03c_ke.adp	425984	425984	425984	425984	425984
streams/WC/wc03d_ke.adp	294912	294912	294912	294912	294912
streams/WC/wc03h_tr.adp	65536	65536	65536	65536	65536
streams/WC/wc03j_tr.adp	98304	98304	98304	98304	98304
streams/WC/wc04a_sa.adp	196608	196608	196608	196608	196608
streams/WC/wc04b_tr.adp	163840	163840	163840	163840	163840
streams/WC/wc04c_sa.adp	163840	163840	163840	163840	163840
streams/WC/wc04d_sa.adp	262144	262144	262144	262144	262144
streams/WC/wc04e_sa.adp	360448	360448	360448	360448	360448
streams/WC/wc04f_sa.adp	229376	229376	229376	229376	229376
streams/WC/wc04g_tr.adp	327680	327680	327680	327680	327680
streams/WC/wc04t_tr.adp	98304	98304	98304	98304	98304
streams/WC/wc05a_sa.adp	65536	65536	65536	65536	65536
streams/WC/wc05b_gn.adp	393216	393216	393216	393216	393216
streams/WC/wc05c_sa.adp	360448	360448	360448	360448	360448
streams/WC/wc05d_gn.adp	524288	524288	524288	524288	524288
streams/WC/wc05e_gn.adp	98304	98304	98304	98304	98304
streams/WC/wc05f_fa.adp	294912	294912	294912	294912	294912
streams/WC/wc05g_fa.adp	425984	425984	425984	425984	425984
streams/WC/wc05h_sa.adp	163840	163840	163840	163840	163840
streams/WC/wc05i_fa.adp	294912	294912	294912	294912	294912
streams/WC/wc05j_fa.adp	131072	131072	131072	131072	131072
streams/WC/wc10a.adp	131072	131072	131072	131072	131072
streams/WC/wc10b.adp	294912	294912	294912	294912	294912
streams/WC/wc10c.adp	262144	262144	262144	262144	262144
streams/WC/wc10d.adp	163840	163840	163840	163840	163840
streams/WC/wc10e.adp	163840	163840	163840	163840	163840
streams/WC/wc10f.adp	163840	163840	163840	163840	163840
streams/WC/wc1296.adp	1277952	1277952	1277952	1277952	1277952
streams/WC/wc1342.adp	2555904	2555904	2555904	2555904	2555904
streams/WC/wc1343.adp	163840	163840	163840	163840	163840
streams/WC/wc1344.adp	196608	196608	196608	196608	196608
streams/WC/wc1345.adp	131072	131072	131072	131072	131072
streams/WC/wc1346.adp	229376	229376	229376	229376	229376
streams/WC/wc1348.adp	2883584	2883584	2883584	2883584	2883584
streams/WC/wc1434.adp	2555904	2555904	2555904	2555904	2555904
streams/WC/wc1437.adp	229376	229376	229376	229376	229376
streams/WC/wc1438.adp	163840	163840	163840	163840	163840
streams/WC/wc1439.adp	196608	196608	196608	196608	196608
streams/WC/wc1440.adp	196608	196608	196608	196608	196608
streams/WC/wc1441.adp	229376	229376	229376	229376	229376
streams/WC/wc1442.adp	163840	163840	163840	163840	163840
streams/WC/wc1443.adp	262144	262144	262144	262144	262144
streams/WC/wc1444.adp	196608	196608	196608	196608	196608
streams/WC/wc1445.adp	196608	196608	196608	196608	196608
streams/WC/wc1446.adp	196608	196608	196608	196608	196608
streams/WC/wc1447.adp	262144	262144	262144	262144	262144
streams/WC/wc1448.adp	229376	229376	229376	229376	229376
streams/WC/wc1449.adp	196608	196608	196608	196608	196608
streams/WC/wc1450.adp	327680	327680	327680	327680	327680
streams/WC/wc1457.adp	360448	360448	360448	360448	360448
streams/WC/wc1458.adp	229376	229376	229376	229376	229376
streams/WC/wc1459.adp	262144	262144	262144	262144	262144
streams/WC/wc1460.adp	262144	262144	262144	262144	262144
streams/WC/wc1461.adp	163840	163840	163840	163840	163840
streams/WC/wc1462.adp	163840	163840	163840	163840	163840
streams/WC/wc1463.adp	196608	196608	196608	196608	196608
streams/WC/wc1464.adp	294912	294912	294912	294912	294912
streams/WC/wc1465.adp	229376	229376	229376	229376	229376
streams/WC/wc1466.adp	327680	327680	327680	327680	327680
streams/WC/wc1469.adp	393216	393216	393216	393216	393216
streams/WC/wc1470.adp	229376	229376	229376	229376	229376
streams/WC/wc1471.adp	425984	425984	425984	425984	425984
streams/WC/wc1472.adp	229376	229376	229376	229376	229376
streams/WC/wc372.adp	425984	425984	425984	425984	425984
streams/WC/wc974.adp	425984	425984	425984	425984	425984
streams/WC/wc977.adp	425984	425984	425984	425984	425984
streams/WC/wc979.adp	458752	458752	458752	458752	458752
swapcircle.romlist.zlb	21344	21344	21344	21344	21344
swaphol/ANIM.BIN	1286016	1286016	1286016	1286016	1286016
swaphol/ANIM.TAB	10400	10400	10400	10400	10400
swaphol/ANIMCURV.bin	283584	283616	283584	283616	283584
swaphol/ANIMCURV.tab	25280	25280	25280	25280	25280
swaphol/MODELIND.bin	3776	3776	3776	3776	3776
swaphol/MODELS.bin	678464	678464	678464	678464	678464
swaphol/MODELS.tab	5056	5056	5056	5056	5056
swaphol/OBJSEQ.bin	28832	28832	28832	28832	28832
swaphol/OBJSEQ.tab	2976	2976	2976	2976	2976
swaphol/OBJSEQ2C.tab	2976	2976	2976	2976	2976
swaphol/TEX0.bin	363232	363168	363168	363168	363232
swaphol/TEX0.tab	3488	3520	3520	3520	3488
swaphol/TEX1.bin	2032928	2032800	2032800	2032800	2032928
swaphol/TEX1.tab	9216	9248	9248	9248	9248
swaphol/VOXMAP.bin	42496	42496	42496	42496	42496
swaphol/VOXMAP.tab	6400	6400	6400	6400	6400
swaphol/mod13.tab	1152	1152	1152	1152	1152
swaphol/mod13.zlb.bin	292640	292640	292640	292640	292640
swapholbot/ANIM.BIN	125920	125920	125920	125920	125920
swapholbot/ANIM.TAB	10400	10400	10400	10400	10400
swapholbot/ANIMCURV.bin	46624	46624	46624	46624	46624
swapholbot/ANIMCURV.tab	25280	25280	25280	25280	25280
swapholbot/MODELIND.bin	3776	3776	3776	3776	3776
swapholbot/MODELS.bin	73248	73248	73248	73248	73248
swapholbot/MODELS.tab	5056	5056	5056	5056	5056
swapholbot/OBJSEQ.bin	28832	28832	28832	28832	28832
swapholbot/OBJSEQ.tab	2976	2976	2976	2976	2976
swapholbot/OBJSEQ2C.tab	2976	2976	2976	2976	2976
swapholbot/TEX0.bin	212512	212448	212448	212448	212512
swapholbot/TEX0.tab	3488	3520	3520	3520	3488
swapholbot/TEX1.bin	330528	330464	330464	330464	330528
swapholbot/TEX1.tab	9216	9248	9248	9248	9216
swapholbot/VOXMAP.bin	11552	11552	11552	11552	11552
swapholbot/VOXMAP.tab	6400	6400	6400	6400	6400
swapholbot/mod20.tab	1792	1792	1792	1792	1792
swapholbot/mod20.zlb.bin	167264	167264	167264	167264	167264
swapstore.romlist.zlb	2880	2880	2880	2880	2880
temple.romlist.zlb	23424	23424	23424	23424	23424
trexboss.romlist.zlb	7200	7200	7200	7200	7200
vfppushblock.romlist.zlb	96	96	96	96	96
vfpslide1.romlist.zlb	64	64	64	64	64
vfpslide2.romlist.zlb	96	96	96	96	96
volcano/ANIM.BIN	1152704	1152704	1152704	1152704	1152704
volcano/ANIM.TAB	10400	10400	10400	10400	10400
volcano/ANIMCURV.bin	118944	118944	118944	118944	118944
volcano/ANIMCURV.tab	25280	25280	25280	25280	25280
volcano/MODELIND.bin	3776	3776	3776	3776	3776
volcano/MODELS.bin	551040	551040	551040	551040	551040
volcano/MODELS.tab	5056	5056	5056	5056	5056
volcano/OBJSEQ.bin	28832	28832	28832	28832	28832
volcano/OBJSEQ.tab	2976	2976	2976	2976	2976
volcano/OBJSEQ2C.tab	2976	2976	2976	2976	2976
volcano/TEX0.bin	327296	327232	327232	327232	327296
volcano/TEX0.tab	3488	3520	3520	3520	3488
volcano/TEX1.bin	2144320	2144256	2144256	2144256	2144320
volcano/TEX1.tab	9248	9248	9248	9248	9248
volcano/VOXMAP.bin	64512	64512	64512	64512	64512
volcano/VOXMAP.tab	6400	6400	6400	6400	6400
volcano/mod16.tab	1824	1824	1824	1824	1824
volcano/mod8.tab	768	768	768	768	768
volcano/mod8.zlb.bin	654624	654624	654624	654624	654624
wallcity.romlist.zlb	28576	28576	28576	28576	28576
wallcity/ANIM.BIN	1112512	1112512	1112512	1112512	1112512
wallcity/ANIM.TAB	10400	10400	10400	10400	10400
wallcity/ANIMCURV.bin	133376	133376	133376	133376	133376
wallcity/ANIMCURV.tab	25280	25280	25280	25280	25280
wallcity/MODELIND.bin	3776	3776	3776	3776	3776
wallcity/MODELS.bin	626720	626720	626720	626720	626720
wallcity/MODELS.tab	5056	5056	5056	5056	5056
wallcity/OBJSEQ.bin	28832	28832	28832	28832	28832
wallcity/OBJSEQ.tab	2976	2976	2976	2976	2976
wallcity/OBJSEQ2C.tab	2976	2976	2976	2976	2976
wallcity/TEX0.bin	341568	341504	341504	341504	341568
wallcity/TEX0.tab	3488	3520	3520	3520	3488
wallcity/TEX1.bin	2115712	2115584	2115584	2115584	2115712
wallcity/TEX1.tab	9216	9248	9248	9248	9248
wallcity/VOXMAP.bin	1536	1536	1536	1536	1536
wallcity/VOXMAP.tab	6400	6400	6400	6400	6400
wallcity/mod21.tab	2048	2048	2048	2048	2048
wallcity/mod21.zlb.bin	504640	504640	504640	504640	504640
warlock.romlist.zlb	14048	14048	14048	14048	14048
warlock/ANIM.BIN	1348864	1348864	1348864	1348864	1348864
warlock/ANIM.TAB	10400	10400	10400	10400	10400
warlock/ANIMCURV.bin	197408	197408	197408	197408	197408
warlock/ANIMCURV.tab	25280	25280	25280	25280	25280
warlock/MODELIND.bin	3776	3776	3776	3776	3776
warlock/MODELS.bin	702400	702400	702400	702400	702400
warlock/MODELS.tab	5056	5056	5056	5056	5056
warlock/OBJSEQ.bin	28832	28832	28832	28832	28832
warlock/OBJSEQ.tab	2976	2976	2976	2976	2976
warlock/OBJSEQ2C.tab	2976	2976	2976	2976	2976
warlock/TEX0.bin	331424	331360	331360	331360	331424
warlock/TEX0.tab	3488	3520	3520	3520	3488
warlock/TEX1.bin	1816864	1816800	1816800	1816800	1816864
warlock/TEX1.tab	9216	9248	9248	9248	9216
warlock/VOXMAP.bin	25888	25888	25888	25888	25888
warlock/VOXMAP.tab	6400	6400	6400	6400	6400
warlock/mod16.tab	1536	1536	1536	1536	1536
warlock/mod16.zlb.bin	838304	838304	838304	838304	838304
wastes.romlist.zlb	26208	26208	26208	26208	26208
wcbouncycrate.romlist.zlb	64	64	64	64	64
wcpushblock.romlist.zlb	64	64	64	64	64
wctemplelift.romlist.zlb	64	64	64	64	64
wgshrine.romlist.zlb	992	992	992	992	992
willow.romlist.zlb	64	64	64	64	64
wmcolrise.romlist.zlb	64	64	64	64	64
wminsert.romlist.zlb	128	128	128	128	128
worldmap/ANIM.BIN	87584	87584	87584	87584	87584
worldmap/ANIM.TAB	10400	10400	10400	10400	10400
worldmap/ANIMCURV.bin	10560	10560	10560	10560	10560
worldmap/ANIMCURV.tab	25280	25280	25280	25280	25280
worldmap/MODELIND.bin	3776	3776	3776	3776	3776
worldmap/MODELS.bin	327872	327872	327872	327872	327872
worldmap/MODELS.tab	5056	5056	5056	5056	5056
worldmap/OBJSEQ.bin	28832	28832	28832	28832	28832
worldmap/OBJSEQ.tab	2976	2976	2976	2976	2976
worldmap/OBJSEQ2C.tab	2976	2976	2976	2976	2976
worldmap/TEX0.bin	89504	89440	89440	89440	89504
worldmap/TEX0.tab	3488	3520	3520	3520	3488
worldmap/TEX1.bin	733792	733728	733728	733728	733792
worldmap/TEX1.tab	9216	9248	9248	9248	9216
worldmap/VOXMAP.bin	0	0	0	0	0
worldmap/VOXMAP.tab	6400	6400	6400	6400	6400
worldmap/mod3.tab	480	480	480	480	480
worldmap/mod46.tab	3904	3904	3904	3904	3904
worldmap/mod46.zlb.bin	192	192	192	192	192
