path	size	offset
AMAP.BIN	200864	0x360000
AMAP.BIN.changed	4	0x3910a0
AMAP.TAB	5024	0x3910a4
AMAP.TAB.changed	4	0x392444
AMBIENT.bin	1232416	0x392448
AMBIENT.bin.changed	4	0x4bf268
AMBIENT.tab	32	0x4bf26c
AMBIENT.tab.changed	4	0x4bf28c
ANIM.BIN	119520	0x4bf290
ANIM.BIN.changed	4	0x4dc570
ANIM.INDEX	70	0x4dc574
ANIM.TAB	10208	0x4dc5bc
ANIM.TAB.changed	4	0x4ded9c
ANIMCURV.bin	60000	0x4deda0
ANIMCURV.tab	22816	0x4ed800
ANIMCURVES.bin	1362848	0x4f3120
ANIMCURVES.bin.changed	4	0x63fcc0
ANIMCURVES.map	60	0x63fcc4
ANIMCURVES.tab	62144	0x63fd00
ANIMCURVES.tab.changed	4	0x64efc0
animtest.sqs	763	0x9e31a8
animtest/ANIM.BIN	1608736	0x64efc4
animtest/ANIM.TAB	10208	0x7d7be4
animtest/ANIMCURV.bin	17408	0x7da3c4
animtest/ANIMCURV.tab	22816	0x7de7c4
animtest/animtest.sqs	763	0x7e40e4
animtest/mod41.bin	604800	0x7e43e0
animtest/mod41.tab	3840	0x877e60
animtest/mod5.bin	50336	0x878d60
animtest/mod5.tab	96	0x885200
animtest/mod6.bin	59808	0x885260
animtest/mod6.blk	435	0x893c00
animtest/mod6.lzo.bin	36928	0x893db4
animtest/mod6.tab	832	0x89cdf4
animtest/mod6.tex	785	0x89d134
animtest/mod6.zlb.bin	28224	0x89d448
animtest/MODELIND.bin	3776	0x8a4288
animtest/MODELS.bin	331936	0x8a5148
animtest/MODELS.tab	5056	0x8f61e8
animtest/OBJSEQ.bin	27392	0x8f75a8
animtest/OBJSEQ.tab	2784	0x8fe0a8
animtest/OBJSEQ2C.tab	2784	0x8feb88
animtest/TEX0.bin	291584	0x8ff668
animtest/TEX0.tab	3648	0x946968
animtest/TEX1.bin	619744	0x9477a8
animtest/TEX1.tab	9664	0x9dec88
animtest/VOXMAP.bin	1408	0x9e1248
animtest/VOXMAP.tab	6624	0x9e17c8
arwing/ANIM.BIN	164992	0x9e34a4
arwing/ANIM.TAB	10208	0xa0b924
arwing/ANIMCURV.bin	48096	0xa0e104
arwing/ANIMCURV.tab	22752	0xa19ce4
arwing/mod3.bin	578816	0xa1f5c4
arwing/mod3.lzo.bin	375360	0xaacac4
arwing/mod3.tab	480	0xb08504
arwing/mod3.zlb.bin	311616	0xb086e4
arwing/mod4.bin	18848	0xb54824
arwing/mod4.tab	384	0xb591c4
arwing/MODELIND.bin	3776	0xb59344
arwing/MODELS.bin	486528	0xb5a204
arwing/MODELS.tab	5056	0xbd0e84
arwing/OBJSEQ.bin	27392	0xbd2244
arwing/OBJSEQ.tab	2784	0xbd8d44
arwing/OBJSEQ2C.tab	2784	0xbd9824
arwing/TEX0.bin	111776	0xbda304
arwing/TEX0.tab	3648	0xbf57a4
arwing/TEX1.bin	1980160	0xbf65e4
arwing/TEX1.tab	9664	0xdd9ce4
arwing/VOXMAP.bin	6240	0xddc2a4
arwing/VOXMAP.tab	6624	0xdddb04
arwingcity/ANIM.BIN	88928	0xddf4e4
arwingcity/ANIM.TAB	10208	0xdf5044
arwingcity/ANIMCURV.bin	28032	0xdf7824
arwingcity/ANIMCURV.tab	22816	0xdfe5a4
arwingcity/mod60.bin	372640	0xe03ec4
arwingcity/mod60.tab	6112	0xe5ee64
arwingcity/mod60.zlb.bin	564608	0xe60644
arwingcity/MODELIND.bin	3776	0xeea3c4
arwingcity/MODELS.bin	294912	0xeeb284
arwingcity/MODELS.tab	5056	0xf33284
arwingcity/OBJSEQ.bin	27392	0xf34644
arwingcity/OBJSEQ.tab	2784	0xf3b144
arwingcity/OBJSEQ2C.tab	2784	0xf3bc24
arwingcity/TEX0.bin	69024	0xf3c704
arwingcity/TEX0.tab	3648	0xf4d4a4
arwingcity/TEX1.bin	1340032	0xf4e2e4
arwingcity/TEX1.tab	9664	0x1095564
arwingcity/VOXMAP.bin	0	0x1097b24
arwingcity/VOXMAP.tab	6624	0x1097b24
arwingcloud/ANIM.BIN	88928	0x1099504
arwingcloud/ANIM.TAB	10208	0x10af064
arwingcloud/ANIMCURV.bin	27840	0x10b1844
arwingcloud/ANIMCURV.tab	22816	0x10b8504
arwingcloud/mod59.bin	934112	0x10bde24
arwingcloud/mod59.tab	5856	0x11a1f04
arwingcloud/mod59.zlb.bin	524512	0x11a35e4
arwingcloud/MODELIND.bin	3776	0x12236c4
arwingcloud/MODELS.bin	325824	0x1224584
arwingcloud/MODELS.tab	5056	0x1273e44
arwingcloud/OBJSEQ.bin	27392	0x1275204
arwingcloud/OBJSEQ.tab	2784	0x127bd04
arwingcloud/OBJSEQ2C.tab	2784	0x127c7e4
arwingcloud/TEX0.bin	69024	0x127d2c4
arwingcloud/TEX0.tab	3648	0x128e064
arwingcloud/TEX1.bin	1580480	0x128eea4
arwingcloud/TEX1.tab	9664	0x1410c64
arwingcloud/VOXMAP.bin	0	0x1413224
arwingcloud/VOXMAP.tab	6624	0x1413224
arwingdarkice/ANIM.BIN	89280	0x1414c04
arwingdarkice/ANIM.TAB	10208	0x142a8c4
arwingdarkice/ANIMCURV.bin	27840	0x142d0a4
arwingdarkice/ANIMCURV.tab	22816	0x1433d64
arwingdarkice/mod58.bin	545824	0x1439684
arwingdarkice/mod58.lzo.bin	375488	0x14beaa4
arwingdarkice/mod58.tab	5600	0x151a564
arwingdarkice/mod58.zlb.bin	311680	0x151bb44
arwingdarkice/MODELIND.bin	3776	0x1567cc4
arwingdarkice/MODELS.bin	299232	0x1568b84
arwingdarkice/MODELS.tab	5056	0x15b1c64
arwingdarkice/OBJSEQ.bin	27392	0x15b3024
arwingdarkice/OBJSEQ.tab	2784	0x15b9b24
arwingdarkice/OBJSEQ2C.tab	2784	0x15ba604
arwingdarkice/TEX0.bin	87296	0x15bb0e4
arwingdarkice/TEX0.tab	3648	0x15d05e4
arwingdarkice/TEX1.bin	870368	0x15d1424
arwingdarkice/TEX1.tab	9664	0x16a5c04
arwingdarkice/VOXMAP.bin	0	0x16a81c4
arwingdarkice/VOXMAP.tab	6624	0x16a81c4
arwingdragon/ANIM.BIN	88736	0x16a9ba4
arwingdragon/ANIM.TAB	10208	0x16bf644
arwingdragon/ANIMCURV.bin	27840	0x16c1e24
arwingdragon/ANIMCURV.tab	22752	0x16c8ae4
arwingdragon/mod61.bin	636448	0x16ce3c4
arwingdragon/mod61.tab	6368	0x17699e4
arwingdragon/mod61.zlb.bin	280960	0x176b2c4
arwingdragon/MODELIND.bin	3776	0x17afc44
arwingdragon/MODELS.bin	198752	0x17b0b04
arwingdragon/MODELS.tab	5056	0x17e1364
arwingdragon/OBJSEQ.bin	27392	0x17e2724
arwingdragon/OBJSEQ.tab	2784	0x17e9224
arwingdragon/OBJSEQ2C.tab	2784	0x17e9d04
arwingdragon/TEX0.bin	67488	0x17ea7e4
arwingdragon/TEX0.tab	3648	0x17faf84
arwingdragon/TEX1.bin	1162912	0x17fbdc4
arwingdragon/TEX1.tab	9664	0x1917c64
arwingdragon/VOXMAP.bin	0	0x191a224
arwingdragon/VOXMAP.tab	6624	0x191a224
arwingtoplanet/ANIM.BIN	88736	0x191bc04
arwingtoplanet/ANIM.TAB	10208	0x19316a4
arwingtoplanet/ANIMCURV.bin	27840	0x1933e84
arwingtoplanet/ANIMCURV.tab	22816	0x193ab44
arwingtoplanet/mod57.bin	758048	0x1940464
arwingtoplanet/mod57.lzo.bin	500512	0x19f9584
arwingtoplanet/mod57.tab	5344	0x1a738a4
arwingtoplanet/mod57.zlb.bin	357568	0x1a74d84
arwingtoplanet/MODELIND.bin	3776	0x1acc244
arwingtoplanet/MODELS.bin	304672	0x1acd104
arwingtoplanet/MODELS.tab	5056	0x1b17724
arwingtoplanet/OBJSEQ.bin	27392	0x1b18ae4
arwingtoplanet/OBJSEQ.tab	2784	0x1b1f5e4
arwingtoplanet/OBJSEQ2C.tab	2784	0x1b200c4
arwingtoplanet/TEX0.bin	69024	0x1b20ba4
arwingtoplanet/TEX0.tab	3648	0x1b31944
arwingtoplanet/TEX1.bin	1046560	0x1b32784
arwingtoplanet/TEX1.tab	9664	0x1c31fa4
arwingtoplanet/VOXMAP.bin	0	0x1c34564
arwingtoplanet/VOXMAP.tab	6624	0x1c34564
AUDIO.bin	1170816	0x2e0f600
AUDIO.bin.changed	4	0x2f2d380
AUDIO.tab	128	0x2f2d384
AUDIO.tab.changed	4	0x2f2d404
audio/data/Empty0.bin	262144	0x1c35f44
audio/data/Empty1.bin	262144	0x1c75f44
audio/data/Empty2.bin	262144	0x1cb5f44
audio/data/Empty3.bin	262144	0x1cf5f44
audio/data/Empty4.bin	262144	0x1d35f44
audio/data/Empty5.bin	262144	0x1d75f44
audio/data/Empty6.bin	262144	0x1db5f44
audio/data/Empty7.bin	262144	0x1df5f44
audio/data/Music.bin	2128	0x1e35f44
audio/data/Sfx.bin	33792	0x1e36794
audio/data/Streams.bin	11880	0x1e3eb94
audio/midi.wad	1337984	0x1e419fc
audio/starfoxm.poo	65700	0x1f8847c
audio/starfoxm.pro	7840	0x1f98520
audio/starfoxm.sam	6096832	0x1f9a3c0
audio/starfoxm.sdi	46156	0x256ab80
audio/starfoxs.poo	61948	0x2575fcc
audio/starfoxs.pro	23332	0x25851c8
audio/starfoxs.sam	8872920	0x258acec
audio/starfoxs.sdi	58684	0x2e010c4
BIN	0	0x2f2d408
BITTABLE.bin	13504	0x2f2d408
BITTABLE.bin.changed	4	0x2f308c8
BLKEXTRA.bin	48	0x2f308cc
BLOCKS.bin	10623136	0x2f308fc
BLOCKS.bin.changed	4	0x395219c
BLOCKS.tab	5088	0x39521a0
BLOCKS.tab.changed	4	0x3953580
bossdrakor/ANIM.BIN	1612224	0x3953584
bossdrakor/ANIM.TAB	10208	0x3adcf44
bossdrakor/ANIMCURV.bin	39584	0x3adf724
bossdrakor/ANIMCURV.tab	22752	0x3ae91c4
bossdrakor/mod52.bin	5696	0x3aeeaa4
bossdrakor/mod52.tab	4896	0x3af00e4
bossdrakor/mod52.zlb.bin	710656	0x3af1404
bossdrakor/MODELIND.bin	3776	0x3b9ec04
bossdrakor/MODELS.bin	382304	0x3b9fac4
bossdrakor/MODELS.tab	5056	0x3bfd024
bossdrakor/OBJSEQ.bin	27392	0x3bfe3e4
bossdrakor/OBJSEQ.tab	2784	0x3c04ee4
bossdrakor/OBJSEQ2C.tab	2784	0x3c059c4
bossdrakor/TEX0.bin	386496	0x3c064a4
bossdrakor/TEX0.tab	3648	0x3c64a64
bossdrakor/TEX1.bin	1456160	0x3c658a4
bossdrakor/TEX1.tab	9664	0x3dc90c4
bossdrakor/VOXMAP.bin	0	0x3dcb684
bossdrakor/VOXMAP.tab	6624	0x3dcb684
bossgaldon/ANIM.BIN	390400	0x3dcd064
bossgaldon/ANIM.TAB	10208	0x3e2c564
bossgaldon/ANIMCURV.bin	44096	0x3e2ed44
bossgaldon/ANIMCURV.tab	22816	0x3e39984
bossgaldon/mod36.bin	206816	0x3e3f2a4
bossgaldon/mod36.lzo.bin	132992	0x3e71a84
bossgaldon/mod36.tab	3776	0x3e92204
bossgaldon/mod36.zlb.bin	111264	0x3e930c4
bossgaldon/MODELIND.bin	3776	0x3eae364
bossgaldon/MODELS.bin	158176	0x3eaf224
bossgaldon/MODELS.tab	5056	0x3ed5c04
bossgaldon/OBJSEQ.bin	27392	0x3ed6fc4
bossgaldon/OBJSEQ.tab	2784	0x3eddac4
bossgaldon/OBJSEQ2C.tab	2784	0x3ede5a4
bossgaldon/TEX0.bin	75296	0x3edf084
bossgaldon/TEX0.tab	3648	0x3ef16a4
bossgaldon/TEX1.bin	905664	0x3ef24e4
bossgaldon/TEX1.tab	9664	0x3fcf6a4
bossgaldon/VOXMAP.bin	0	0x3fd1c64
bossgaldon/VOXMAP.tab	6624	0x3fd1c64
bosstrex/ANIM.BIN	166176	0x3fd3644
bosstrex/ANIM.TAB	10208	0x3ffbf64
bosstrex/ANIMCURV.bin	13280	0x3ffe744
bosstrex/ANIMCURV.tab	22752	0x4001b24
bosstrex/mod54.bin	386784	0x4007404
bosstrex/mod54.lzo.bin	255744	0x4065ae4
bosstrex/mod54.tab	5056	0x40a41e4
bosstrex/mod54.zlb.bin	214656	0x40a55a4
bosstrex/MODELIND.bin	3776	0x40d9c24
bosstrex/MODELS.bin	162016	0x40daae4
bosstrex/MODELS.tab	5056	0x41023c4
bosstrex/OBJSEQ.bin	27392	0x4103784
bosstrex/OBJSEQ.tab	2784	0x410a284
bosstrex/OBJSEQ2C.tab	2784	0x410ad64
bosstrex/TEX0.bin	111232	0x410b844
bosstrex/TEX0.tab	3648	0x4126ac4
bosstrex/TEX1.bin	593280	0x4127904
bosstrex/TEX1.tab	9664	0x41b8684
bosstrex/VOXMAP.bin	7392	0x41bac44
bosstrex/VOXMAP.tab	6624	0x41bc924
CACHEFONTSTAB.bin	0	0x41be304
CACHEFONTSTAB.bin.changed	4	0x41be304
CACHEFONTSTEX.bin	0	0x41be308
CACHEFONTSTEX.bin.changed	4	0x41be308
CAMACTIO.bin	2048	0x41be30c
CAMACTIONS.bin	2048	0x41beb0c
CAMACTIONS.bin.changed	4	0x41bf30c
CAMANIMS.bin	2848	0x41bf310
CAMANIMS.tab	24	0x41bfe30
capeclaw/ANIM.BIN	1296992	0x41bfe48
capeclaw/ANIM.TAB	10208	0x42fc8a8
capeclaw/ANIMCURV.bin	76384	0x42ff088
capeclaw/ANIMCURV.tab	22816	0x4311ae8
capeclaw/mod48.bin	589600	0x4317408
capeclaw/mod48.tab	4384	0x43a7328
capeclaw/mod48.zlb.bin	352224	0x43a8448
capeclaw/MODELIND.bin	3776	0x43fe428
capeclaw/MODELS.bin	586048	0x43ff2e8
capeclaw/MODELS.tab	5056	0x448e428
capeclaw/OBJSEQ.bin	27392	0x448f7e8
capeclaw/OBJSEQ.tab	2784	0x44962e8
capeclaw/OBJSEQ2C.tab	2784	0x4496dc8
capeclaw/TEX0.bin	427552	0x44978a8
capeclaw/TEX0.tab	3648	0x44ffec8
capeclaw/TEX1.bin	2561920	0x4500d08
capeclaw/TEX1.tab	9664	0x4772488
capeclaw/VOXMAP.bin	28128	0x4774a48
capeclaw/VOXMAP.tab	6624	0x477b828
card/foxicon1	2048	0x477d208
card/foxicon2	2048	0x477da08
card/foxicon3	2048	0x477e208
card/foxicon4	2048	0x477ea08
card/foxicon5	2048	0x477f208
card/foxicon6	2048	0x477fa08
card/foxicon7	2048	0x4780208
card/foxicon8	2048	0x4780a08
CFONTSTA.bin	0	0x4781208
CFONTSTE.bin	0	0x4781208
cfort	1	0x4781208
cfrace	3077	0x478120c
changed.bat	2091	0x4781e14
CHAPBITS.bin	81920	0x4782640
clouddungeon/ANIM.BIN	81600	0x4796640
clouddungeon/ANIM.TAB	10208	0x47aa500
clouddungeon/ANIMCURV.bin	320	0x47acce0
clouddungeon/ANIMCURV.tab	22816	0x47ace20
clouddungeon/mod25.bin	42656	0x47b2740
clouddungeon/mod25.tab	2560	0x47bcde0
clouddungeon/mod25.zlb.bin	31584	0x47bd7e0
clouddungeon/MODELIND.bin	3776	0x47c5340
clouddungeon/MODELS.bin	16704	0x47c6200
clouddungeon/MODELS.tab	5056	0x47ca340
clouddungeon/OBJSEQ.bin	27392	0x47cb700
clouddungeon/OBJSEQ.tab	2784	0x47d2200
clouddungeon/OBJSEQ2C.tab	2784	0x47d2ce0
clouddungeon/TEX0.bin	262752	0x47d37c0
clouddungeon/TEX0.tab	3648	0x4813a20
clouddungeon/TEX1.bin	130304	0x4814860
clouddungeon/TEX1.tab	9664	0x4834560
clouddungeon/VOXMAP.bin	160	0x4836b20
clouddungeon/VOXMAP.tab	6624	0x4836bc0
cloudrace/ANIM.BIN	2076960	0x48385a0
cloudrace/ANIM.TAB	10208	0x4a336c0
cloudrace/ANIMCURV.bin	91136	0x4a35ea0
cloudrace/ANIMCURV.tab	22816	0x4a4c2a0
cloudrace/mod51.bin	648288	0x4a51bc0
cloudrace/mod51.tab	4640	0x4af0020
cloudrace/mod51.zlb.bin	384064	0x4af1240
cloudrace/MODELIND.bin	3776	0x4b4ee80
cloudrace/MODELS.bin	468288	0x4b4fd40
cloudrace/MODELS.tab	5056	0x4bc2280
cloudrace/OBJSEQ.bin	27392	0x4bc3640
cloudrace/OBJSEQ.tab	2784	0x4bca140
cloudrace/OBJSEQ2C.tab	2784	0x4bcac20
cloudrace/TEX0.bin	409344	0x4bcb700
cloudrace/TEX0.tab	3648	0x4c2f600
cloudrace/TEX1.bin	1775840	0x4c30440
cloudrace/TEX1.tab	9664	0x4de1d20
cloudrace/VOXMAP.bin	0	0x4de42e0
cloudrace/VOXMAP.tab	6624	0x4de42e0
cloudtreasure/ANIM.BIN	1865056	0x4de5cc0
cloudtreasure/ANIM.TAB	9536	0x4fad220
cloudtreasure/ANIMCURV.bin	1053728	0x4faf760
cloudtreasure/ANIMCURV.tab	72864	0x50b0b80
cloudtreasure/mod23.bin	144448	0x50c2820
cloudtreasure/mod23.tab	2336	0x50e5c60
cloudtreasure/MODELIND.bin	3264	0x50e6580
cloudtreasure/MODELS.bin	503392	0x50e7240
cloudtreasure/MODELS.tab	4672	0x51620a0
cloudtreasure/OBJSEQ.bin	23072	0x51632e0
cloudtreasure/OBJSEQ.tab	2368	0x5168d00
cloudtreasure/OBJSEQ2C.tab	4128	0x5169640
cloudtreasure/TEX0.bin	1105440	0x516a660
cloudtreasure/TEX0.tab	4352	0x5278480
cloudtreasure/TEX1.bin	1987712	0x5279580
cloudtreasure/TEX1.tab	11616	0x545ea00
cloudtreasure/VOXMAP.bin	96032	0x5461760
cloudtreasure/VOXMAP.tab	4608	0x5478e80
Copy of swaphol/ANIM.BIN	1923040	0x547a080
Copy of swaphol/ANIM.TAB	9664	0x564f860
Copy of swaphol/ANIMCURV.bin	1045120	0x5651e20
Copy of swaphol/ANIMCURV.tab	72864	0x57510a0
Copy of swaphol/mod13.bin	407168	0x5762d40
Copy of swaphol/mod13.tab	1472	0x57c63c0
Copy of swaphol/MODELIND.bin	3264	0x57c6980
Copy of swaphol/MODELS.bin	542144	0x57c7640
Copy of swaphol/MODELS.tab	4736	0x584bc00
Copy of swaphol/OBJSEQ.bin	23712	0x584ce80
Copy of swaphol/OBJSEQ.tab	2400	0x5852b20
Copy of swaphol/OBJSEQ2C.tab	4128	0x5853480
Copy of swaphol/TEX0.bin	656128	0x58544a0
Copy of swaphol/TEX0.tab	4320	0x58f47a0
Copy of swaphol/TEX1.bin	3517632	0x58f5880
Copy of swaphol/TEX1.tab	11296	0x5c50540
Copy of swaphol/VOXMAP.bin	86976	0x5c53160
Copy of swaphol/VOXMAP.tab	4640	0x5c68520
crap starfox.h4m	7029760	0x5c69740
crfort/ANIM.BIN	2085888	0x631db40
crfort/ANIM.TAB	10208	0x651af40
crfort/ANIMCURV.bin	146816	0x651d720
crfort/ANIMCURV.tab	22816	0x65414a0
crfort/mod12.tab	1248	0x6546dc0
crfort/mod19.bin	621696	0x65472a0
crfort/mod19.lzo.bin	464224	0x65def20
crfort/mod19.tab	2016	0x6650480
crfort/mod19.zlb.bin	368736	0x6650c60
crfort/MODELIND.bin	3776	0x66aacc0
crfort/MODELS.bin	694752	0x66abb80
crfort/MODELS.tab	5056	0x6755560
crfort/OBJSEQ.bin	27392	0x6756920
crfort/OBJSEQ.tab	2784	0x675d420
crfort/OBJSEQ2C.tab	2784	0x675df00
crfort/TEX0.bin	490848	0x675e9e0
crfort/TEX0.tab	3648	0x67d6740
crfort/TEX1.bin	2897216	0x67d7580
crfort/TEX1.tab	9664	0x6a9aac0
crfort/VOXMAP.bin	1440	0x6a9d080
crfort/VOXMAP.tab	6624	0x6a9d620
darkicemines/ANIM.BIN	1241120	0x6a9f000
darkicemines/ANIM.TAB	10208	0x6bce020
darkicemines/ANIMCURV.bin	96672	0x6bd0800
darkicemines/ANIMCURV.tab	22816	0x6be81a0
darkicemines/mod27.bin	838624	0x6bedac0
darkicemines/mod27.lzo.bin	578400	0x6cba6a0
darkicemines/mod27.tab	2880	0x6d47a00
darkicemines/mod27.zlb.bin	491424	0x6d48540
darkicemines/MODELIND.bin	3776	0x6dc04e0
darkicemines/MODELS.bin	646464	0x6dc13a0
darkicemines/MODELS.tab	5056	0x6e5f0e0
darkicemines/OBJSEQ.bin	27392	0x6e604a0
darkicemines/OBJSEQ.tab	2784	0x6e66fa0
darkicemines/OBJSEQ2C.tab	2784	0x6e67a80
darkicemines/TEX0.bin	423360	0x6e68560
darkicemines/TEX0.tab	3648	0x6ecfb20
darkicemines/TEX1.bin	3269024	0x6ed0960
darkicemines/TEX1.tab	9664	0x71eeb00
darkicemines/VOXMAP.bin	2432	0x71f10c0
darkicemines/VOXMAP.tab	6624	0x71f1a40
darkicemines2/ANIM.BIN	1218976	0x71f3420
darkicemines2/ANIM.TAB	10208	0x731cdc0
darkicemines2/ANIMCURV.bin	62400	0x731f5a0
darkicemines2/ANIMCURV.tab	22816	0x732e960
darkicemines2/mod35.bin	587552	0x7334280
darkicemines2/mod35.lzo.bin	399136	0x73c39a0
darkicemines2/mod35.tab	3712	0x74250c0
darkicemines2/mod35.zlb.bin	496256	0x7425f40
darkicemines2/MODELIND.bin	3776	0x749f1c0
darkicemines2/MODELS.bin	525632	0x74a0080
darkicemines2/MODELS.tab	5056	0x75205c0
darkicemines2/OBJSEQ.bin	27392	0x7521980
darkicemines2/OBJSEQ.tab	2784	0x7528480
darkicemines2/OBJSEQ2C.tab	2784	0x7528f60
darkicemines2/TEX0.bin	404608	0x7529a40
darkicemines2/TEX0.tab	3648	0x758c6c0
darkicemines2/TEX1.bin	2092384	0x758d500
darkicemines2/TEX1.tab	9664	0x778c260
darkicemines2/VOXMAP.bin	1504	0x778e820
darkicemines2/VOXMAP.tab	6624	0x778ee00
DB_PALETTES	256	0x796dca0
DB_SPRITES	16	0x796dda0
DB_SPRTAB	12	0x796ddb0
DB_TEXTAB	116	0x796ddbc
DB_TEXTURES	54464	0x796de30
dbshrine/ANIM.BIN	317440	0x77907e0
dbshrine/ANIM.TAB	10208	0x77ddfe0
dbshrine/ANIMCURV.bin	7872	0x77e07c0
dbshrine/ANIMCURV.tab	22752	0x77e2680
dbshrine/mod44.bin	348960	0x77e7f60
dbshrine/mod44.tab	4128	0x783d280
dbshrine/mod44.zlb.bin	268928	0x783e2a0
dbshrine/MODELIND.bin	3776	0x787fd20
dbshrine/MODELS.bin	84928	0x7880be0
dbshrine/MODELS.tab	5056	0x78957a0
dbshrine/OBJSEQ.bin	27392	0x7896b60
dbshrine/OBJSEQ.tab	2784	0x789d660
dbshrine/OBJSEQ2C.tab	2784	0x789e140
dbshrine/TEX0.bin	84864	0x789ec20
dbshrine/TEX0.tab	3648	0x78b37a0
dbshrine/TEX1.bin	739392	0x78b45e0
dbshrine/TEX1.tab	9664	0x7968e20
dbshrine/VOXMAP.bin	3808	0x796b3e0
dbshrine/VOXMAP.tab	6624	0x796c2c0
default.dol	3336256	0x797b2f0
desert/ANIM.BIN	96352	0x7ca9b30
desert/ANIM.TAB	10208	0x7cc1390
desert/ANIMCURV.bin	1760	0x7cc3b70
desert/ANIMCURV.tab	22752	0x7cc4250
desert/mod29.bin	255648	0x7cc9b30
desert/mod29.tab	3040	0x7d081d0
desert/mod29.zlb.bin	232704	0x7d08db0
desert/mod7.bin	39360	0x7d41ab0
desert/mod7.tab	704	0x7d4b470
desert/MODELIND.bin	3776	0x7d4b730
desert/MODELS.bin	37440	0x7d4c5f0
desert/MODELS.tab	5056	0x7d55830
desert/OBJSEQ.bin	27392	0x7d56bf0
desert/OBJSEQ.tab	2784	0x7d5d6f0
desert/OBJSEQ2C.tab	2784	0x7d5e1d0
desert/TEX0.bin	190560	0x7d5ecb0
desert/TEX0.tab	3648	0x7d8d510
desert/TEX1.bin	287104	0x7d8e350
desert/TEX1.tab	9664	0x7dd44d0
desert/VOXMAP.bin	640	0x7dd6a90
desert/VOXMAP.tab	6624	0x7dd6d10
dfpbot	6536	0x7dd86f0
dfptop/ANIM.BIN	1238400	0x7dda078
dfptop/ANIM.TAB	10208	0x7f085f8
dfptop/ANIMCURV.bin	94624	0x7f0add8
dfptop/ANIMCURV.tab	22752	0x7f21f78
dfptop/mod28.bin	61344	0x7f27858
dfptop/mod28.tab	2880	0x7f367f8
dfptop/mod7.bin	145760	0x7f37338
dfptop/mod7.tab	864	0x7f5ac98
dfptop/mod7.zlb.bin	163072	0x7f5aff8
dfptop/MODELIND.bin	3776	0x7f82cf8
dfptop/MODELS.bin	521632	0x7f83bb8
dfptop/MODELS.tab	5056	0x8003158
dfptop/OBJSEQ.bin	27392	0x8004518
dfptop/OBJSEQ.tab	2784	0x800b018
dfptop/OBJSEQ2C.tab	2784	0x800baf8
dfptop/TEX0.bin	371008	0x800c5d8
dfptop/TEX0.tab	3648	0x8066f18
dfptop/TEX1.bin	2073984	0x8067d58
dfptop/TEX1.tab	9664	0x82622d8
dfptop/VOXMAP.bin	0	0x8264898
dfptop/VOXMAP.tab	6624	0x8264898
dfshrine/ANIM.BIN	280928	0x8266278
dfshrine/ANIM.TAB	10208	0x82aabd8
dfshrine/ANIMCURV.bin	9184	0x82ad3b8
dfshrine/ANIMCURV.tab	22816	0x82af798
dfshrine/mod40.bin	353792	0x82b50b8
dfshrine/mod40.tab	3904	0x830b6b8
dfshrine/mod40.zlb.bin	218336	0x830c5f8
dfshrine/MODELIND.bin	3776	0x8341ad8
dfshrine/MODELS.bin	79456	0x8342998
dfshrine/MODELS.tab	5056	0x8355ff8
dfshrine/OBJSEQ.bin	27392	0x83573b8
dfshrine/OBJSEQ.tab	2784	0x835deb8
dfshrine/OBJSEQ2C.tab	2784	0x835e998
dfshrine/TEX0.bin	97440	0x835f478
dfshrine/TEX0.tab	3648	0x8377118
dfshrine/TEX1.bin	878080	0x8377f58
dfshrine/TEX1.tab	9664	0x844e558
dfshrine/VOXMAP.bin	3744	0x8450b18
dfshrine/VOXMAP.tab	6624	0x84519b8
DLLS.bin	2979392	0x8453398
DLLS.bin.changed	4	0x872a9d8
DLLS.tab	32	0x872a9dc
DLLS.tab.changed	4	0x872a9fc
DLLSIMPO.bin	2112	0x872aa00
DLLSIMPORTTAB.bin	2368	0x872b240
DLLSIMPORTTAB.bin.changed	4	0x872bb80
dnt-02.tpl	262272	0x872bb84
dragrock/ANIM.BIN	1164096	0x876bc04
dragrock/ANIM.TAB	10208	0x8887f44
dragrock/ANIMCURV.bin	119072	0x888a724
dragrock/ANIMCURV.tab	22752	0x88a7844
dragrock/mod10.tab	1216	0x88ad124
dragrock/mod29.bin	255648	0x88ad5e4
dragrock/mod29.tab	3008	0x88ebc84
dragrock/mod4.bin	699552	0x88ec844
dragrock/mod4.lzo.bin	504704	0x89974e4
dragrock/mod4.tab	736	0x8a12864
dragrock/mod4.zlb.bin	453504	0x8a12b44
dragrock/MODELIND.bin	3776	0x8a816c4
dragrock/MODELS.bin	688928	0x8a82584
dragrock/MODELS.tab	5056	0x8b2a8a4
dragrock/OBJSEQ.bin	27392	0x8b2bc64
dragrock/OBJSEQ.tab	2784	0x8b32764
dragrock/OBJSEQ2C.tab	2784	0x8b33244
dragrock/TEX0.bin	426272	0x8b33d24
dragrock/TEX0.tab	3648	0x8b9be44
dragrock/TEX1.bin	2743456	0x8b9cc84
dragrock/TEX1.tab	9664	0x8e3a924
dragrock/VOXMAP.bin	61120	0x8e3cee4
dragrock/VOXMAP.tab	6624	0x8e4bda4
dragrockbot/ANIM.BIN	1515904	0x8e4d784
dragrockbot/ANIM.TAB	10208	0x8fbf904
dragrockbot/ANIMCURV.bin	31072	0x8fc20e4
dragrockbot/ANIMCURV.tab	22752	0x8fc9a44
dragrockbot/mod11.bin	503200	0x8fcf324
dragrockbot/mod11.tab	1184	0x904a0c4
dragrockbot/mod11.zlb.bin	268864	0x904a564
dragrockbot/mod29.bin	255648	0x908bfa4
dragrockbot/mod29.tab	3008	0x90ca644
dragrockbot/MODELIND.bin	3776	0x90cb204
dragrockbot/MODELS.bin	327520	0x90cc0c4
dragrockbot/MODELS.tab	5056	0x911c024
dragrockbot/OBJSEQ.bin	27392	0x911d3e4
dragrockbot/OBJSEQ.tab	2784	0x9123ee4
dragrockbot/OBJSEQ2C.tab	2784	0x91249c4
dragrockbot/TEX0.bin	336000	0x91254a4
dragrockbot/TEX0.tab	3648	0x9177524
dragrockbot/TEX1.bin	1907488	0x9178364
dragrockbot/TEX1.tab	9664	0x9349e84
dragrockbot/VOXMAP.bin	0	0x934c444
dragrockbot/VOXMAP.tab	6624	0x934c444
ecshrine/ANIM.BIN	81600	0x934de24
ecshrine/ANIM.TAB	10208	0x9361ce4
ecshrine/ANIMCURV.bin	8832	0x93644c4
ecshrine/ANIMCURV.tab	22816	0x9366744
ecshrine/mod41.bin	355040	0x936c064
ecshrine/mod41.tab	3424	0x93c2b44
ecshrine/mod42.bin	449088	0x93c38a4
ecshrine/mod42.lzo.bin	271968	0x94312e4
ecshrine/mod42.tab	4000	0x9473944
ecshrine/mod42.zlb.bin	257664	0x94748e4
ecshrine/MODELIND.bin	3776	0x94b3764
ecshrine/MODELS.bin	5952	0x94b4624
ecshrine/MODELS.tab	5056	0x94b5d64
ecshrine/OBJSEQ.bin	27392	0x94b7124
ecshrine/OBJSEQ.tab	2784	0x94bdc24
ecshrine/OBJSEQ2C.tab	2784	0x94be704
ecshrine/TEX0.bin	184032	0x94bf1e4
ecshrine/TEX0.tab	3648	0x94ec0c4
ecshrine/TEX1.bin	682656	0x94ecf04
ecshrine/TEX1.tab	9664	0x95939a4
ecshrine/VOXMAP.bin	13984	0x9595f64
ecshrine/VOXMAP.tab	6624	0x9599604
ENVFXACT.bin	98304	0x959afe4
ENVFXACTIONS.bin	98304	0x95b2fe4
ENVFXACTIONS.bin.changed	4	0x95cafe4
FONTS.bin	22432	0x95cafe8
FONTS.bin.changed	4	0x95d0788
FRONT.bin	2	0x95d078c
frontend/ANIM.BIN	1516160	0x95d0790
frontend/ANIM.TAB	9312	0x9742a10
frontend/ANIMCURV.bin	222144	0x9744e70
frontend/ANIMCURV.tab	5888	0x977b230
frontend/mod30.bin	70976	0x977c930
frontend/mod30.tab	3136	0x978de70
frontend/MODELIND.bin	2848	0x978eab0
frontend/MODELS.bin	334688	0x978f5d0
frontend/MODELS.tab	4320	0x97e1130
frontend/OBJSEQ.bin	25600	0x97e2210
frontend/OBJSEQ.tab	2336	0x97e8610
frontend/OBJSEQ2C.tab	4128	0x97e8f30
frontend/TEX0.bin	545024	0x97e9f50
frontend/TEX0.tab	4096	0x986f050
frontend/TEX1.bin	831584	0x9870050
frontend/TEX1.tab	13408	0x993b0b0
FRONTTEXT.bin	11104	0x993e510
FRONTTEXT.tab	28	0x9941070
gamefront/ANIM.BIN	1558336	0x994108c
gamefront/ANIM.TAB	10208	0x9abd7cc
gamefront/ANIMCURV.bin	27936	0x9abffac
gamefront/ANIMCURV.tab	22816	0x9ac6ccc
gamefront/mod62.bin	59808	0x9acc5ec
gamefront/mod62.lzo.bin	62944	0x9adaf8c
gamefront/mod62.tab	6400	0x9aea56c
gamefront/mod62.zlb.bin	61440	0x9aebe6c
gamefront/MODELIND.bin	3776	0x9afae6c
gamefront/MODELS.bin	515072	0x9afbd2c
gamefront/MODELS.tab	5056	0x9b7992c
gamefront/OBJSEQ.bin	27392	0x9b7acec
gamefront/OBJSEQ.tab	2784	0x9b817ec
gamefront/OBJSEQ2C.tab	2784	0x9b822cc
gamefront/TEX0.bin	440576	0x9b82dac
gamefront/TEX0.tab	3648	0x9bee6ac
gamefront/TEX1.bin	924864	0x9bef4ec
gamefront/TEX1.tab	9664	0x9cd11ac
gamefront/VOXMAP.bin	0	0x9cd376c
gamefront/VOXMAP.tab	6624	0x9cd376c
GAMETEXT.bin	69376	0xbe914d8
GAMETEXT.bin.changed	4	0xbea23d8
GAMETEXT.tab	20672	0xbea23dc
GAMETEXT.tab.changed	4	0xbea749c
gametext/Animtest/English.bin	76756	0x9cd514c
gametext/Animtest/French.bin	76756	0x9ce7d20
gametext/Animtest/German.bin	74636	0x9cfa8f4
gametext/Animtest/Italian.bin	74636	0x9d0cc80
gametext/Animtest/Japanese.bin	76756	0x9d1f00c
gametext/Animtest/Spanish.bin	74636	0x9d31be0
gametext/Arwing/English.bin	92260	0x9d43f6c
gametext/Arwing/French.bin	92260	0x9d5a7d0
gametext/Arwing/German.bin	90140	0x9d71034
gametext/Arwing/Italian.bin	90140	0x9d87050
gametext/Arwing/Japanese.bin	92260	0x9d9d06c
gametext/Arwing/Spanish.bin	90140	0x9db38d0
gametext/Boot/English.bin	27096	0x9dc98ec
gametext/Boot/English.c.new	9262	0x9dd02c4
gametext/Boot/French.bin	27096	0x9dd26f4
gametext/Boot/French.c.new	9398	0x9dd90cc
gametext/Boot/German.bin	2512	0x9ddb584
gametext/Boot/German.c.new	2709	0x9ddbf54
gametext/Boot/Italian.bin	2512	0x9ddc9ec
gametext/Boot/Italian.c.new	2715	0x9ddd3bc
gametext/Boot/Japanese.bin	27096	0x9ddde58
gametext/Boot/Japanese.c.new	15806	0x9de4830
gametext/Boot/Spanish.bin	2512	0x9de85f0
gametext/Boot/Spanish.c.new	2715	0x9de8fc0
gametext/BOSSAndross/English.bin	81780	0x9de9a5c
gametext/BOSSAndross/French.bin	81780	0x9dfd9d0
gametext/BOSSAndross/German.bin	79660	0x9e11944
gametext/BOSSAndross/Italian.bin	79660	0x9e25070
gametext/BOSSAndross/Japanese.bin	81780	0x9e3879c
gametext/BOSSAndross/Spanish.bin	79660	0x9e4c710
gametext/BossDrakor/English.bin	77112	0x9e5fe3c
gametext/BossDrakor/French.bin	77112	0x9e72b74
gametext/BossDrakor/German.bin	74992	0x9e858ac
gametext/BossDrakor/Italian.bin	74992	0x9e97d9c
gametext/BossDrakor/Japanese.bin	77112	0x9eaa28c
gametext/BossDrakor/Spanish.bin	74992	0x9ebcfc4
gametext/BossGaldon/English.bin	77172	0x9ecf4b4
gametext/BossGaldon/French.bin	77172	0x9ee2228
gametext/BossGaldon/German.bin	75052	0x9ef4f9c
gametext/BossGaldon/Italian.bin	75052	0x9f074c8
gametext/BossGaldon/Japanese.bin	77172	0x9f199f4
gametext/BossGaldon/Spanish.bin	75052	0x9f2c768
gametext/BossTrex/English.bin	77112	0x9f3ec94
gametext/BossTrex/French.bin	77112	0x9f519cc
gametext/BossTrex/German.bin	74992	0x9f64704
gametext/BossTrex/Italian.bin	74992	0x9f76bf4
gametext/BossTrex/Japanese.bin	77112	0x9f890e4
gametext/BossTrex/Spanish.bin	74992	0x9f9be1c
gametext/CapeClaw/English.bin	102160	0x9fae30c
gametext/CapeClaw/French.bin	102160	0x9fc721c
gametext/CapeClaw/German.bin	100040	0x9fe012c
gametext/CapeClaw/Italian.bin	100040	0x9ff87f4
gametext/CapeClaw/Japanese.bin	102160	0xa010ebc
gametext/CapeClaw/Spanish.bin	100040	0xa029dcc
gametext/CloudRace/English.bin	77248	0xa042494
gametext/CloudRace/French.bin	77248	0xa055254
gametext/CloudRace/German.bin	75128	0xa068014
gametext/CloudRace/Italian.bin	75128	0xa07a58c
gametext/CloudRace/Japanese.bin	77248	0xa08cb04
gametext/CloudRace/Spanish.bin	75128	0xa09f8c4
gametext/Communicator/English.bin	145160	0xa0b1e3c
gametext/Communicator/French.bin	145160	0xa0d5544
gametext/Communicator/German.bin	143040	0xa0f8c4c
gametext/Communicator/Italian.bin	143040	0xa11bb0c
gametext/Communicator/Japanese.bin	145160	0xa13e9cc
gametext/Communicator/Spanish.bin	143040	0xa1620d4
gametext/CRFort/English.bin	112420	0xa184f94
gametext/CRFort/French.bin	112420	0xa1a06b8
gametext/CRFort/German.bin	110300	0xa1bbddc
gametext/CRFort/Italian.bin	110300	0xa1d6cb8
gametext/CRFort/Japanese.bin	112420	0xa1f1b94
gametext/CRFort/Spanish.bin	110300	0xa20d2b8
gametext/DarkIceMines/English.bin	106572	0xa228194
gametext/DarkIceMines/French.bin	106572	0xa2421e0
gametext/DarkIceMines/German.bin	104452	0xa25c22c
gametext/DarkIceMines/Italian.bin	104452	0xa275a30
gametext/DarkIceMines/Japanese.bin	106572	0xa28f234
gametext/DarkIceMines/Spanish.bin	104452	0xa2a9280
gametext/DarkIceMines2/English.bin	97120	0xa2c2a84
gametext/DarkIceMines2/French.bin	97120	0xa2da5e4
gametext/DarkIceMines2/German.bin	95000	0xa2f2144
gametext/DarkIceMines2/Italian.bin	95000	0xa30945c
gametext/DarkIceMines2/Japanese.bin	97120	0xa320774
gametext/DarkIceMines2/Spanish.bin	95000	0xa3382d4
gametext/DBShrine/English.bin	82416	0xa34f5ec
gametext/DBShrine/French.bin	82416	0xa3637dc
gametext/DBShrine/German.bin	80296	0xa3779cc
gametext/DBShrine/Italian.bin	80296	0xa38b374
gametext/DBShrine/Japanese.bin	82416	0xa39ed1c
gametext/DBShrine/Spanish.bin	80296	0xa3b2f0c
gametext/Desert/English.bin	77112	0xa3c68b4
gametext/Desert/French.bin	77112	0xa3d95ec
gametext/Desert/German.bin	74992	0xa3ec324
gametext/Desert/Italian.bin	74992	0xa3fe814
gametext/Desert/Japanese.bin	77112	0xa410d04
gametext/Desert/Spanish.bin	74992	0xa423a3c
gametext/DFPTop/English.bin	96452	0xa435f2c
gametext/DFPTop/French.bin	96452	0xa44d7f0
gametext/DFPTop/German.bin	94332	0xa4650b4
gametext/DFPTop/Italian.bin	94332	0xa47c130
gametext/DFPTop/Japanese.bin	96452	0xa4931ac
gametext/DFPTop/Spanish.bin	94332	0xa4aaa70
gametext/DFShrine/English.bin	87340	0xa4c1aec
gametext/DFShrine/French.bin	87340	0xa4d7018
gametext/DFShrine/German.bin	85220	0xa4ec544
gametext/DFShrine/Italian.bin	85220	0xa501228
gametext/DFShrine/Japanese.bin	87340	0xa515f0c
gametext/DFShrine/Spanish.bin	85220	0xa52b438
gametext/DragRock/English.bin	102956	0xa54011c
gametext/DragRock/French.bin	102956	0xa559348
gametext/DragRock/German.bin	100836	0xa572574
gametext/DragRock/Italian.bin	100836	0xa58af58
gametext/DragRock/Japanese.bin	102956	0xa5a393c
gametext/DragRock/Spanish.bin	100836	0xa5bcb68
gametext/DragRockBot/English.bin	77112	0xa5d554c
gametext/DragRockBot/French.bin	77112	0xa5e8284
gametext/DragRockBot/German.bin	74992	0xa5fafbc
gametext/DragRockBot/Italian.bin	74992	0xa60d4ac
gametext/DragRockBot/Japanese.bin	77112	0xa61f99c
gametext/DragRockBot/Spanish.bin	74992	0xa6326d4
gametext/ECShrine/English.bin	87880	0xa644bc4
gametext/ECShrine/French.bin	87880	0xa65a30c
gametext/ECShrine/German.bin	85760	0xa66fa54
gametext/ECShrine/Italian.bin	85760	0xa684954
gametext/ECShrine/Japanese.bin	87880	0xa699854
gametext/ECShrine/Spanish.bin	85760	0xa6aef9c
gametext/FrontEnd/English.bin	189068	0xa6c3e9c
gametext/FrontEnd/French.bin	189068	0xa6f2128
gametext/FrontEnd/German.bin	189068	0xa7203b4
gametext/FrontEnd/Italian.bin	189068	0xa74e640
gametext/FrontEnd/Japanese.bin	189068	0xa77c8cc
gametext/FrontEnd/Spanish.bin	189068	0xa7aab58
gametext/GPShrine/English.bin	82364	0xa7d8de4
gametext/GPShrine/French.bin	82364	0xa7ecfa0
gametext/GPShrine/German.bin	80244	0xa80115c
gametext/GPShrine/Italian.bin	80244	0xa814ad0
gametext/GPShrine/Japanese.bin	82364	0xa828444
gametext/GPShrine/Spanish.bin	80244	0xa83c600
gametext/IceMountain/English.bin	88552	0xa84ff74
gametext/IceMountain/French.bin	88552	0xa86595c
gametext/IceMountain/German.bin	86432	0xa87b344
gametext/IceMountain/Italian.bin	86432	0xa8904e4
gametext/IceMountain/Japanese.bin	88552	0xa8a5684
gametext/IceMountain/Spanish.bin	86432	0xa8bb06c
gametext/InsideGal/English.bin	77112	0xa8d020c
gametext/InsideGal/French.bin	77112	0xa8e2f44
gametext/InsideGal/German.bin	74992	0xa8f5c7c
gametext/InsideGal/Italian.bin	74992	0xa90816c
gametext/InsideGal/Japanese.bin	77112	0xa91a65c
gametext/InsideGal/Spanish.bin	74992	0xa92d394
gametext/LightFoot/English.bin	108748	0xa93f884
gametext/LightFoot/French.bin	108748	0xa95a150
gametext/LightFoot/German.bin	105476	0xa974a1c
gametext/LightFoot/Italian.bin	105476	0xa98e620
gametext/LightFoot/Japanese.bin	108748	0xa9a8224
gametext/LightFoot/Spanish.bin	105476	0xa9c2af0
gametext/LinkB/English.bin	97368	0xa9dc6f4
gametext/LinkB/French.bin	97368	0xa9f434c
gametext/LinkB/German.bin	85712	0xaa0bfa4
gametext/LinkB/Italian.bin	85712	0xaa20e74
gametext/LinkB/Japanese.bin	97368	0xaa35d44
gametext/LinkB/Spanish.bin	85712	0xaa4d99c
gametext/LINKG/English.bin	77104	0xaa6286c
gametext/LINKG/French.bin	77104	0xaa7559c
gametext/LINKG/German.bin	74984	0xaa882cc
gametext/LINKG/Italian.bin	74984	0xaa9a7b4
gametext/LINKG/Japanese.bin	77104	0xaaacc9c
gametext/LINKG/Spanish.bin	74984	0xaabf9cc
gametext/MagicCave/English.bin	84988	0xaad1eb4
gametext/MagicCave/French.bin	84988	0xaae6ab0
gametext/MagicCave/German.bin	80564	0xaafb6ac
gametext/MagicCave/Italian.bin	80564	0xab0f160
gametext/MagicCave/Japanese.bin	84988	0xab22c14
gametext/MagicCave/Spanish.bin	80564	0xab37810
gametext/MMPass/English.bin	102432	0xab4b2c4
gametext/MMPass/French.bin	102432	0xab642e4
gametext/MMPass/German.bin	100312	0xab7d304
gametext/MMPass/Italian.bin	100312	0xab95adc
gametext/MMPass/Japanese.bin	102432	0xabae2b4
gametext/MMPass/Spanish.bin	100312	0xabc72d4
gametext/MMShrine/English.bin	87208	0xabdfaac
gametext/MMShrine/French.bin	87208	0xabf4f54
gametext/MMShrine/German.bin	85088	0xac0a3fc
gametext/MMShrine/Italian.bin	85088	0xac1f05c
gametext/MMShrine/Japanese.bin	87208	0xac33cbc
gametext/MMShrine/Spanish.bin	85088	0xac49164
gametext/NWastes/English.bin	121044	0xac5ddc4
gametext/NWastes/French.bin	121044	0xac7b698
gametext/NWastes/German.bin	114316	0xac98f6c
gametext/NWastes/Italian.bin	114316	0xacb4df8
gametext/NWastes/Japanese.bin	121044	0xacd0c84
gametext/NWastes/Spanish.bin	114316	0xacee558
gametext/NWShrine/English.bin	77112	0xad0a3e4
gametext/NWShrine/French.bin	77112	0xad1d11c
gametext/NWShrine/German.bin	74992	0xad2fe54
gametext/NWShrine/Italian.bin	74992	0xad42344
gametext/NWShrine/Japanese.bin	77112	0xad54834
gametext/NWShrine/Spanish.bin	74992	0xad6756c
gametext/Sequences/1014_English.bin	1016	0xad79a5c
gametext/Sequences/1014_French.bin	1016	0xad79e54
gametext/Sequences/1014_Japanese.bin	2224	0xad7a24c
gametext/Sequences/10261_English.bin	748	0xad7aafc
gametext/Sequences/10261_French.bin	832	0xad7ade8
gametext/Sequences/10261_Japanese.bin	876	0xad7b128
gametext/Sequences/1068_English.bin	932	0xad7b494
gametext/Sequences/1068_French.bin	868	0xad7b838
gametext/Sequences/1068_Japanese.bin	1704	0xad7bb9c
gametext/Sequences/1075_English.bin	1032	0xad7c244
gametext/Sequences/1075_French.bin	1096	0xad7c64c
gametext/Sequences/1075_Japanese.bin	2224	0xad7ca94
gametext/Sequences/1142_English.bin	1832	0xad7d344
gametext/Sequences/1142_Japanese.bin	3664	0xad7da6c
gametext/Sequences/115_English.bin	1548	0xad7e8bc
gametext/Sequences/115_French.bin	1636	0xad7eec8
gametext/Sequences/115_Japanese.bin	9632	0xad7f52c
gametext/Sequences/1201_English.bin	4096	0xad81acc
gametext/Sequences/146_English.bin	8140	0xad82acc
gametext/Sequences/146_French.bin	9860	0xad84a98
gametext/Sequences/146_Japanese.bin	35748	0xad8711c
gametext/Sequences/14_English.bin	10628	0xad8fcc0
gametext/Sequences/14_French.bin	11060	0xad92644
gametext/Sequences/14_Japanese.bin	47004	0xad95178
gametext/Sequences/164_English.bin	10556	0xada0914
gametext/Sequences/164_French.bin	8916	0xada3250
gametext/Sequences/164_Japanese.bin	22740	0xada5524
gametext/Sequences/184_English.bin	3412	0xadaadf8
gametext/Sequences/184_French.bin	3740	0xadabb4c
gametext/Sequences/184_Japanese.bin	10112	0xadac9e8
gametext/Sequences/20029_English.bin	1436	0xadaf168
gametext/Sequences/20029_French.bin	2180	0xadaf704
gametext/Sequences/20029_Japanese.bin	3680	0xadaff88
gametext/Sequences/20032_English.bin	2660	0xadb0de8
gametext/Sequences/20032_French.bin	4064	0xadb184c
gametext/Sequences/20032_Japanese.bin	13536	0xadb282c
gametext/Sequences/20100_English.bin	5468	0xadb5d0c
gametext/Sequences/20100_French.bin	8872	0xadb7268
gametext/Sequences/20100_Japanese.bin	18376	0xadb9510
gametext/Sequences/20105_English.bin	2448	0xadbdcd8
gametext/Sequences/20105_French.bin	2712	0xadbe668
gametext/Sequences/20105_Japanese.bin	13352	0xadbf100
gametext/Sequences/20107_English.bin	7836	0xadc2528
gametext/Sequences/20107_French.bin	7872	0xadc43c4
gametext/Sequences/20107_Japanese.bin	27184	0xadc6284
gametext/Sequences/20108_English.bin	2852	0xadcccb4
gametext/Sequences/20108_French.bin	2960	0xadcd7d8
gametext/Sequences/20108_Japanese.bin	13412	0xadce368
gametext/Sequences/20139_English.bin	5156	0xadd17cc
gametext/Sequences/20139_French.bin	6952	0xadd2bf0
gametext/Sequences/20139_Japanese.bin	24716	0xadd4718
gametext/Sequences/20201_English.bin	1164	0xadda7a4
gametext/Sequences/20202_English.bin	1612	0xaddac30
gametext/Sequences/20203_English.bin	4100	0xaddb27c
gametext/Sequences/20210_English.bin	3004	0xaddc280
gametext/Sequences/20210_French.bin	5360	0xaddce3c
gametext/Sequences/20210_Japanese.bin	18412	0xadde32c
gametext/Sequences/20213_English.bin	7768	0xade2b18
gametext/Sequences/20213_French.bin	8232	0xade4970
gametext/Sequences/20213_Japanese.bin	40808	0xade6998
gametext/Sequences/20234_English.bin	5936	0xadf0900
gametext/Sequences/20234_French.bin	9248	0xadf2030
gametext/Sequences/20234_Japanese.bin	27128	0xadf4450
gametext/Sequences/20277_English.bin	1628	0xadfae48
gametext/Sequences/20280_English.bin	1860	0xadfb4a4
gametext/Sequences/20286_English.bin	8048	0xadfbbe8
gametext/Sequences/20286_French.bin	8872	0xadfdb58
gametext/Sequences/20286_Japanese.bin	41232	0xadffe00
gametext/Sequences/20506_English.bin	10272	0xae09f10
gametext/Sequences/20506_French.bin	11072	0xae0c730
gametext/Sequences/20506_Japanese.bin	35872	0xae0f270
gametext/Sequences/20508_English.bin	7812	0xae17e90
gametext/Sequences/20508_French.bin	9028	0xae19d14
gametext/Sequences/20508_Japanese.bin	18276	0xae1c058
gametext/Sequences/20635_English.bin	3316	0xae207bc
gametext/Sequences/20635_French.bin	4944	0xae214b0
gametext/Sequences/20635_Japanese.bin	18204	0xae22800
gametext/Sequences/20661_English.bin	5948	0xae26f1c
gametext/Sequences/20661_French.bin	9432	0xae28658
gametext/Sequences/20661_Japanese.bin	27088	0xae2ab30
gametext/Sequences/20695_English.bin	1760	0xae31500
gametext/Sequences/20695_French.bin	3076	0xae31be0
gametext/Sequences/20695_Japanese.bin	3524	0xae327e4
gametext/Sequences/20696_English.bin	1100	0xae335a8
gametext/Sequences/20696_French.bin	1244	0xae339f4
gametext/Sequences/20696_Japanese.bin	308	0xae33ed0
gametext/Sequences/20863_English.bin	10300	0xae34004
gametext/Sequences/21151_English.bin	3352	0xae36840
gametext/Sequences/21151_French.bin	6056	0xae37558
gametext/Sequences/21151_Japanese.bin	26912	0xae38d00
gametext/Sequences/21170_English.bin	2520	0xae3f620
gametext/Sequences/21170_Japanese.bin	13328	0xae3fff8
gametext/Sequences/21181_English.bin	8740	0xae43408
gametext/Sequences/21181_French.bin	9188	0xae4562c
gametext/Sequences/21181_Japanese.bin	46864	0xae47a10
gametext/Sequences/21352_English.bin	1628	0xae53120
gametext/Sequences/21352_Japanese.bin	9668	0xae5377c
gametext/Sequences/595_English.bin	4148	0xae55d40
gametext/Sequences/595_French.bin	4188	0xae56d74
gametext/Sequences/595_Japanese.bin	14656	0xae57dd0
gametext/Sequences/663_English.bin	5296	0xae5b710
gametext/Sequences/663_French.bin	5972	0xae5cbc0
gametext/Sequences/663_Japanese.bin	13156	0xae5e314
gametext/Sequences/664_English.bin	3644	0xae61678
gametext/Sequences/664_French.bin	4160	0xae624b4
gametext/Sequences/664_Japanese.bin	14620	0xae634f4
gametext/Sequences/667_English.bin	6700	0xae66e10
gametext/Sequences/667_French.bin	8108	0xae6883c
gametext/Sequences/667_Japanese.bin	19384	0xae6a7e8
gametext/Sequences/67_English.bin	2480	0xae6f3a0
gametext/Sequences/67_French.bin	3912	0xae6fd50
gametext/Sequences/67_Japanese.bin	9764	0xae70c98
gametext/Sequences/6_English.bin	5360	0xae732bc
gametext/Sequences/6_French.bin	8944	0xae747ac
gametext/Sequences/6_Japanese.bin	23308	0xae76a9c
gametext/Sequences/72_English.bin	3032	0xae7c5a8
gametext/Sequences/72_French.bin	4956	0xae7d180
gametext/Sequences/72_Japanese.bin	18228	0xae7e4dc
gametext/Sequences/764_English.bin	5412	0xae82c10
gametext/Sequences/764_French.bin	5036	0xae84134
gametext/Sequences/764_Japanese.bin	13068	0xae854e0
gametext/Sequences/90_English.bin	1744	0xae887ec
gametext/Sequences/90_French.bin	1888	0xae88ebc
gametext/Sequences/90_Japanese.bin	3064	0xae8961c
gametext/Sequences/978_English.bin	13060	0xae8a214
gametext/Sequences/978_French.bin	10248	0xae8d518
gametext/Sequences/978_Japanese.bin	22720	0xae8fd20
gametext/ShipBattle/English.bin	91620	0xae955e0
gametext/ShipBattle/French.bin	91620	0xaeabbc4
gametext/ShipBattle/German.bin	85852	0xaec21a8
gametext/ShipBattle/Italian.bin	85852	0xaed7104
gametext/ShipBattle/Japanese.bin	91620	0xaeec060
gametext/ShipBattle/Spanish.bin	85852	0xaf02644
gametext/Shop/English.bin	100776	0xaf175a0
gametext/Shop/French.bin	100776	0xaf2ff48
gametext/Shop/German.bin	96160	0xaf488f0
gametext/Shop/Italian.bin	96160	0xaf60090
gametext/Shop/Japanese.bin	100776	0xaf77830
gametext/Shop/Spanish.bin	96160	0xaf901d8
gametext/SwapHol/English.bin	188592	0xafa7978
gametext/SwapHol/French.bin	188592	0xafd5a28
gametext/SwapHol/German.bin	178792	0xb003ad8
gametext/SwapHol/Italian.bin	178792	0xb02f540
gametext/SwapHol/Japanese.bin	188592	0xb05afa8
gametext/SwapHol/Spanish.bin	178792	0xb089058
gametext/TaskTexts000/English.bin	96524	0xb0b4ac0
gametext/TaskTexts000/French.bin	96524	0xb0cc3cc
gametext/TaskTexts000/German.bin	94404	0xb0e3cd8
gametext/TaskTexts000/Italian.bin	94404	0xb0fad9c
gametext/TaskTexts000/Japanese.bin	96524	0xb111e60
gametext/TaskTexts000/Spanish.bin	94404	0xb12976c
gametext/TaskTexts001/English.bin	106416	0xb140830
gametext/TaskTexts001/French.bin	106416	0xb15a7e0
gametext/TaskTexts001/German.bin	104296	0xb174790
gametext/TaskTexts001/Italian.bin	104296	0xb18def8
gametext/TaskTexts001/Japanese.bin	106416	0xb1a7660
gametext/TaskTexts001/Spanish.bin	104296	0xb1c1610
gametext/TaskTexts002/English.bin	81744	0xb1dad78
gametext/TaskTexts002/French.bin	81744	0xb1eecc8
gametext/TaskTexts002/German.bin	79624	0xb202c18
gametext/TaskTexts002/Italian.bin	79624	0xb216320
gametext/TaskTexts002/Japanese.bin	81744	0xb229a28
gametext/TaskTexts002/Spanish.bin	79624	0xb23d978
gametext/TaskTexts003/English.bin	87828	0xb251080
gametext/TaskTexts003/French.bin	87828	0xb266794
gametext/TaskTexts003/German.bin	85708	0xb27bea8
gametext/TaskTexts003/Italian.bin	85708	0xb290d74
gametext/TaskTexts003/Japanese.bin	87828	0xb2a5c40
gametext/TaskTexts003/Spanish.bin	85708	0xb2bb354
gametext/TaskTexts004/English.bin	87456	0xb2d0220
gametext/TaskTexts004/French.bin	87456	0xb2e57c0
gametext/TaskTexts004/German.bin	85336	0xb2fad60
gametext/TaskTexts004/Italian.bin	85336	0xb30fab8
gametext/TaskTexts004/Japanese.bin	87456	0xb324810
gametext/TaskTexts004/Spanish.bin	85336	0xb339db0
gametext/TaskTexts005/English.bin	96388	0xb34eb08
gametext/TaskTexts005/French.bin	96388	0xb36638c
gametext/TaskTexts005/German.bin	94268	0xb37dc10
gametext/TaskTexts005/Italian.bin	94268	0xb394c4c
gametext/TaskTexts005/Japanese.bin	96388	0xb3abc88
gametext/TaskTexts005/Spanish.bin	94268	0xb3c350c
gametext/TaskTexts006/English.bin	112632	0xb3da548
gametext/TaskTexts006/French.bin	112632	0xb3f5d40
gametext/TaskTexts006/German.bin	110512	0xb411538
gametext/TaskTexts006/Italian.bin	110512	0xb42c4e8
gametext/TaskTexts006/Japanese.bin	112632	0xb447498
gametext/TaskTexts006/Spanish.bin	110512	0xb462c90
gametext/TaskTexts007/English.bin	91528	0xb47dc40
gametext/TaskTexts007/French.bin	91528	0xb4941c8
gametext/TaskTexts007/German.bin	89408	0xb4aa750
gametext/TaskTexts007/Italian.bin	89408	0xb4c0490
gametext/TaskTexts007/Japanese.bin	91528	0xb4d61d0
gametext/TaskTexts007/Spanish.bin	89408	0xb4ec758
gametext/TaskTexts008/English.bin	82516	0xb502498
gametext/TaskTexts008/French.bin	82516	0xb5166ec
gametext/TaskTexts008/German.bin	80396	0xb52a940
gametext/TaskTexts008/Italian.bin	80396	0xb53e34c
gametext/TaskTexts008/Japanese.bin	82516	0xb551d58
gametext/TaskTexts008/Spanish.bin	80396	0xb565fac
gametext/TaskTexts009/English.bin	82492	0xb5799b8
gametext/TaskTexts009/French.bin	82492	0xb58dbf4
gametext/TaskTexts009/German.bin	80372	0xb5a1e30
gametext/TaskTexts009/Italian.bin	80372	0xb5b5824
gametext/TaskTexts009/Japanese.bin	82492	0xb5c9218
gametext/TaskTexts009/Spanish.bin	80372	0xb5dd454
gametext/TaskTexts010/English.bin	82304	0xb5f0e48
gametext/TaskTexts010/French.bin	82304	0xb604fc8
gametext/TaskTexts010/German.bin	80184	0xb619148
gametext/TaskTexts010/Italian.bin	80184	0xb62ca80
gametext/TaskTexts010/Japanese.bin	82304	0xb6403b8
gametext/TaskTexts010/Spanish.bin	80184	0xb654538
gametext/TaskTexts011/English.bin	90840	0xb667e70
gametext/TaskTexts011/French.bin	90840	0xb67e148
gametext/TaskTexts011/German.bin	88720	0xb694420
gametext/TaskTexts011/Italian.bin	88720	0xb6a9eb0
gametext/TaskTexts011/Japanese.bin	90840	0xb6bf940
gametext/TaskTexts011/Spanish.bin	88720	0xb6d5c18
gametext/TaskTexts012/English.bin	82124	0xb6eb6a8
gametext/TaskTexts012/French.bin	82124	0xb6ff774
gametext/TaskTexts012/German.bin	80004	0xb713840
gametext/TaskTexts012/Italian.bin	80004	0xb7270c4
gametext/TaskTexts012/Japanese.bin	82124	0xb73a948
gametext/TaskTexts012/Spanish.bin	80004	0xb74ea14
gametext/TaskTexts013/English.bin	76808	0xb762298
gametext/TaskTexts013/French.bin	76808	0xb774ea0
gametext/TaskTexts013/German.bin	74688	0xb787aa8
gametext/TaskTexts013/Italian.bin	74688	0xb799e68
gametext/TaskTexts013/Japanese.bin	76808	0xb7ac228
gametext/TaskTexts013/Spanish.bin	74688	0xb7bee30
gametext/TaskTexts014/English.bin	76808	0xb7d11f0
gametext/TaskTexts014/French.bin	76808	0xb7e3df8
gametext/TaskTexts014/German.bin	74688	0xb7f6a00
gametext/TaskTexts014/Italian.bin	74688	0xb808dc0
gametext/TaskTexts014/Japanese.bin	76808	0xb81b180
gametext/TaskTexts014/Spanish.bin	74688	0xb82dd88
gametext/TaskTexts015/English.bin	76808	0xb840148
gametext/TaskTexts015/French.bin	76808	0xb852d50
gametext/TaskTexts015/German.bin	74688	0xb865958
gametext/TaskTexts015/Italian.bin	74688	0xb877d18
gametext/TaskTexts015/Japanese.bin	76808	0xb88a0d8
gametext/TaskTexts015/Spanish.bin	74688	0xb89cce0
gametext/TaskTexts016/English.bin	76808	0xb8af0a0
gametext/TaskTexts016/French.bin	76808	0xb8c1ca8
gametext/TaskTexts016/German.bin	74688	0xb8d48b0
gametext/TaskTexts016/Italian.bin	74688	0xb8e6c70
gametext/TaskTexts016/Japanese.bin	76808	0xb8f9030
gametext/TaskTexts016/Spanish.bin	74688	0xb90bc38
gametext/TaskTexts017/English.bin	76808	0xb91dff8
gametext/TaskTexts017/French.bin	76808	0xb930c00
gametext/TaskTexts017/German.bin	74688	0xb943808
gametext/TaskTexts017/Italian.bin	74688	0xb955bc8
gametext/TaskTexts017/Japanese.bin	76808	0xb967f88
gametext/TaskTexts017/Spanish.bin	74688	0xb97ab90
gametext/TaskTexts018/English.bin	76808	0xb98cf50
gametext/TaskTexts018/French.bin	76808	0xb99fb58
gametext/TaskTexts018/German.bin	74688	0xb9b2760
gametext/TaskTexts018/Italian.bin	74688	0xb9c4b20
gametext/TaskTexts018/Japanese.bin	76808	0xb9d6ee0
gametext/TaskTexts018/Spanish.bin	74688	0xb9e9ae8
gametext/TaskTexts019/English.bin	76808	0xb9fbea8
gametext/TaskTexts019/French.bin	76808	0xba0eab0
gametext/TaskTexts019/German.bin	74688	0xba216b8
gametext/TaskTexts019/Italian.bin	74688	0xba33a78
gametext/TaskTexts019/Japanese.bin	76808	0xba45e38
gametext/TaskTexts019/Spanish.bin	74688	0xba58a40
gametext/TaskTexts021/English.bin	76808	0xba6ae00
gametext/TaskTexts021/French.bin	76808	0xba7da08
gametext/TaskTexts021/German.bin	74688	0xba90610
gametext/TaskTexts021/Italian.bin	74688	0xbaa29d0
gametext/TaskTexts021/Japanese.bin	76808	0xbab4d90
gametext/TaskTexts021/Spanish.bin	74688	0xbac7998
gametext/TaskTexts022/English.bin	76808	0xbad9d58
gametext/TaskTexts022/French.bin	76808	0xbaec960
gametext/TaskTexts022/German.bin	74688	0xbaff568
gametext/TaskTexts022/Italian.bin	74688	0xbb11928
gametext/TaskTexts022/Japanese.bin	76808	0xbb23ce8
gametext/TaskTexts022/Spanish.bin	74688	0xbb368f0
gametext/TaskTexts023/English.bin	76808	0xbb48cb0
gametext/TaskTexts023/French.bin	76808	0xbb5b8b8
gametext/TaskTexts023/German.bin	74688	0xbb6e4c0
gametext/TaskTexts023/Italian.bin	74688	0xbb80880
gametext/TaskTexts023/Japanese.bin	76808	0xbb92c40
gametext/TaskTexts023/Spanish.bin	74688	0xbba5848
gametext/TaskTexts024/English.bin	76808	0xbbb7c08
gametext/TaskTexts024/French.bin	76808	0xbbca810
gametext/TaskTexts024/German.bin	74688	0xbbdd418
gametext/TaskTexts024/Italian.bin	74688	0xbbef7d8
gametext/TaskTexts024/Japanese.bin	76808	0xbc01b98
gametext/TaskTexts024/Spanish.bin	74688	0xbc147a0
gametext/Volcano/English.bin	87884	0xbc26b60
gametext/Volcano/French.bin	87884	0xbc3c2ac
gametext/Volcano/German.bin	85764	0xbc519f8
gametext/Volcano/Italian.bin	85764	0xbc668fc
gametext/Volcano/Japanese.bin	87884	0xbc7b800
gametext/Volcano/Spanish.bin	85764	0xbc90f4c
gametext/WallCity/English.bin	103128	0xbca5e50
gametext/WallCity/French.bin	103128	0xbcbf128
gametext/WallCity/German.bin	101008	0xbcd8400
gametext/WallCity/Italian.bin	101008	0xbcf0e90
gametext/WallCity/Japanese.bin	103128	0xbd09920
gametext/WallCity/Spanish.bin	101008	0xbd22bf8
gametext/Warlock/English.bin	132892	0xbd3b688
gametext/Warlock/French.bin	132892	0xbd5bda4
gametext/Warlock/German.bin	110612	0xbd7c4c0
gametext/Warlock/Italian.bin	110612	0xbd974d4
gametext/Warlock/Japanese.bin	132892	0xbdb24e8
gametext/Warlock/Spanish.bin	110612	0xbdd2c04
gametext/WorldMap/English.bin	112708	0xbdedc18
gametext/WorldMap/French.bin	112708	0xbe0945c
gametext/WorldMap/German.bin	110588	0xbe24ca0
gametext/WorldMap/Italian.bin	110588	0xbe3fc9c
gametext/WorldMap/Japanese.bin	112708	0xbe5ac98
gametext/WorldMap/Spanish.bin	110588	0xbe764dc
globalma.bin	768	0xbea74a0
globalmap.bin	608	0xbea77a0
gpshrine/ANIM.BIN	85120	0xbea7a00
gpshrine/ANIM.TAB	10208	0xbebc680
gpshrine/ANIMCURV.bin	7264	0xbebee60
gpshrine/ANIMCURV.tab	22656	0xbec0ac0
gpshrine/mod43.bin	469568	0xbec6340
gpshrine/mod43.tab	3904	0xbf38d80
gpshrine/mod43.zlb.bin	326048	0xbf39cc0
gpshrine/MODELIND.bin	3776	0xbf89660
gpshrine/MODELS.bin	50208	0xbf8a520
gpshrine/MODELS.tab	4992	0xbf96940
gpshrine/OBJSEQ.bin	27040	0xbf97cc0
gpshrine/OBJSEQ.tab	2752	0xbf9e660
gpshrine/OBJSEQ2C.tab	2752	0xbf9f120
gpshrine/TEX0.bin	115328	0xbf9fbe0
gpshrine/TEX0.tab	3616	0xbfbbe60
gpshrine/TEX1.bin	970464	0xbfbcc80
gpshrine/TEX1.tab	9664	0xc0a9b60
gpshrine/VOXMAP.bin	3680	0xc0ac120
gpshrine/VOXMAP.tab	6464	0xc0acf80
greatfox/ANIM.BIN	153056	0xc0ae8c0
greatfox/ANIM.TAB	10208	0xc0d3ea0
greatfox/ANIMCURV.bin	50304	0xc0d6680
greatfox/ANIMCURV.tab	22816	0xc0e2b00
greatfox/mod64.bin	120416	0xc0e8420
greatfox/mod64.lzo.bin	63072	0xc105a80
greatfox/mod64.tab	6432	0xc1150e0
greatfox/mod64.zlb.bin	61440	0xc116a00
greatfox/MODELIND.bin	3776	0xc125a00
greatfox/MODELS.bin	258944	0xc1268c0
greatfox/MODELS.tab	5056	0xc165c40
greatfox/OBJSEQ.bin	27392	0xc167000
greatfox/OBJSEQ.tab	2784	0xc16db00
greatfox/OBJSEQ2C.tab	2784	0xc16e5e0
greatfox/TEX0.bin	141920	0xc16f0c0
greatfox/TEX0.tab	3648	0xc191b20
greatfox/TEX1.bin	1032896	0xc192960
greatfox/TEX1.tab	9664	0xc28ec20
greatfox/VOXMAP.bin	0	0xc2911e0
greatfox/VOXMAP.tab	6624	0xc2911e0
HITS.bin	345888	0xc292bc0
HITS.bin.changed	4	0xc2e72e0
HITS.tab	6624	0xc2e72e4
HITS.tab.changed	4	0xc2e8cc4
icemountain/ANIM.BIN	1365856	0xc2e8cc8
icemountain/ANIM.TAB	10208	0xc436428
icemountain/ANIMCURV.bin	99136	0xc438c08
icemountain/ANIMCURV.tab	22816	0xc450f48
icemountain/mod31.bin	600352	0xc456868
icemountain/mod31.lzo.bin	414784	0xc4e9188
icemountain/mod31.tab	3328	0xc54e5c8
icemountain/mod31.zlb.bin	379328	0xc54f2c8
icemountain/MODELIND.bin	3776	0xc5abc88
icemountain/MODELS.bin	510720	0xc5acb48
icemountain/MODELS.tab	5056	0xc629648
icemountain/OBJSEQ.bin	27392	0xc62aa08
icemountain/OBJSEQ.tab	2784	0xc631508
icemountain/OBJSEQ2C.tab	2784	0xc631fe8
icemountain/TEX0.bin	417728	0xc632ac8
icemountain/TEX0.tab	3648	0xc698a88
icemountain/TEX1.bin	2589280	0xc6998c8
icemountain/TEX1.tab	9664	0xc911b28
icemountain/VOXMAP.bin	0	0xc9140e8
icemountain/VOXMAP.tab	6624	0xc9140e8
INCLUDE.bin	14272	0xc915ac8
INCLUDE.tab	20	0xc919288
insidegal/ANIM.BIN	1965856	0xc91929c
insidegal/ANIM.TAB	9984	0xcaf91bc
insidegal/ANIMCURV.bin	1132032	0xcafb8bc
insidegal/ANIMCURV.tab	72832	0xcc0febc
insidegal/mod38.bin	125056	0xcc21b3c
insidegal/mod38.tab	3520	0xcc403bc
insidegal/MODELIND.bin	3584	0xcc4117c
insidegal/MODELS.bin	451008	0xcc41f7c
insidegal/MODELS.tab	4864	0xccb013c
insidegal/OBJSEQ.bin	24352	0xccb143c
insidegal/OBJSEQ.tab	2432	0xccb735c
insidegal/OBJSEQ2C.tab	4128	0xccb7cdc
insidegal/TEX0.bin	1143456	0xccb8cfc
insidegal/TEX0.tab	4416	0xcdcff9c
insidegal/TEX1.bin	2069536	0xcdd10dc
insidegal/TEX1.tab	11072	0xcfca4fc
insidegal/VOXMAP.bin	251456	0xcfcd03c
insidegal/VOXMAP.tab	4640	0xd00a67c
INSTRUMENTS.bin	2	0xd00b89c
KRYSTALHELP.bin	0	0xd00b8a0
LACTIONS.bin	40960	0xd00b8a0
LACTIONS.bin.changed	4	0xd0158a0
LEMMINGDLLS.tab	2048	0xd0158a4
LEVELNAMES.bin	1632	0xd0160a4
LEVELNAMES.tab	124	0xd016704
LEVELS.bin	1856	0xd016780
LEVELS.tab	124	0xd016ec0
lightfoot/ANIM.BIN	1396384	0xd016f3c
lightfoot/ANIM.TAB	10208	0xd16bddc
lightfoot/ANIMCURV.bin	108416	0xd16e5bc
lightfoot/ANIMCURV.tab	22816	0xd188d3c
lightfoot/mod22.bin	765248	0xd18e65c
lightfoot/mod22.lzo.bin	520320	0xd24939c
lightfoot/mod22.tab	2432	0xd2c841c
lightfoot/mod22.zlb.bin	467584	0xd2c8d9c
lightfoot/MODELIND.bin	3776	0xd33b01c
lightfoot/MODELS.bin	664064	0xd33bedc
lightfoot/MODELS.tab	5056	0xd3de0dc
lightfoot/OBJSEQ.bin	27392	0xd3df49c
lightfoot/OBJSEQ.tab	2784	0xd3e5f9c
lightfoot/OBJSEQ2C.tab	2784	0xd3e6a7c
lightfoot/TEX0.bin	394016	0xd3e755c
lightfoot/TEX0.tab	3648	0xd44787c
lightfoot/TEX1.bin	2455520	0xd4486bc
lightfoot/TEX1.tab	9664	0xd69fe9c
lightfoot/VOXMAP.bin	0	0xd6a245c
lightfoot/VOXMAP.tab	6624	0xd6a245c
linka/ANIM.BIN	81632	0xd6a3e3c
linka/ANIM.TAB	10208	0xd6b7d1c
linka/ANIMCURV.bin	12608	0xd6ba4fc
linka/ANIMCURV.tab	22816	0xd6bd63c
linka/mod65.bin	8128	0xd6c2f5c
linka/mod65.lzo.bin	5280	0xd6c4f1c
linka/mod65.tab	6464	0xd6c63bc
linka/mod65.zlb.bin	4064	0xd6c7cfc
linka/MODELIND.bin	3776	0xd6c8cdc
linka/MODELS.bin	5312	0xd6c9b9c
linka/MODELS.tab	5056	0xd6cb05c
linka/OBJSEQ.bin	27392	0xd6cc41c
linka/OBJSEQ.tab	2784	0xd6d2f1c
linka/OBJSEQ2C.tab	2784	0xd6d39fc
linka/TEX0.bin	928	0xd6d44dc
linka/TEX0.tab	3648	0xd6d487c
linka/TEX1.bin	36192	0xd6d56bc
linka/TEX1.tab	9664	0xd6de41c
linka/VOXMAP.bin	0	0xd6e09dc
linka/VOXMAP.tab	6624	0xd6e09dc
linkb/ANIM.BIN	87168	0xd6e23bc
linkb/ANIM.TAB	10208	0xd6f783c
linkb/ANIMCURV.bin	6464	0xd6fa01c
linkb/ANIMCURV.tab	22816	0xd6fb95c
linkb/mod55.bin	51712	0xd70127c
linkb/mod55.lzo.bin	50208	0xd70dc7c
linkb/mod55.tab	5088	0xd71a09c
linkb/mod55.zlb.bin	47616	0xd71b47c
linkb/MODELIND.bin	3776	0xd726e7c
linkb/MODELS.bin	48064	0xd727d3c
linkb/MODELS.tab	5056	0xd7338fc
linkb/OBJSEQ.bin	27392	0xd734cbc
linkb/OBJSEQ.tab	2784	0xd73b7bc
linkb/OBJSEQ2C.tab	2784	0xd73c29c
linkb/TEX0.bin	39520	0xd73cd7c
linkb/TEX0.tab	3648	0xd7467dc
linkb/TEX1.bin	488032	0xd74761c
linkb/TEX1.tab	9664	0xd7be87c
linkb/VOXMAP.bin	0	0xd7c0e3c
linkb/VOXMAP.tab	6624	0xd7c0e3c
linkc/ANIM.BIN	84352	0xd7c281c
linkc/ANIM.TAB	10208	0xd7d719c
linkc/ANIMCURV.bin	5472	0xd7d997c
linkc/ANIMCURV.tab	22816	0xd7daedc
linkc/mod66.bin	13216	0xd7e07fc
linkc/mod66.lzo.bin	17600	0xd7e3b9c
linkc/mod66.tab	6464	0xd7e805c
linkc/mod66.zlb.bin	21952	0xd7e999c
linkc/MODELIND.bin	3776	0xd7eef5c
linkc/MODELS.bin	21024	0xd7efe1c
linkc/MODELS.tab	5056	0xd7f503c
linkc/OBJSEQ.bin	27392	0xd7f63fc
linkc/OBJSEQ.tab	2784	0xd7fcefc
linkc/OBJSEQ2C.tab	2784	0xd7fd9dc
linkc/TEX0.bin	20576	0xd7fe4bc
linkc/TEX0.tab	3648	0xd80351c
linkc/TEX1.bin	167168	0xd80435c
linkc/TEX1.tab	9664	0xd82d05c
linkc/VOXMAP.bin	0	0xd82f61c
linkc/VOXMAP.tab	6624	0xd82f61c
linkd/ANIM.BIN	81600	0xd830ffc
linkd/ANIM.TAB	10208	0xd844ebc
linkd/ANIMCURV.bin	448	0xd84769c
linkd/ANIMCURV.tab	22816	0xd84785c
linkd/mod67.bin	125920	0xd84d17c
linkd/mod67.lzo.bin	83904	0xd86bd5c
linkd/mod67.tab	6528	0xd88051c
linkd/mod67.zlb.bin	133920	0xd881e9c
linkd/MODELIND.bin	3776	0xd8a29bc
linkd/MODELS.bin	2976	0xd8a387c
linkd/MODELS.tab	5056	0xd8a441c
linkd/OBJSEQ.bin	27392	0xd8a57dc
linkd/OBJSEQ.tab	2784	0xd8ac2dc
linkd/OBJSEQ2C.tab	2784	0xd8acdbc
linkd/TEX0.bin	53280	0xd8ad89c
linkd/TEX0.tab	3648	0xd8ba8bc
linkd/TEX1.bin	98880	0xd8bb6fc
linkd/TEX1.tab	9664	0xd8d393c
linkd/VOXMAP.bin	0	0xd8d5efc
linkd/VOXMAP.tab	6624	0xd8d5efc
linke/ANIM.BIN	88224	0xd8d78dc
linke/ANIM.TAB	10208	0xd8ed17c
linke/ANIMCURV.bin	5472	0xd8ef95c
linke/ANIMCURV.tab	22816	0xd8f0ebc
linke/mod68.tab	6528	0xd8f67dc
linke/mod68.zlb.bin	74400	0xd8f815c
linke/MODELIND.bin	3776	0xd90a3fc
linke/MODELS.bin	49792	0xd90b2bc
linke/MODELS.tab	5056	0xd91753c
linke/OBJSEQ.bin	27392	0xd9188fc
linke/OBJSEQ.tab	2784	0xd91f3fc
linke/OBJSEQ2C.tab	2784	0xd91fedc
linke/TEX0.bin	95328	0xd9209bc
linke/TEX0.tab	3648	0xd937e1c
linke/TEX1.bin	458784	0xd938c5c
linke/TEX1.tab	9664	0xd9a8c7c
linke/VOXMAP.bin	0	0xd9ab23c
linke/VOXMAP.tab	6624	0xd9ab23c
linkf/ANIM.BIN	84320	0xd9acc1c
linkf/ANIM.TAB	10208	0xd9c157c
linkf/ANIMCURV.bin	1216	0xd9c3d5c
linkf/ANIMCURV.tab	22816	0xd9c421c
linkf/mod69.tab	6560	0xd9c9b3c
linkf/mod69.zlb.bin	64640	0xd9cb4dc
linkf/MODELIND.bin	3776	0xd9db15c
linkf/MODELS.bin	40544	0xd9dc01c
linkf/MODELS.tab	5056	0xd9e5e7c
linkf/OBJSEQ.bin	27392	0xd9e723c
linkf/OBJSEQ.tab	2784	0xd9edd3c
linkf/OBJSEQ2C.tab	2784	0xd9ee81c
linkf/TEX0.bin	109632	0xd9ef2fc
linkf/TEX0.tab	3648	0xda09f3c
linkf/TEX1.bin	458784	0xda0ad7c
linkf/TEX1.tab	9664	0xda7ad9c
linkf/VOXMAP.bin	0	0xda7d35c
linkf/VOXMAP.tab	6624	0xda7d35c
linkg/ANIM.BIN	119520	0xda7ed3c
linkg/ANIM.TAB	10208	0xda9c01c
linkg/ANIMCURV.bin	60000	0xda9e7fc
linkg/ANIMCURV.tab	22816	0xdaad25c
linkg/mod70.tab	6592	0xdab2b7c
linkg/mod70.zlb.bin	69216	0xdab453c
linkg/MODELIND.bin	3776	0xdac539c
linkg/MODELS.bin	83616	0xdac625c
linkg/MODELS.tab	5056	0xdada8fc
linkg/OBJSEQ.bin	27392	0xdadbcbc
linkg/OBJSEQ.tab	2784	0xdae27bc
linkg/OBJSEQ2C.tab	2784	0xdae329c
linkg/TEX0.bin	116096	0xdae3d7c
linkg/TEX0.tab	3648	0xdb002fc
linkg/TEX1.bin	433344	0xdb0113c
linkg/TEX1.tab	9664	0xdb6adfc
linkg/VOXMAP.bin	0	0xdb6d3bc
linkg/VOXMAP.tab	6624	0xdb6d3bc
linkh/ANIM.BIN	101760	0xdb6ed9c
linkh/ANIM.TAB	10208	0xdb87b1c
linkh/ANIMCURV.bin	640	0xdb8a2fc
linkh/ANIMCURV.tab	22816	0xdb8a57c
linkh/mod71.tab	6592	0xdb8fe9c
linkh/mod71.zlb.bin	71392	0xdb9185c
linkh/MODELIND.bin	3776	0xdba2f3c
linkh/MODELS.bin	63488	0xdba3dfc
linkh/MODELS.tab	5056	0xdbb35fc
linkh/OBJSEQ.bin	27392	0xdbb49bc
linkh/OBJSEQ.tab	2784	0xdbbb4bc
linkh/OBJSEQ2C.tab	2784	0xdbbbf9c
linkh/TEX0.bin	125504	0xdbbca7c
linkh/TEX0.tab	3648	0xdbdb4bc
linkh/TEX1.bin	520288	0xdbdc2fc
linkh/TEX1.tab	9664	0xdc5b35c
linkh/VOXMAP.bin	0	0xdc5d91c
linkh/VOXMAP.tab	6624	0xdc5d91c
linki/ANIM.BIN	644576	0xdc5f2fc
linki/ANIM.TAB	10208	0xdcfc8dc
linki/ANIMCURV.bin	72800	0xdcff0bc
linki/ANIMCURV.tab	22816	0xdd10d1c
linki/mod73.tab	6624	0xdd1663c
linki/mod73.zlb.bin	60736	0xdd1801c
linki/MODELIND.bin	3776	0xdd26d5c
linki/MODELS.bin	210752	0xdd27c1c
linki/MODELS.tab	5056	0xdd5b35c
linki/OBJSEQ.bin	27392	0xdd5c71c
linki/OBJSEQ.tab	2784	0xdd6321c
linki/OBJSEQ2C.tab	2784	0xdd63cfc
linki/TEX0.bin	26720	0xdd647dc
linki/TEX0.tab	3648	0xdd6b03c
linki/TEX1.bin	1134304	0xdd6be7c
linki/TEX1.tab	9664	0xde80d5c
linki/VOXMAP.bin	0	0xde8331c
linki/VOXMAP.tab	6624	0xde8331c
linkj/ANIM.BIN	85984	0xde84cfc
linkj/ANIM.TAB	10208	0xde99cdc
linkj/ANIMCURV.bin	672	0xde9c4bc
linkj/ANIMCURV.tab	22752	0xde9c75c
linkj/mod72.tab	6592	0xdea203c
linkj/mod72.zlb.bin	16064	0xdea39fc
linkj/MODELIND.bin	3776	0xdea78bc
linkj/MODELS.bin	33504	0xdea877c
linkj/MODELS.tab	5056	0xdeb0a5c
linkj/OBJSEQ.bin	27392	0xdeb1e1c
linkj/OBJSEQ.tab	2784	0xdeb891c
linkj/OBJSEQ2C.tab	2784	0xdeb93fc
linkj/TEX0.bin	63616	0xdeb9edc
linkj/TEX0.tab	3648	0xdec975c
linkj/TEX1.bin	303776	0xdeca59c
linkj/TEX1.tab	9664	0xdf1483c
linkj/VOXMAP.bin	0	0xdf16dfc
linkj/VOXMAP.tab	6624	0xdf16dfc
linklevel/ANIM.BIN	1613472	0xdf187dc
linklevel/ANIM.TAB	9984	0xe0a267c
linklevel/ANIMCURV.bin	1132192	0xe0a4d7c
linklevel/ANIMCURV.tab	72672	0xe1b941c
linklevel/mod63.bin	23616	0xe1caffc
linklevel/mod63.tab	6016	0xe1d0c3c
linklevel/MODELIND.bin	3584	0xe1d23bc
linklevel/MODELS.bin	255552	0xe1d31bc
linklevel/MODELS.tab	4864	0xe2117fc
linklevel/OBJSEQ.bin	24352	0xe212afc
linklevel/OBJSEQ.tab	2432	0xe218a1c
linklevel/OBJSEQ2C.tab	4128	0xe21939c
linklevel/TEX0.bin	0	0xe21a3bc
linklevel/TEX0.tab	0	0xe21a3bc
linklevel/TEX1.bin	927488	0xe21a3bc
linklevel/TEX1.tab	11392	0xe2fcabc
linklevel/VOXMAP.bin	246112	0xe2ff73c
linklevel/VOXMAP.tab	6016	0xe33b89c
magiccave/ANIM.BIN	85664	0xe33d01c
magiccave/ANIM.TAB	10208	0xe351ebc
magiccave/ANIMCURV.bin	18336	0xe35469c
magiccave/ANIMCURV.tab	22816	0xe358e3c
magiccave/mod39.bin	152480	0xe35e75c
magiccave/mod39.lzo.bin	96896	0xe383afc
magiccave/mod39.tab	3872	0xe39b57c
magiccave/mod39.zlb.bin	110208	0xe39c49c
magiccave/MODELIND.bin	3776	0xe3b731c
magiccave/MODELS.bin	27616	0xe3b81dc
magiccave/MODELS.tab	5056	0xe3bedbc
magiccave/OBJSEQ.bin	27392	0xe3c017c
magiccave/OBJSEQ.tab	2784	0xe3c6c7c
magiccave/OBJSEQ2C.tab	2784	0xe3c775c
magiccave/TEX0.bin	108032	0xe3c823c
magiccave/TEX0.tab	3648	0xe3e283c
magiccave/TEX1.bin	262432	0xe3e367c
magiccave/TEX1.tab	9664	0xe42379c
magiccave/VOXMAP.bin	4768	0xe425d5c
magiccave/VOXMAP.tab	6624	0xe426ffc
MAPINFO.bin	3744	0xe4289dc
MAPINFO.bin.changed	4	0xe42987c
MAPS.bin	516224	0xe429880
MAPS.bin.changed	4	0xe4a7900
MAPS.tab	3296	0xe4a7904
MAPS.tab.changed	4	0xe4a85e4
MAPSETUP.ind	224	0xe4a85e8
MAPSETUP.ind.changed	4	0xe4a86c8
MAPSETUP.tab	3424	0xe4a86cc
MAPSETUP.tab.changed	4	0xe4a942c
MAPTOLEV.tab	90	0xe4a9430
mazecave/ANIM.BIN	81600	0xe4a948c
mazecave/ANIM.TAB	10208	0xe4bd34c
mazecave/ANIMCURV.bin	320	0xe4bfb2c
mazecave/ANIMCURV.tab	22816	0xe4bfc6c
mazecave/mod10.tab	1120	0xe4c558c
mazecave/mod10.zlb.bin	36032	0xe4c59ec
mazecave/MODELIND.bin	3776	0xe4ce6ac
mazecave/MODELS.bin	320	0xe4cf56c
mazecave/MODELS.tab	5056	0xe4cf6ac
mazecave/OBJSEQ.bin	27392	0xe4d0a6c
mazecave/OBJSEQ.tab	2784	0xe4d756c
mazecave/OBJSEQ2C.tab	2784	0xe4d804c
mazecave/TEX0.bin	928	0xe4d8b2c
mazecave/TEX0.tab	3648	0xe4d8ecc
mazecave/TEX1.bin	282240	0xe4d9d0c
mazecave/TEX1.tab	9664	0xe51eb8c
mazecave/VOXMAP.bin	0	0xe52114c
mazecave/VOXMAP.tab	6624	0xe52114c
mmpass/ANIM.BIN	1098368	0xe522b2c
mmpass/ANIM.TAB	10208	0xe62edac
mmpass/ANIMCURV.bin	52960	0xe63158c
mmpass/ANIMCURV.tab	22816	0xe63e46c
mmpass/mod26.bin	725280	0xe643d8c
mmpass/mod26.tab	2720	0xe6f4eac
mmpass/mod26.zlb.bin	459456	0xe6f594c
mmpass/MODELIND.bin	3776	0xe765c0c
mmpass/MODELS.bin	544160	0xe766acc
mmpass/MODELS.tab	5056	0xe7eb86c
mmpass/OBJSEQ.bin	27392	0xe7ecc2c
mmpass/OBJSEQ.tab	2784	0xe7f372c
mmpass/OBJSEQ2C.tab	2784	0xe7f420c
mmpass/TEX0.bin	412640	0xe7f4cec
mmpass/TEX0.tab	3648	0xe8598cc
mmpass/TEX1.bin	2462272	0xe85a70c
mmpass/TEX1.tab	9664	0xeab394c
mmpass/VOXMAP.bin	16960	0xeab5f0c
mmpass/VOXMAP.tab	6624	0xeaba14c
mmshrine/ANIM.BIN	238368	0xeabbb2c
mmshrine/ANIM.TAB	10208	0xeaf5e4c
mmshrine/ANIMCURV.bin	10176	0xeaf862c
mmshrine/ANIMCURV.tab	22752	0xeafadec
mmshrine/mod32.tab	3232	0xeb006cc
mmshrine/mod41.bin	345312	0xeb0136c
mmshrine/mod41.tab	3968	0xeb5584c
mmshrine/mod41.zlb.bin	290112	0xeb567cc
mmshrine/MODELIND.bin	3776	0xeb9d50c
mmshrine/MODELS.bin	85152	0xeb9e3cc
mmshrine/MODELS.tab	5056	0xebb306c
mmshrine/OBJSEQ.bin	27392	0xebb442c
mmshrine/OBJSEQ.tab	2784	0xebbaf2c
mmshrine/OBJSEQ2C.tab	2784	0xebbba0c
mmshrine/TEX0.bin	146464	0xebbc4ec
mmshrine/TEX0.tab	3648	0xebe010c
mmshrine/TEX1.bin	774880	0xebe0f4c
mmshrine/TEX1.tab	9664	0xec9e22c
mmshrine/VOXMAP.bin	4128	0xeca07ec
mmshrine/VOXMAP.tab	6624	0xeca180c
mod10.tab	1216	0xeca31ec
mod10.zlb.bin	36032	0xeca36ac
mod11.bin	156640	0xecac36c
mod11.tab	1280	0xecd274c
mod11.zlb.bin	268864	0xecd2c4c
mod12.bin	50336	0xed1468c
mod12.tab	1248	0xed20b2c
mod13.bin	380768	0xed2100c
mod13.lzo.bin	312224	0xed7df6c
mod13.tab	1472	0xedca30c
mod13.zlb.bin	261344	0xedca8cc
mod14.bin	448	0xee0a5ac
mod14.lzo.bin	18656	0xee0a76c
mod14.tab	1472	0xee0f04c
mod14.zlb.bin	16032	0xee0f60c
mod15.bin	612416	0xee134ac
mod15.lzo.bin	401376	0xeea8cec
mod15.tab	1632	0xef0accc
mod15.zlb.bin	362688	0xef0b32c
mod16.bin	930688	0xef63bec
mod16.lzo.bin	666624	0xf046f6c
mod16.tab	1824	0xf0e9b6c
mod16.zlb.bin	770496	0xf0ea28c
mod17.bin	396320	0xf1a644c
mod17.lzo.bin	255008	0xf20706c
mod17.tab	1856	0xf24548c
mod17.zlb.bin	192512	0xf245bcc
mod19.bin	642848	0xf274bcc
mod19.lzo.bin	464224	0xf311aec
mod19.tab	2080	0xf38304c
mod19.zlb.bin	368736	0xf38386c
mod20.bin	93280	0xf3dd8cc
mod20.lzo.bin	62304	0xf3f452c
mod20.tab	2080	0xf40388c
mod20.zlb.bin	124096	0xf4040ac
mod21.bin	366464	0xf42256c
mod21.lzo.bin	550592	0xf47bcec
mod21.tab	2304	0xf5023ac
mod21.zlb.bin	475840	0xf502cac
mod22.bin	755648	0xf576f6c
mod22.lzo.bin	520320	0xf62f72c
mod22.tab	2432	0xf6ae7ac
mod22.zlb.bin	467584	0xf6af12c
mod23.bin	144448	0xf7213ac
mod23.tab	2304	0xf7447ec
mod25.bin	44512	0xf7450ec
mod25.tab	2560	0xf74fecc
mod25.zlb.bin	31584	0xf7508cc
mod26.bin	725280	0xf75842c
mod26.tab	2720	0xf80954c
mod26.zlb.bin	459456	0xf809fec
mod27.bin	748640	0xf87a2ac
mod27.lzo.bin	578400	0xf930f0c
mod27.tab	2880	0xf9be26c
mod27.zlb.bin	491424	0xf9bedac
mod28.bin	61344	0xfa36d4c
mod28.tab	2880	0xfa45cec
mod29.bin	255648	0xfa4682c
mod29.tab	3040	0xfa84ecc
mod29.zlb.bin	232704	0xfa85aac
mod3.bin	578816	0xfabe7ac
mod3.lzo.bin	375360	0xfb4bcac
mod3.tab	480	0xfba76ec
mod3.zlb.bin	311616	0xfba78cc
mod30.bin	71104	0xfbf3a0c
mod30.tab	3072	0xfc04fcc
mod31.bin	568096	0xfc05bcc
mod31.lzo.bin	414784	0xfc906ec
mod31.tab	3296	0xfcf5b2c
mod31.zlb.bin	379328	0xfcf680c
mod32.bin	93536	0xfd531cc
mod32.tab	3232	0xfd69f2c
mod35.bin	185280	0xfd6abcc
mod35.lzo.bin	399136	0xfd97f8c
mod35.tab	3616	0xfdf96ac
mod35.zlb.bin	496256	0xfdfa4cc
mod36.bin	201984	0xfe7374c
mod36.blk	105	0xfea4c4c
mod36.lzo.bin	132992	0xfea4cb8
mod36.tab	3680	0xfec5438
mod36.tex	269	0xfec6298
mod36.zlb.bin	111264	0xfec63a8
mod38.bin	125056	0xfee1648
mod38.tab	3776	0xfeffec8
mod39.bin	142176	0xff00d88
mod39.lzo.bin	96896	0xff238e8
mod39.tab	3776	0xff3b368
mod39.zlb.bin	110208	0xff3c228
mod4.bin	600448	0xff570a8
mod4.lzo.bin	504704	0xffe9a28
mod4.tab	736	0x10064da8
mod4.zlb.bin	453504	0x10065088
mod40.bin	359360	0x100d3c08
mod40.tab	3808	0x1012b7c8
mod40.zlb.bin	218336	0x1012c6a8
mod41.bin	345696	0x10161b88
mod41.tab	3840	0x101b61e8
mod41.zlb.bin	290112	0x101b70e8
mod42.bin	378528	0x101fde28
mod42.lzo.bin	271968	0x1025a4c8
mod42.tab	3872	0x1029cb28
mod42.zlb.bin	257664	0x1029da48
mod43.bin	466752	0x102dc8c8
mod43.tab	3904	0x1034e808
mod43.zlb.bin	326048	0x1034f748
mod44.bin	354208	0x1039f0e8
mod44.tab	3936	0x103f5888
mod44.zlb.bin	268928	0x103f67e8
mod45.bin	380640	0x10438268
mod45.tab	3968	0x10495148
mod45.zlb.bin	97920	0x104960c8
mod46.bin	480	0x104adf48
mod46.lzo.bin	224	0x104ae128
mod46.tab	3968	0x104ae208
mod46.zlb.bin	192	0x104af188
mod48.bin	448960	0x104af248
mod48.tab	4192	0x1051cc08
mod48.zlb.bin	352224	0x1051dc68
mod49.bin	402656	0x10573c48
mod49.tab	4736	0x105d6128
mod5.bin	50336	0x105d73a8
mod5.tab	96	0x105e3848
mod51.bin	689344	0x105e38a8
mod51.tab	4480	0x1068bd68
mod51.zlb.bin	384064	0x1068cee8
mod52.bin	5696	0x106eab28
mod52.tab	4512	0x106ec168
mod52.zlb.bin	710656	0x106ed308
mod54.bin	395840	0x1079ab08
mod54.lzo.bin	255744	0x107fb548
mod54.tab	4640	0x10839c48
mod54.zlb.bin	214656	0x1083ae68
mod55.bin	3840	0x1086f4e8
mod55.lzo.bin	50208	0x108703e8
mod55.tab	4320	0x1087c808
mod55.zlb.bin	47616	0x1087d8e8
mod57.bin	578816	0x108892e8
mod57.lzo.bin	500512	0x109167e8
mod57.tab	5024	0x10990b08
mod57.zlb.bin	357568	0x10991ea8
mod58.bin	578816	0x109e9368
mod58.lzo.bin	375488	0x10a76868
mod58.tab	5280	0x10ad2328
mod58.zlb.bin	311680	0x10ad37c8
mod59.bin	579936	0x10b1f948
mod59.tab	5408	0x10bad2a8
mod59.zlb.bin	524512	0x10bae7c8
mod6.bin	61376	0x10c2e8a8
mod6.blk	435	0x10c3d868
mod6.lzo.bin	36928	0x10c3da1c
mod6.tab	832	0x10c46a5c
mod6.tex	785	0x10c46d9c
mod6.zlb.bin	28224	0x10c470b0
mod60.bin	372640	0x10c4def0
mod60.tab	5664	0x10ca8e90
mod60.zlb.bin	564608	0x10caa4b0
mod61.bin	578816	0x10d34230
mod61.tab	5920	0x10dc1730
mod61.zlb.bin	280960	0x10dc2e50
mod62.bin	61376	0x10e077d0
mod62.lzo.bin	62944	0x10e16790
mod62.tab	5984	0x10e25d70
mod62.zlb.bin	61440	0x10e274d0
mod63.bin	23616	0x10e364d0
mod63.tab	6016	0x10e3c110
mod64.lzo.bin	63072	0x10e3d890
mod64.zlb.bin	61440	0x10e4cef0
mod65.lzo.bin	5280	0x10e5bef0
mod65.zlb.bin	4064	0x10e5d390
mod66.lzo.bin	17600	0x10e5e370
mod66.zlb.bin	21952	0x10e62830
mod67.lzo.bin	83904	0x10e67df0
mod67.zlb.bin	133920	0x10e7c5b0
mod68.zlb.bin	74400	0x10e9d0d0
mod69.zlb.bin	64640	0x10eaf370
mod7.bin	145888	0x10ebeff0
mod7.tab	864	0x10ee29d0
mod7.zlb.bin	163072	0x10ee2d30
mod70.tab	6592	0x10f0aa30
mod70.zlb.bin	69216	0x10f0c3f0
mod71.tab	6592	0x10f1d250
mod71.zlb.bin	71392	0x10f1ec10
mod72.tab	6592	0x10f302f0
mod72.zlb.bin	16064	0x10f31cb0
mod73.tab	6624	0x10f35b70
mod73.zlb.bin	60736	0x10f37550
mod8.bin	646304	0x10f46290
mod8.tab	992	0x10fe3f30
mod8.zlb.bin	435200	0x10fe4310
MODANIM.BIN	10976	0x1104e710
MODANIM.BIN.changed	4	0x110511f0
MODANIM.TAB	2528	0x110511f4
MODANIM.TAB.changed	4	0x11051bd4
MODELIND.bin	3776	0x11051bd8
MODELIND.bin.changed	4	0x11052a98
MODELS.bin	83616	0x11052a9c
MODELS.bin.changed	4	0x1106713c
MODELS.tab	5056	0x11067140
MODELS.tab.changed	4	0x11068500
MODLINES.bin	7584	0x11068504
MODLINES.bin.changed	4	0x1106a2a4
MODLINES.tab	192	0x1106a2a8
MODLINES.tab.changed	4	0x1106a368
modules/dino.str	20	0x1106a36c
modules/testmod.rel	569	0x1106a380
MPEG.bin	14482272	0x1106a5bc
MPEG.bin.changed	4	0x11e3a11c
MPEG.tab	4160	0x11e3a120
MPEG.tab.changed	4	0x11e3b160
MUSIC.bin	5898496	0x11e3b164
MUSIC.bin.changed	4	0x123db264
MUSIC.tab	32	0x123db268
MUSIC.tab.changed	4	0x123db288
MUSICACT.bin	16384	0x123db28c
MUSICACTIONS.bin	16384	0x123df28c
MUSICACTIONS.bin.changed	4	0x123e328c
musyxbin/global/cloud.son	16972	0x123e3290
musyxbin/global/credits.son	11664	0x123e74dc
musyxbin/global/discovery.son	17196	0x123ea26c
musyxbin/global/dungeon.son	10732	0x123ee598
musyxbin/global/global.poo	33820	0x123f0f84
musyxbin/global/global.pro	884	0x123f93a0
musyxbin/global/global.sam	2567776	0x123f9714
musyxbin/global/global.sdi	16492	0x1266c574
musyxbin/global/shipbatt.son	5332	0x126705e0
musyxbin/global/starfoxt.son	39656	0x12671ab4
musyxbin/starfox/back_of_cloudrunner.son	8764	0x1267b59c
musyxbin/starfox/cape_claw.son	9352	0x1267d7d8
musyxbin/starfox/cloud.son	16972	0x1267fc60
musyxbin/starfox/cloud_battle.son	16972	0x12683eac
musyxbin/starfox/credits.son	11748	0x126880f8
musyxbin/starfox/dark_ice_cave.son	64700	0x1268aedc
musyxbin/starfox/dark_ice_cavern.son	45672	0x1269ab98
musyxbin/starfox/dark_ice_explore.son	26760	0x126a5e00
musyxbin/starfox/discover.son	17196	0x126ac688
musyxbin/starfox/discovery_falls_theme.son	17196	0x126b09b4
musyxbin/starfox/dungeon.son	10732	0x126b4ce0
musyxbin/starfox/ewt_chase.son	11976	0x126b76cc
musyxbin/starfox/ewt_inside.son	33004	0x126ba594
musyxbin/starfox/ewt_link.son	5460	0x126c2680
musyxbin/starfox/ewt_outside.son	59724	0x126c3bd4
musyxbin/starfox/galleon_docks.son	21528	0x126d2520
musyxbin/starfox/guard_theme.son	13116	0x126d7938
musyxbin/starfox/ice_race.son	4360	0x126dac74
musyxbin/starfox/ice_seq_1.son	8800	0x126dbd7c
musyxbin/starfox/ice_walk_around.son	21184	0x126ddfdc
musyxbin/starfox/inside_warlock.son	24380	0x126e329c
musyxbin/starfox/krazdoor.son	1476	0x126e91d8
musyxbin/starfox/kraztn1.son	20720	0x126e979c
musyxbin/starfox/kraztn2.son	28988	0x126ee88c
musyxbin/starfox/lose_ice_race.son	2312	0x126f59c8
musyxbin/starfox/mammoth_theme.son	13088	0x126f62d0
musyxbin/starfox/map.son	19724	0x126f95f0
musyxbin/starfox/menu_page.son	15420	0x126fe2fc
musyxbin/starfox/rwing1.son	15460	0x12701f38
musyxbin/starfox/ship_battle.son	5332	0x12707070
musyxbin/starfox/shipbatt.son	5332	0x12705b9c
musyxbin/starfox/starfox.h	36154	0x12708544
musyxbin/starfox/starfox.poo	133076	0x12711280
musyxbin/starfox/starfox.pro	20856	0x12731a54
musyxbin/starfox/starfox.sam	12673872	0x12736bcc
musyxbin/starfox/starfox.sdi	97420	0x1334cf1c
musyxbin/starfox/starfox.son	11724	0x13364ba8
musyxbin/starfox/starfox_area_6.son	17540	0x13367974
musyxbin/starfox/starfox_fanfare.son	11616	0x1336bdf8
musyxbin/starfox/swapstone_circle.son	20572	0x1336eb58
musyxbin/starfox/tc.son	6128	0x13373bb4
musyxbin/starfox/test_of_sacrifice.son	7488	0x133753a4
musyxbin/starfox/test_of_skill.son	7476	0x133770e4
musyxbin/starfox/tf.son	5848	0x13378e18
musyxbin/starfox/theme.son	40152	0x1337a4f0
musyxbin/starfox/tm.son	13096	0x133841c8
musyxbin/starfox/ts.son	8672	0x133874f0
musyxbin/starfox/volcano_explore.son	19700	0x133896d0
musyxbin/starfox/win_ice_race.son	4944	0x13395374
musyxbin/starfox/wind_ambi.son	28592	0x1338e3c4
NEWANIM.BIN	765	0x133966c4
NEWANIM.INDEX	20	0x133969c4
nwastes/ANIM.BIN	1475744	0x133969d8
nwastes/ANIM.TAB	10208	0x134fee78
nwastes/ANIMCURV.bin	77248	0x13501658
nwastes/ANIMCURV.tab	22816	0x13514418
nwastes/mod15.bin	634016	0x13519d38
nwastes/mod15.lzo.bin	401376	0x135b49d8
nwastes/mod15.tab	1568	0x136169b8
nwastes/mod15.zlb.bin	362688	0x13616fd8
nwastes/MODELIND.bin	3776	0x1366f898
nwastes/MODELS.bin	683520	0x13670758
nwastes/MODELS.tab	5056	0x13717558
nwastes/OBJSEQ.bin	27392	0x13718918
nwastes/OBJSEQ.tab	2784	0x1371f418
nwastes/OBJSEQ2C.tab	2784	0x1371fef8
nwastes/TEX0.bin	368544	0x137209d8
nwastes/TEX0.tab	3648	0x1377a978
nwastes/TEX1.bin	3354976	0x1377b7b8
nwastes/TEX1.tab	9664	0x13aae918
nwastes/VOXMAP.bin	384	0x13ab0ed8
nwastes/VOXMAP.tab	6624	0x13ab1058
nwshrine/ANIM.BIN	318592	0x13ab2a38
nwshrine/ANIM.TAB	10208	0x13b006b8
nwshrine/ANIMCURV.bin	6560	0x13b02e98
nwshrine/ANIMCURV.tab	22752	0x13b04838
nwshrine/mod45.bin	373760	0x13b0a118
nwshrine/mod45.tab	4160	0x13b65518
nwshrine/mod45.zlb.bin	97920	0x13b66558
nwshrine/MODELIND.bin	3776	0x13b7e3d8
nwshrine/MODELS.bin	86976	0x13b7f298
nwshrine/MODELS.tab	5056	0x13b94658
nwshrine/OBJSEQ.bin	27392	0x13b95a18
nwshrine/OBJSEQ.tab	2784	0x13b9c518
nwshrine/OBJSEQ2C.tab	2784	0x13b9cff8
nwshrine/TEX0.bin	28256	0x13b9dad8
nwshrine/TEX0.tab	3648	0x13ba4938
nwshrine/TEX1.bin	891008	0x13ba5778
nwshrine/TEX1.tab	9664	0x13c7eff8
nwshrine/VOXMAP.bin	3744	0x13c815b8
nwshrine/VOXMAP.tab	6624	0x13c82458
OBJECTS.bin	342816	0x13c83e38
OBJECTS.bin.changed	4	0x13cd7958
OBJECTS.bin2	49152	0x13cd795c
OBJECTS.tab	6112	0x13ce395c
OBJECTS.tab.changed	4	0x13ce513c
OBJEVENT.bin	9184	0x13ce5140
OBJEVENTS.bin	4384	0x13ce7520
OBJEVENTS.bin.changed	4	0x13ce8640
OBJFSAS.bin	19120	0x13ce8644
OBJFSAS.tab	40	0x13ced0f4
OBJGROUPS.bin	0	0x13ced11c
OBJGROUPS.map	0	0x13ced11c
OBJGROUPS.tab	4	0x13ced11c
OBJHITS.bin	24768	0x13ced120
OBJHITS.bin.changed	4	0x13cf31e0
OBJINDEX.bin	4160	0x13cf31e4
OBJINDEX.bin.changed	4	0x13cf4224
OBJMAPS.tab	12	0x13cf4228
OBJSEQ.bin	27392	0x13cf4234
OBJSEQ.bin.changed	4	0x13cfad34
OBJSEQ.tab	2784	0x13cfad38
OBJSEQ.tab.changed	4	0x13cfb818
OBJSEQ2C.tab	2784	0x13cfb81c
OBJSEQ2CURVE.tab	4128	0x13cfc2fc
OBJSEQ2CURVE.tab.changed	4	0x13cfd31c
out	4724	0x13cfd320
PAL.bin	0	0x13cfe594
PAL.tab	8	0x13cfe594
PARTICLES.bin	1896	0x13cfe59c
PARTICLES.tab	324	0x13cfed04
PARTSPRITES.bin	2	0x13cfee48
PREANIM.BIN	924672	0x13cfee4c
PREANIM.TAB	10208	0x13de0a4c
rebirth.thp	32111204	0x13de322c
SAVEGAME.bin	6144	0x15c82c90
SAVEGAME.tab	32	0x15c84490
SAVEGAMES.bin	6144	0x15c844b0
SAVEGAMES.bin.changed	4	0x15c85cb0
SAVEGAMES.tab	64	0x15c85cb4
SAVEGAMES.tab.changed	4	0x15c85cf4
SCREENS.bin	307232	0x15c85cf8
SCREENS.bin.changed	4	0x15cd0d18
SCREENS.tab	32	0x15cd0d1c
SCREENS.tab.changed	4	0x15cd0d3c
SeqsCat.sqs	0	0x15cd0d40
SFX.bin	8597984	0x15cd0d40
SFX.bin.changed	4	0x16503f20
SFX.tab	32	0x16503f24
SFX.tab.changed	4	0x16503f44
SFXACTIONS.bin	8192	0x16503f48
SFXEVENTS.bin	2576	0x16505f48
SFXEVENTS.tab	136	0x16506958
SFXINDEX.tab	104	0x165069e0
shaphol	1	0x16506a48
shipbattle/ANIM.BIN	239136	0x16506a4c
shipbattle/ANIM.TAB	10208	0x1654106c
shipbattle/ANIMCURV.bin	43296	0x1654384c
shipbattle/ANIMCURV.tab	22816	0x1654e16c
shipbattle/mod14.bin	17600	0x16553a8c
shipbattle/mod14.lzo.bin	18656	0x16557f4c
shipbattle/mod14.tab	1408	0x1655c82c
shipbattle/mod14.zlb.bin	16032	0x1655cdac
shipbattle/mod30.tab	3072	0x16560c4c
shipbattle/MODELIND.bin	3776	0x1656184c
shipbattle/MODELS.bin	245664	0x1656270c
shipbattle/MODELS.tab	5056	0x1659e6ac
shipbattle/OBJSEQ.bin	27392	0x1659fa6c
shipbattle/OBJSEQ.tab	2784	0x165a656c
shipbattle/OBJSEQ2C.tab	2784	0x165a704c
shipbattle/TEX0.bin	158688	0x165a7b2c
shipbattle/TEX0.tab	3648	0x165ce70c
shipbattle/TEX1.bin	715136	0x165cf54c
shipbattle/TEX1.tab	9664	0x1667decc
shipbattle/VOXMAP.bin	1760	0x1668048c
shipbattle/VOXMAP.tab	6624	0x16680b6c
shop/ANIM.BIN	173056	0x1668254c
shop/ANIM.TAB	10208	0x166ac94c
shop/ANIMCURV.bin	25792	0x166af12c
shop/ANIMCURV.tab	22816	0x166b55ec
shop/mod17.bin	413120	0x166baf0c
shop/mod17.lzo.bin	255008	0x1671fccc
shop/mod17.tab	1792	0x1675e0ec
shop/mod17.zlb.bin	192512	0x1675e7ec
shop/MODELIND.bin	3776	0x1678d7ec
shop/MODELS.bin	106784	0x1678e6ac
shop/MODELS.tab	5056	0x167a87cc
shop/OBJSEQ.bin	27392	0x167a9b8c
shop/OBJSEQ.tab	2784	0x167b068c
shop/OBJSEQ2C.tab	2784	0x167b116c
shop/TEX0.bin	131872	0x167b1c4c
shop/TEX0.tab	3648	0x167d1f6c
shop/TEX1.bin	620064	0x167d2dac
shop/TEX1.tab	9664	0x1686a3cc
shop/VOXMAP.bin	6816	0x1686c98c
shop/VOXMAP.tab	6624	0x1686e42c
SKYANIM.bin	8448	0x1686fe0c
SKYANIM.bin.changed	4	0x16871f0c
SKYANIM.tab	32	0x16871f10
SKYANIM.tab.changed	4	0x16871f30
snowmines3	1	0x16871f34
splashScreen.bin	614400	0x16871f38
SPRITES.bin	176	0x16907f38
SPRITES.tab	64	0x16907fe8
SPRTABLE.bin	174	0x16908028
starfox.thp	92869816	0x169080d8
STORYBOARD.bin	794292	0x1c199590
STORYBOARD.ind	188	0x1c25b444
STORYBOARD.tab	376	0x1c25b500
streams/ARW/2cloud.adp	720896	0x1c260000
streams/ARW/2darkice.adp	720896	0x1c310000
streams/ARW/2dragrock.adp	720896	0x1c3c0000
streams/ARW/2planet.adp	720896	0x1c470000
streams/ARW/2walledcity.adp	720896	0x1c520000
streams/ARW/fail.adp	458752	0x1c5d0000
streams/ARW/gp_force.adp	393216	0x1c640000
streams/ARW/gp_goodfly.adp	393216	0x1c6a0000
streams/ARW/gp_newhigh.adp	393216	0x1c700000
streams/ARW/gp_welldone.adp	393216	0x1c760000
streams/ARW/intro.adp	622592	0x1c7c0000
streams/ARW/pe_enemy.adp	393216	0x1c858000
streams/ARW/pe_keepon.adp	393216	0x1c8b8000
streams/ARW/pe_lookout.adp	393216	0x1c918000
streams/ARW/pe_shoot.adp	393216	0x1c978000
streams/ARW/pe_usebomb.adp	393216	0x1c9d8000
streams/ARW/sl_careful.adp	393216	0x1ca38000
streams/ARW/sl_danger.adp	393216	0x1ca98000
streams/ARW/sl_goodjob.adp	393216	0x1caf8000
streams/ARW/sl_mine.adp	393216	0x1cb58000
streams/ARW/sl_missring.adp	393216	0x1cbb8000
streams/ARW/win.adp	557056	0x1cc18000
streams/CC/htalka.adp	491520	0x1cca0000
streams/CC/htalkb.adp	327680	0x1cd18000
streams/CC/htalkc.adp	262144	0x1cd68000
streams/CC/htalkd.adp	360448	0x1cda8000
streams/CC/htalke.adp	425984	0x1ce00000
streams/CC/htalkf.adp	196608	0x1ce68000
streams/CC/htalkg.adp	229376	0x1ce98000
streams/CC/htalkh.adp	360448	0x1ced0000
streams/CC/htalki.adp	163840	0x1cf28000
streams/CC/queen.adp	4423680	0x1cf50000
streams/COMM/01a_pe.adp	262144	0x1d388000
streams/COMM/01b_pe.adp	262144	0x1d3c8000
streams/COMM/01c_pe.adp	360448	0x1d408000
streams/COMM/01d_pe.adp	294912	0x1d460000
streams/COMM/01e_pe.adp	229376	0x1d4a8000
streams/COMM/01f_pe.adp	229376	0x1d4e0000
streams/COMM/01g_pe.adp	196608	0x1d518000
streams/COMM/01h_pe.adp	294912	0x1d548000
streams/COMM/01i_pe.adp	262144	0x1d590000
streams/COMM/01j_pe.adp	294912	0x1d5d0000
streams/COMM/01k_pe.adp	327680	0x1d618000
streams/COMM/01l_pe.adp	327680	0x1d668000
streams/COMM/01m_pe.adp	327680	0x1d6b8000
streams/COMM/01n_sl.adp	262144	0x1d708000
streams/COMM/01o_sl.adp	262144	0x1d748000
streams/COMM/01p_sl.adp	229376	0x1d788000
streams/COMM/01q_sl.adp	163840	0x1d7c0000
streams/COMM/01r_sl.adp	294912	0x1d7e8000
streams/COMM/01s_sl.adp	196608	0x1d830000
streams/COMM/01t_sl.adp	294912	0x1d860000
streams/COMM/01u_sl.adp	262144	0x1d8a8000
streams/COMM/01v_sl.adp	229376	0x1d8e8000
streams/COMM/01x_sl.adp	262144	0x1d920000
streams/COMM/01y_sl.adp	229376	0x1d960000
streams/COMM/01z_sl.adp	262144	0x1d998000
streams/COMM/02a_sl.adp	294912	0x1d9d8000
streams/COMM/02b_sl.adp	425984	0x1da20000
streams/COMM/02c_sl.adp	360448	0x1da88000
streams/COMM/02d_sl.adp	425984	0x1dae0000
streams/COMM/02e_sl.adp	196608	0x1db48000
streams/COMM/02f_sl.adp	262144	0x1db78000
streams/COMM/02h_gp.adp	294912	0x1dbb8000
streams/COMM/02i_gp.adp	294912	0x1dc00000
streams/COMM/02j_gp.adp	294912	0x1dc48000
streams/COMM/02k_gp.adp	262144	0x1dc90000
streams/COMM/02l_gp.adp	327680	0x1dcd0000
streams/COMM/02m_gp.adp	360448	0x1dd20000
streams/COMM/02n_gp.adp	196608	0x1dd78000
streams/COMM/02o_gp.adp	196608	0x1dda8000
streams/COMM/02p_gp.adp	327680	0x1ddd8000
streams/COMM/02q_gp.adp	425984	0x1de28000
streams/COMM/02r_gp.adp	327680	0x1de90000
streams/COMM/02s_gp.adp	294912	0x1dee0000
streams/COMM/02t_rb.adp	262144	0x1df28000
streams/COMM/02u_rb.adp	262144	0x1df68000
streams/COMM/02v_pe.adp	229376	0x1dfa8000
streams/COMM/02w_sl.adp	262144	0x1dfe0000
streams/COMM/02x_gp.adp	360448	0x1e020000
streams/COMM/cm01a_pe.adp	262144	0x1e078000
streams/COMM/cm01b_pe.adp	262144	0x1e0b8000
streams/COMM/cm01c_pe.adp	360448	0x1e0f8000
streams/COMM/cm01d_pe.adp	294912	0x1e150000
streams/COMM/cm01e_pe.adp	229376	0x1e198000
streams/COMM/cm01f_pe.adp	229376	0x1e1d0000
streams/COMM/cm01g_pe.adp	196608	0x1e208000
streams/COMM/cm01h_pe.adp	294912	0x1e238000
streams/COMM/cm01i_pe.adp	262144	0x1e280000
streams/COMM/cm01j_pe.adp	294912	0x1e2c0000
streams/COMM/cm01k_pe.adp	327680	0x1e308000
streams/COMM/cm01l_pe.adp	327680	0x1e358000
streams/COMM/cm01m_pe.adp	327680	0x1e3a8000
streams/COMM/cm01n_sl.adp	262144	0x1e3f8000
streams/COMM/cm01o_sl.adp	262144	0x1e438000
streams/COMM/cm01p_sl.adp	229376	0x1e478000
streams/COMM/cm01q_sl.adp	163840	0x1e4b0000
streams/COMM/cm01r_sl.adp	294912	0x1e4d8000
streams/COMM/cm01s_sl.adp	196608	0x1e520000
streams/COMM/cm01t_sl.adp	294912	0x1e550000
streams/COMM/cm01u_sl.adp	262144	0x1e598000
streams/COMM/cm01v_sl.adp	229376	0x1e5d8000
streams/COMM/cm01x_sl.adp	262144	0x1e610000
streams/COMM/cm01y_sl.adp	229376	0x1e650000
streams/COMM/cm01z_sl.adp	262144	0x1e688000
streams/COMM/cm02a_sl.adp	294912	0x1e6c8000
streams/COMM/cm02b_sl.adp	425984	0x1e710000
streams/COMM/cm02c_sl.adp	360448	0x1e778000
streams/COMM/cm02d_sl.adp	425984	0x1e7d0000
streams/COMM/cm02e_sl.adp	196608	0x1e838000
streams/COMM/cm02f_sl.adp	262144	0x1e868000
streams/COMM/cm02h_gp.adp	294912	0x1e8a8000
streams/COMM/cm02i_gp.adp	294912	0x1e8f0000
streams/COMM/cm02j_gp.adp	294912	0x1e938000
streams/COMM/cm02k_gp.adp	262144	0x1e980000
streams/COMM/cm02l_gp.adp	327680	0x1e9c0000
streams/COMM/cm02m_gp.adp	360448	0x1ea10000
streams/COMM/cm02n_gp.adp	196608	0x1ea68000
streams/COMM/cm02o_gp.adp	196608	0x1ea98000
streams/COMM/cm02p_gp.adp	327680	0x1eac8000
streams/COMM/cm02q_gp.adp	425984	0x1eb18000
streams/COMM/cm02r_gp.adp	327680	0x1eb80000
streams/COMM/cm02s_gp.adp	294912	0x1ebd0000
streams/COMM/cm02t_rb.adp	262144	0x1ec18000
streams/COMM/cm02u_rb.adp	262144	0x1ec58000
streams/COMM/cm02v_pe.adp	229376	0x1ec98000
streams/COMM/cm02w_sl.adp	262144	0x1ecd0000
streams/COMM/cm02x_gp.adp	360448	0x1ed10000
streams/COMM/TTHollow.adp	3932160	0x1ed68000
streams/CR/shop1n.adp	393216	0x1f128000
streams/CR/shop1o.adp	327680	0x1f188000
streams/CR/shop1p.adp	196608	0x1f1d8000
streams/CRF/cf01b_kt.adp	393216	0x1f208000
streams/CRF/cf02a_gn.adp	327680	0x1f268000
streams/CRF/cf02c_gn.adp	196608	0x1f2b8000
streams/CRF/cf02d_gn.adp	360448	0x1f2e8000
streams/CRF/cf02i_gn.adp	163840	0x1f340000
streams/CRF/cf02j_gn.adp	557056	0x1f368000
streams/CRF/cf03a_gn.adp	393216	0x1f3f0000
streams/CRF/cf03b_qu.adp	229376	0x1f450000
streams/CRF/cf03c_qu.adp	131072	0x1f488000
streams/CRF/cf03d_kt.adp	98304	0x1f4a8000
streams/CRF/cf03e_gn.adp	458752	0x1f4c0000
streams/CRF/cf03f_qu.adp	98304	0x1f530000
streams/CRF/cf03g_gn.adp	131072	0x1f548000
streams/CRF/cf03h_qu.adp	65536	0x1f568000
streams/CRF/cf03i_gn.adp	327680	0x1f578000
streams/CRF/cf03j_bh.adp	425984	0x1f5c8000
streams/CRF/cf03k_gn.adp	163840	0x1f630000
streams/CRF/cf03l_bh.adp	131072	0x1f658000
streams/CRF/cf03m_bh.adp	163840	0x1f678000
streams/CRF/cf03n_bh.adp	262144	0x1f6a0000
streams/CRF/cf03o_bh.adp	360448	0x1f6e0000
streams/CRF/cf03p_sa.adp	131072	0x1f738000
streams/CRF/cf03q_bh.adp	327680	0x1f758000
streams/CRF/cf03r_bh.adp	163840	0x1f7a8000
streams/CRF/cf03s_bh.adp	163840	0x1f7d0000
streams/CRF/cf03t_bh.adp	196608	0x1f7f8000
streams/CRF/cf04b_kr.adp	65536	0x1f828000
streams/CRF/cf04c_kt.adp	393216	0x1f838000
streams/CRF/cf04e_kt.adp	393216	0x1f898000
streams/CRF/cf04f_kt.adp	360448	0x1f8f8000
streams/CRF/cf04g_qu.adp	262144	0x1f950000
streams/CRF/cf04h_qu.adp	458752	0x1f990000
streams/CRF/cf04i_qu.adp	163840	0x1fa00000
streams/CRF/cf05a_gn.adp	98304	0x1fa28000
streams/CRF/cf05b_gn.adp	98304	0x1fa40000
streams/CRF/cf05c_gn.adp	458752	0x1fa58000
streams/CRF/cf05e_gn.adp	393216	0x1fac8000
streams/CRF/cf05f_sc.adp	163840	0x1fb28000
streams/CRF/cf05g_sa.adp	163840	0x1fb50000
streams/CRF/cf05h_gn.adp	163840	0x1fb78000
streams/CRF/cf05i_gn.adp	98304	0x1fba0000
streams/CRF/cf05j_gs.adp	131072	0x1fbb8000
streams/CRF/cf05k_sa.adp	65536	0x1fbd8000
streams/CRF/cf05l_bh.adp	229376	0x1fbe8000
streams/CRF/cf05m_qu.adp	524288	0x1fc20000
streams/CRF/cf05n_bh.adp	393216	0x1fca0000
streams/CRF/cf05o_bh.adp	196608	0x1fd00000
streams/CRF/cf05p_gn.adp	360448	0x1fd30000
streams/CRF/cf07f_cr.adp	65536	0x1fd88000
streams/CRF/cf07g_cr.adp	98304	0x1fd98000
streams/CRF/cf08a_kr.adp	163840	0x1fdb0000
streams/CRF/cf08e_sc.adp	425984	0x1fdd8000
streams/CRF/cf08f_sc.adp	360448	0x1fe40000
streams/CRF/cf08g_bh.adp	196608	0x1fe98000
streams/CRF/cf08h_qu.adp	458752	0x1fec8000
streams/CRF/cf08i_sa.adp	196608	0x1ff38000
streams/CRF/cf08j_bh.adp	229376	0x1ff68000
streams/CRF/cf08k_bh.adp	65536	0x1ffa0000
streams/CRF/cf08l_cb.adp	98304	0x1ffb0000
streams/CRF/cf08m_cb.adp	65536	0x1ffc8000
streams/CRF/cf09a_bh.adp	229376	0x1ffd8000
streams/CRF/cf09b_bh.adp	163840	0x20010000
streams/CRF/cf09c_bh.adp	131072	0x20038000
streams/CRF/cf09d_bh.adp	98304	0x20058000
streams/CRF/cf09e_sc.adp	393216	0x20070000
streams/CRF/landing.adp	1572864	0x200d0000
streams/DIM/boss.adp	1998848	0x20250000
streams/DIM/dm02f_sh.adp	425984	0x20438000
streams/DIM/dm02g_sh.adp	163840	0x204a0000
streams/DIM/dm02h_sh.adp	458752	0x204c8000
streams/DIM/dm02i_sh.adp	425984	0x20538000
streams/DIM/dm02j_sh.adp	262144	0x205a0000
streams/DIM/dm02k_sh.adp	262144	0x205e0000
streams/DIM/dm02l_sh.adp	196608	0x20620000
streams/DIM/dm02m_sh.adp	196608	0x20650000
streams/DIM/dm03a_sf.adp	262144	0x20680000
streams/DIM/dm03b_sf.adp	327680	0x206c0000
streams/DIM/dm03c_sa.adp	131072	0x20710000
streams/DIM/dm03d_sf.adp	294912	0x20730000
streams/DIM/dm03e_sf.adp	294912	0x20778000
streams/DIM/dm04b_sa.adp	262144	0x207c0000
streams/DIM/dm05a_sa.adp	196608	0x20800000
streams/DIM/dm05b_sh.adp	458752	0x20830000
streams/DIM/dm06a_gd.adp	65536	0x208a0000
streams/DIM/dm06b_sa.adp	491520	0x208b0000
streams/DIM/dm06c_gd.adp	327680	0x20928000
streams/DIM/dm06d_sa.adp	425984	0x20978000
streams/DIM/dm06e_gd.adp	524288	0x209e0000
streams/DIM/dm06g_sa.adp	131072	0x20a60000
streams/DIM/dm06h_gd.adp	393216	0x20a80000
streams/DIM/dm07a_sa.adp	32768	0x20ae0000
streams/DIM/dm07b_gd.adp	65536	0x20ae8000
streams/DIM/dm07c_sa.adp	229376	0x20af8000
streams/DIM/dm07d_gd.adp	262144	0x20b30000
streams/DIM/dm07e_gd.adp	196608	0x20b70000
streams/DIM/dm07f_gd.adp	229376	0x20ba0000
streams/DIM/dm10a_sa.adp	262144	0x20bd8000
streams/DIM/dm10a_sh.adp	393216	0x20c18000
streams/DIM/dm10b_tr.adp	163840	0x20c78000
streams/DIM/dm10c_sa.adp	393216	0x20ca0000
streams/DIM/dm10c_sh.adp	524288	0x20d00000
streams/DIM/dm10d_sh.adp	262144	0x20d80000
streams/DIM/dm10e_sa.adp	262144	0x20dc0000
streams/DIM/dm10e_sh.adp	393216	0x20e00000
streams/DIM/dm10f_sa.adp	262144	0x20e60000
streams/DIM/dm10g_sn.adp	655360	0x20ea0000
streams/DIM/dm10h_tr.adp	262144	0x20f40000
streams/DIM/dm10i_sa.adp	65536	0x20f80000
streams/DIM/dm10j_sh.adp	327680	0x20f90000
streams/DIM/dm10k_sa.adp	131072	0x20fe0000
streams/DIM/dm10k_sh.adp	360448	0x21000000
streams/DIM/dm10p_gd.adp	327680	0x21058000
streams/DR/dr01a_sa.adp	65536	0x210a8000
streams/DR/dr01b_tr.adp	65536	0x210b8000
streams/DR/dr01c_sa.adp	98304	0x210c8000
streams/DR/dr01d_ew.adp	425984	0x210e0000
streams/DR/dr01f_tr.adp	163840	0x21148000
streams/DR/dr01g_ew.adp	163840	0x21170000
streams/DR/dr01h_ew.adp	196608	0x21198000
streams/DR/dr01i_tr.adp	131072	0x211c8000
streams/DR/dr02a_ew.adp	294912	0x211e8000
streams/DR/dr02b_ew.adp	131072	0x21230000
streams/DR/dr02d_ew.adp	458752	0x21250000
streams/DR/dr03a_tr.adp	65536	0x212c0000
streams/DR/dr03b_sa.adp	65536	0x212d0000
streams/DR/dr03c_cr.adp	327680	0x212e0000
streams/DR/dr03d_sa.adp	65536	0x21330000
streams/DR/dr03e_cr.adp	458752	0x21340000
streams/DR/dr03f_cr.adp	196608	0x213b0000
streams/DR/dr03g_sa.adp	98304	0x213e0000
streams/DR/dr04d_ht.adp	131072	0x213f8000
streams/DR/dr04e_tr.adp	65536	0x21418000
streams/DR/dr04h_ht.adp	229376	0x21428000
streams/DR/dr04k_ht.adp	163840	0x21460000
streams/DR/dr04m_ht.adp	131072	0x21488000
streams/DR/dr04o_ht.adp	196608	0x214a8000
streams/DR/dr04p_ht.adp	229376	0x214d8000
streams/DR/dr05a_cr.adp	65536	0x21510000
streams/DR/dr05b_sa.adp	229376	0x21520000
streams/DR/dr06a_sa.adp	294912	0x21558000
streams/DR/dr06b_cr.adp	229376	0x215a0000
streams/DR/dr06c_ew.adp	262144	0x215d8000
streams/DR/dr06d_sa.adp	163840	0x21618000
streams/DR/dr06e_tr.adp	229376	0x21640000
streams/DR/dr07d_ht.adp	327680	0x21678000
streams/DR/dr07e_cr.adp	65536	0x216c8000
streams/DR/dr07f_cr.adp	98304	0x216d8000
streams/DR/dr07g_cr.adp	98304	0x216f0000
streams/DR/dr07i_ht.adp	294912	0x21708000
streams/DR/etalk1.adp	294912	0x21750000
streams/DR/etalk2.adp	229376	0x21798000
streams/DR/etalk3.adp	131072	0x217d0000
streams/GB/battle.adp	3440640	0x217f0000
streams/GB/Bird.adp	262144	0x21b38000
streams/GB/Board.adp	1835008	0x21b78000
streams/GB/Defeated.adp	327680	0x21d38000
streams/GB/gb01a_kr.adp	393216	0x21d88000
streams/GB/gb01b_kr.adp	229376	0x21de8000
streams/GB/gb01c_kr.adp	229376	0x21e20000
streams/GB/gb01e_gn.adp	557056	0x21e58000
streams/GB/gb01f_kr.adp	327680	0x21ee0000
streams/GB/gb01h_kr.adp	262144	0x21f30000
streams/GB/gb01o_kr.adp	131072	0x21f70000
streams/GB/gb01p_kr.adp	229376	0x21f90000
streams/GB/gb01q_kr.adp	196608	0x21fc8000
streams/GB/gb01r_kr.adp	98304	0x21ff8000
streams/GB/Intro.adp	3538944	0x22010000
streams/GB/Meeting.adp	5701632	0x22370000
streams/GF/intro.adp	5898240	0x228e0000
streams/IM/iamfox.adp	2097152	0x22e80000
streams/IM/landing.adp	2621440	0x23080000
streams/IM/loserace.adp	524288	0x23300000
streams/IM/winrace.adp	3866624	0x23380000
streams/KP/EWdie.adp	5603328	0x23730000
streams/KP/EWDieHarder.adp	1671168	0x23c88000
streams/KP/getspirit.adp	1671168	0x23e20000
streams/KP/kp01b_kr.adp	262144	0x23fb8000
streams/KP/kp01e_kr.adp	131072	0x23ff8000
streams/KP/kp03c_kr.adp	163840	0x24018000
streams/KP/kp03e_kr.adp	163840	0x24040000
streams/KP/kp03g_kr.adp	131072	0x24068000
streams/KP/kp04b_kr.adp	65536	0x24088000
streams/KP/kp04e_kr.adp	65536	0x24098000
streams/KP/kp05b_kr.adp	163840	0x240a8000
streams/KP/kp09a_kr.adp	163840	0x240d0000
streams/KP/kp09c_kr.adp	163840	0x240f8000
streams/KP/kp09d_kr.adp	196608	0x24120000
streams/KP/kp09f_kr.adp	163840	0x24150000
streams/KP/kp10a_kr.adp	131072	0x24178000
streams/KP/kp10c_kr.adp	360448	0x24198000
streams/KP/kp10k_kr.adp	163840	0x241f0000
streams/KP/kp11b_kr.adp	65536	0x24218000
streams/KP/kp11i_kr.adp	327680	0x24228000
streams/KP/kp11n_kr.adp	131072	0x24278000
streams/KP/kp11q_kr.adp	163840	0x24298000
streams/KP/kp11s_kr.adp	196608	0x242c0000
streams/KP/LandPal.adp	1671168	0x242f0000
streams/KP/placespirit.adp	4489216	0x24488000
streams/KS/ks01a_tr.adp	196608	0x248d0000
streams/KS/ks01b_sa.adp	131072	0x24900000
streams/KS/ks01c_gn.adp	425984	0x24920000
streams/KS/ks01d_gn.adp	491520	0x24988000
streams/KS/ks01e_gn.adp	294912	0x24a00000
streams/LV/capture.adp	1572864	0x24a48000
streams/LV/cheif1.adp	2850816	0x24bc8000
streams/LV/mommyhelp1.adp	294912	0x24e80000
streams/LV/mommyhelp2.adp	196608	0x24ec8000
streams/LV/mommyhelp3.adp	294912	0x24ef8000
streams/LV/pay_inst.adp	262144	0x24f40000
streams/LV/pay_no.adp	229376	0x24f80000
streams/LV/pay_yes.adp	327680	0x24fb8000
streams/MAP/brief1.adp	720896	0x25008000
streams/MAP/brief10.adp	1245184	0x250b8000
streams/MAP/brief11.adp	720896	0x251e8000
streams/MAP/brief12.adp	655360	0x25298000
streams/MAP/brief2.adp	1146880	0x25338000
streams/MAP/brief3.adp	983040	0x25450000
streams/MAP/brief4.adp	1146880	0x25540000
streams/MAP/brief5.adp	1277952	0x25658000
streams/MAP/brief6.adp	851968	0x25790000
streams/MAP/brief7.adp	1310720	0x25860000
streams/MAP/brief8.adp	1310720	0x259a0000
streams/MAP/brief9.adp	1277952	0x25ae0000
streams/MAP/wo01a_gp.adp	1867776	0x25c18000
streams/MAP/wo01b_gp.adp	589824	0x25de0000
streams/MAP/wo01c_gp.adp	655360	0x25e70000
streams/MAP/wo01d_gp.adp	589824	0x25f10000
streams/MAP/wo01e_pe.adp	1114112	0x25fa0000
streams/MAP/wo01f_pe.adp	1146880	0x260b0000
streams/MAP/wo01g_pe.adp	1409024	0x261c8000
streams/MAP/wo01h_pe.adp	1540096	0x26320000
streams/MAP/wo01i_pe.adp	753664	0x26498000
streams/MC/MCaveIn.adp	163840	0x26550000
streams/MC/MCaveOut.adp	163840	0x26578000
streams/MMP/barrels.adp	1343488	0x265a0000
streams/MMP/mm01a_sc.adp	163840	0x266e8000
streams/MMP/mm02a_kr.adp	524288	0x26710000
streams/MMP/mm02b_sa.adp	65536	0x26790000
streams/MMP/mm02c_kr.adp	557056	0x267a0000
streams/MMP/mm02d_tr.adp	163840	0x26828000
streams/MMP/mm02e_ka.adp	229376	0x26850000
streams/MMP/mm02f_sa.adp	163840	0x26888000
streams/MMP/mm02g_kr.adp	294912	0x268b0000
streams/MMP/mm02h_ka.adp	1245184	0x268f8000
streams/MMP/mm02i_sa.adp	262144	0x26a28000
streams/MMP/mm02j_kr.adp	425984	0x26a68000
streams/MMP/mm02k_tr.adp	163840	0x26ad0000
streams/MMP/mm02l_ka.adp	688128	0x26af8000
streams/MMP/mm02m_tr.adp	131072	0x26ba0000
streams/MMP/mm02n_ka.adp	622592	0x26bc0000
streams/MMP/mm02o_ka.adp	229376	0x26c58000
streams/MMP/mm02p_sa.adp	98304	0x26c90000
streams/MMP/mm03f_sa.adp	65536	0x26ca8000
streams/MMP/mm03g_tr.adp	65536	0x26cb8000
streams/MMP/mm05j_ka.adp	327680	0x26cc8000
streams/MMP/mm05k_ka.adp	524288	0x26d18000
streams/MMP/mm05l_ka.adp	294912	0x26d98000
streams/OFP/of01a_pe.adp	720896	0x26de0000
streams/OFP/of01b_pe.adp	425984	0x26e90000
streams/OFP/of01c_gp.adp	163840	0x26ef8000
streams/OFP/of01d_sa.adp	65536	0x26f20000
streams/OFP/of01e_tr.adp	229376	0x26f30000
streams/OFP/of01f_sa.adp	229376	0x26f68000
streams/OFP/of01g_sl.adp	360448	0x26fa0000
streams/OFP/of01h_pe.adp	393216	0x26ff8000
streams/OFP/of01i_sa.adp	196608	0x27058000
streams/OFP/of01j_pe.adp	65536	0x27088000
streams/OFP/of01j_tr.adp	65536	0x27098000
streams/OFP/of01k_pe.adp	229376	0x270a8000
streams/OFP/of01l_sa.adp	229376	0x270e0000
streams/OFP/of01m_sa.adp	229376	0x27118000
streams/SK/shop1a.adp	229376	0x27150000
streams/SK/shop1b.adp	262144	0x27188000
streams/SK/shop1d.adp	229376	0x271c8000
streams/SK/shop1f.adp	229376	0x27200000
streams/SK/shop1g.adp	163840	0x27238000
streams/SK/shop1h.adp	163840	0x27260000
streams/SK/shop1i.adp	294912	0x27288000
streams/SK/shop1j.adp	163840	0x272d0000
streams/SK/shop1k.adp	294912	0x272f8000
streams/SK/shop1l.adp	425984	0x27340000
streams/SK/shop1m.adp	131072	0x273a8000
streams/SK/shop2a.adp	196608	0x273c8000
streams/SK/shop2b.adp	229376	0x273f8000
streams/SK/shop2c.adp	131072	0x27430000
streams/SK/shop2d.adp	360448	0x27450000
streams/SK/shop2e.adp	425984	0x274a8000
streams/SK/shop2f.adp	360448	0x27510000
streams/SK/shopintro.adp	2621440	0x27568000
streams/SSH/krazoa.adp	262144	0x277e8000
streams/SSH/landing.adp	1146880	0x27828000
streams/SSH/noshop.adp	131072	0x27940000
streams/SSH/nowarp.adp	393216	0x27960000
streams/SSH/readyto.adp	196608	0x279c0000
streams/SSH/sh05u_tl.adp	131072	0x279f0000
streams/SSH/sh06a_tl.adp	163840	0x27a10000
streams/SSH/sh06b_tl.adp	229376	0x27a38000
streams/SSH/sh06c_tl.adp	229376	0x27a70000
streams/SSH/sh06d_tl.adp	262144	0x27aa8000
streams/SSH/sh06e_tl.adp	131072	0x27ae8000
streams/SSH/sh06f_tl.adp	131072	0x27b08000
streams/SSH/sh06g_tl.adp	229376	0x27b28000
streams/SSH/sh06h_tl.adp	294912	0x27b60000
streams/SSH/sh06i_tl.adp	163840	0x27ba8000
streams/SSH/sh06j_tl.adp	163840	0x27bd0000
streams/SSH/sh06k_tl.adp	131072	0x27bf8000
streams/SSH/sh06q_tl.adp	65536	0x27c18000
streams/SSH/sh06r_tl.adp	589824	0x27c28000
streams/SSH/sh06t_tl.adp	229376	0x27cb8000
streams/SSH/sh06w_tl.adp	229376	0x27cf0000
streams/SSH/WarpSton.adp	5046272	0x27d28000
streams/SSS/ss01a_sk.adp	229376	0x281f8000
streams/SSS/ss01b_sk.adp	262144	0x28230000
streams/SSS/ss01d_sk.adp	229376	0x28270000
streams/SSS/ss01f_sk.adp	229376	0x282a8000
streams/SSS/ss01g_sk.adp	163840	0x282e0000
streams/SSS/ss01h_sk.adp	163840	0x28308000
streams/SSS/ss01i_sk.adp	294912	0x28330000
streams/SSS/ss01j_sk.adp	163840	0x28378000
streams/SSS/ss01k_sk.adp	294912	0x283a0000
streams/SSS/ss01l_sk.adp	425984	0x283e8000
streams/SSS/ss01m_sk.adp	131072	0x28450000
streams/SSS/ss01n_cr.adp	393216	0x28470000
streams/SSS/ss01o_cr.adp	327680	0x284d0000
streams/SSS/ss01p_cr.adp	196608	0x28520000
streams/SSS/ss02a_sk.adp	196608	0x28550000
streams/SSS/ss02b_sk.adp	229376	0x28580000
streams/SSS/ss02c_sk.adp	131072	0x285b8000
streams/SSS/ss02d_sk.adp	360448	0x285d8000
streams/SSS/ss02e_sk.adp	425984	0x28630000
streams/SSS/ss02f_sk.adp	360448	0x28698000
streams/SW/gmamfree.adp	6946816	0x286f0000
streams/SW/hungry.adp	229376	0x28d90000
streams/SW/mamroot1.adp	1572864	0x28dc8000
streams/SW/mamroot2.adp	786432	0x28f48000
streams/SW/mtalkb1.adp	294912	0x29008000
streams/SW/mtalkb2.adp	262144	0x29050000
streams/SW/mtalkb3.adp	229376	0x29090000
streams/SW/mtalkg0.adp	262144	0x290c8000
streams/SW/mtalkg1.adp	196608	0x29108000
streams/SW/mtalkg2.adp	262144	0x29138000
streams/SW/mtalkg3.adp	196608	0x29178000
streams/SW/mtalkg4.adp	327680	0x291a8000
streams/SW/mtalkh1.adp	163840	0x291f8000
streams/SW/mtalkh2.adp	196608	0x29220000
streams/SW/mtalkh3.adp	229376	0x29250000
streams/SW/mtalkh4.adp	229376	0x29288000
streams/SW/mtalkw1.adp	65536	0x292c0000
streams/SW/mtalkw10.adp	229376	0x292d0000
streams/SW/mtalkw11.adp	262144	0x29308000
streams/SW/mtalkw12.adp	262144	0x29348000
streams/SW/mtalkw13.adp	163840	0x29388000
streams/SW/mtalkw14.adp	360448	0x293b0000
streams/SW/mtalkw15.adp	196608	0x29408000
streams/SW/mtalkw16.adp	262144	0x29438000
streams/SW/mtalkw2.adp	163840	0x29478000
streams/SW/mtalkw3.adp	294912	0x294a0000
streams/SW/mtalkw4.adp	229376	0x294e8000
streams/SW/mtalkw5.adp	163840	0x29520000
streams/SW/mtalkw6.adp	229376	0x29548000
streams/SW/mtalkw7.adp	196608	0x29580000
streams/SW/mtalkw8.adp	229376	0x295b0000
streams/SW/mtalkw9.adp	163840	0x295e8000
streams/SW/trguide1.adp	589824	0x29610000
streams/SW/trguide2.adp	294912	0x296a0000
streams/SW/trguide3.adp	753664	0x296e8000
streams/SW/trguide4.adp	393216	0x297a0000
streams/SW/trguide5.adp	524288	0x29800000
streams/TOSKL/failed.adp	655360	0x29880000
streams/TREX/boss.adp	1998848	0x29920000
streams/TREX/end.adp	3342336	0x29b08000
streams/TTH/BloopAtt.adp	917504	0x29e38000
streams/TTH/communic.adp	3866624	0x29f18000
streams/TTH/fighttra.adp	655360	0x2a2c8000
streams/TTH/findcave.adp	1441792	0x2a368000
streams/TTH/GetStaff.adp	2588672	0x2a4c8000
streams/TTH/landing.adp	1703936	0x2a740000
streams/TTH/mttalk0.adp	196608	0x2a8e0000
streams/TTH/mttalk1.adp	163840	0x2a910000
streams/TTH/mttalk2.adp	393216	0x2a938000
streams/TTH/mttalk21.adp	163840	0x2a998000
streams/TTH/mttalk3.adp	196608	0x2a9c0000
streams/TTH/mttalk31.adp	163840	0x2a9f0000
streams/TTH/mttalk40.adp	196608	0x2aa18000
streams/TTH/mttalk51.adp	425984	0x2aa48000
streams/TTH/mttalk52.adp	294912	0x2aab0000
streams/TTH/mttalk53.adp	327680	0x2aaf8000
streams/TTH/mttalk61.adp	229376	0x2ab48000
streams/TTH/mttalk71.adp	196608	0x2ab80000
streams/TTH/mttalk81.adp	196608	0x2abb0000
streams/TTH/NoGift.adp	327680	0x2abe0000
streams/TTH/pickup.adp	425984	0x2ac30000
streams/TTH/pickup2.adp	425984	0x2ac98000
streams/TTH/qtalk0L.adp	163840	0x2ad00000
streams/TTH/qtalk1L.adp	131072	0x2ad28000
streams/TTH/qtalk21D.adp	196608	0x2ad48000
streams/TTH/qtalk22D.adp	131072	0x2ad78000
streams/TTH/qtalk23L.adp	229376	0x2ad98000
streams/TTH/qtalk24L.adp	163840	0x2add0000
streams/TTH/qtalk2L.adp	360448	0x2adf8000
streams/TTH/qtalk31L.adp	196608	0x2ae50000
streams/TTH/qtalk3L.adp	163840	0x2ae80000
streams/TTH/qtalk4L.adp	163840	0x2aea8000
streams/TTH/qtalk51L.adp	229376	0x2aed0000
streams/TTH/qtalk52L.adp	294912	0x2af08000
streams/TTH/qtalk61L.adp	131072	0x2af50000
streams/TTH/qtalk71L.adp	163840	0x2af70000
streams/TTH/qtalk81S.adp	262144	0x2af98000
streams/TTH/qtalkm.adp	196608	0x2afd8000
streams/TTH/QueenHT.adp	4685824	0x2b008000
streams/TTH/QueenIll.adp	1507328	0x2b480000
streams/TTH/QueenOK.adp	9371648	0x2b5f0000
streams/TTH/staffup.adp	786432	0x2bee0000
streams/TTH/takeoff.adp	1277952	0x2bfa0000
streams/TTH/tBeacLit.adp	393216	0x2c0d8000
streams/TTH/th01a_gp.adp	327680	0x2c138000
streams/TTH/th01b_sa.adp	65536	0x2c188000
streams/TTH/th01c_gp.adp	425984	0x2c198000
streams/TTH/th01d_gp.adp	458752	0x2c200000
streams/TTH/th01e_gp.adp	458752	0x2c270000
streams/TTH/th01f_gp.adp	393216	0x2c2e0000
streams/TTH/th01g_kr.adp	589824	0x2c340000
streams/TTH/th01h_kr.adp	196608	0x2c3d0000
streams/TTH/th01i_kr.adp	294912	0x2c400000
streams/TTH/th01j_kr.adp	688128	0x2c448000
streams/TTH/th01k_kr.adp	262144	0x2c4f0000
streams/TTH/th02a_tr.adp	98304	0x2c530000
streams/TTH/th02b_sa.adp	98304	0x2c548000
streams/TTH/th02c_tr.adp	229376	0x2c560000
streams/TTH/th02d_qu.adp	425984	0x2c598000
streams/TTH/th02e_tr.adp	229376	0x2c600000
streams/TTH/th02f_sa.adp	131072	0x2c638000
streams/TTH/th03a_qu.adp	98304	0x2c658000
streams/TTH/th03b_qu.adp	229376	0x2c670000
streams/TTH/th03c_sa.adp	360448	0x2c6a8000
streams/TTH/th03d_qu.adp	1048576	0x2c700000
streams/TTH/th03e_sa.adp	229376	0x2c800000
streams/TTH/th03f_qu.adp	262144	0x2c838000
streams/TTH/th03g_sa.adp	65536	0x2c878000
streams/TTH/th03h_qu.adp	688128	0x2c888000
streams/TTH/th03i_sa.adp	196608	0x2c930000
streams/TTH/th03j_qu.adp	589824	0x2c960000
streams/TTH/th03k_sa.adp	655360	0x2c9f0000
streams/TTH/th03l_tr.adp	229376	0x2ca90000
streams/TTH/th03m_qu.adp	557056	0x2cac8000
streams/TTH/th03n_sa.adp	589824	0x2cb50000
streams/TTH/th03o_qu.adp	262144	0x2cbe0000
streams/TTH/th03p_sa.adp	163840	0x2cc20000
streams/TTH/th03q_tr.adp	163840	0x2cc48000
streams/TTH/th03r_sa.adp	262144	0x2cc70000
streams/TTH/th03s_tr.adp	98304	0x2ccb0000
streams/TTH/th03t_qu.adp	917504	0x2ccc8000
streams/TTH/th03u_sa.adp	32768	0x2cda8000
streams/TTH/th03v_qu.adp	229376	0x2cdb0000
streams/TTH/th03w_qu.adp	458752	0x2cde8000
streams/TTH/th03x_sa.adp	196608	0x2ce58000
streams/TTH/th03y_tl.adp	393216	0x2ce88000
streams/TTH/th04a_mt.adp	262144	0x2cee8000
streams/TTH/th04b_mt.adp	360448	0x2cf28000
streams/TTH/th04c_mt.adp	229376	0x2cf80000
streams/TTH/th04d_mt.adp	360448	0x2cfb8000
streams/TTH/th04e_qu.adp	622592	0x2d010000
streams/TTH/th04f_tr.adp	262144	0x2d0a8000
streams/TTH/th04g_sa.adp	262144	0x2d0e8000
streams/TTH/th04h_qu.adp	393216	0x2d128000
streams/TTH/th04i_tr.adp	98304	0x2d188000
streams/TTH/th04j_sa.adp	98304	0x2d1a0000
streams/TTH/th04k_qu.adp	688128	0x2d1b8000
streams/TTH/th04l_qu.adp	327680	0x2d260000
streams/TTH/th05a_tl.adp	360448	0x2d2b0000
streams/TTH/th05b_sa.adp	196608	0x2d308000
streams/TTH/th05c_tl.adp	131072	0x2d338000
streams/TTH/th05d_sa.adp	163840	0x2d358000
streams/TTH/th06a_ss.adp	524288	0x2d380000
streams/TTH/th06b_ss.adp	491520	0x2d400000
streams/TTH/th06c_sa.adp	196608	0x2d478000
streams/TTH/th06d_ss.adp	196608	0x2d4a8000
streams/TTH/th06e_ss.adp	262144	0x2d4d8000
streams/TTH/th07a_sa.adp	262144	0x2d518000
streams/TTH/th07b_tl.adp	851968	0x2d558000
streams/TTH/th07c_tl.adp	131072	0x2d628000
streams/TTH/th07d_sa.adp	294912	0x2d648000
streams/TTH/th07d_tl.adp	1310720	0x2d690000
streams/TTH/th07f_tl.adp	163840	0x2d7d0000
streams/TTH/th07g_tl.adp	425984	0x2d7f8000
streams/TTH/th08a_qu.adp	589824	0x2d860000
streams/TTH/th08b_sa.adp	294912	0x2d8f0000
streams/TTH/th08c_qu.adp	294912	0x2d938000
streams/TTH/th08d_tr.adp	327680	0x2d980000
streams/TTH/th09a_qu.adp	163840	0x2d9d0000
streams/TTH/th09b_qu.adp	163840	0x2d9f8000
streams/TTH/th09c_qu.adp	557056	0x2da20000
streams/TTH/th09d_qu.adp	196608	0x2daa8000
streams/TTH/th09e_qu.adp	131072	0x2dad8000
streams/TTH/th09f_tl.adp	196608	0x2daf8000
streams/TTH/th09g_tl.adp	196608	0x2db28000
streams/TTH/th09h_tl.adp	163840	0x2db58000
streams/TTH/th09i_tl.adp	229376	0x2db80000
streams/TTH/th09j_tl.adp	294912	0x2dbb8000
streams/TTH/th09k_tl.adp	163840	0x2dc00000
streams/TTH/th09l_tl.adp	262144	0x2dc28000
streams/TTH/th09m_tl.adp	196608	0x2dc68000
streams/TTH/th09n_tl.adp	131072	0x2dc98000
streams/TTH/th09o_tl.adp	327680	0x2dcb8000
streams/TTH/th09p_tl.adp	393216	0x2dd08000
streams/TTH/th09q_tl.adp	131072	0x2dd68000
streams/TTH/th09r_tl.adp	196608	0x2dd88000
streams/TTH/th09s_tl.adp	294912	0x2ddb8000
streams/TTH/th09t_tl.adp	262144	0x2de00000
streams/TTH/th09u_tl.adp	393216	0x2de40000
streams/TTH/th10a_tl.adp	163840	0x2dea0000
streams/TTH/th10b_tl.adp	163840	0x2dec8000
streams/TTH/th10c_tl.adp	163840	0x2def0000
streams/TTH/th10d_tl.adp	163840	0x2df18000
streams/TTH/th10e_tl.adp	262144	0x2df40000
streams/TTH/th10f_tl.adp	327680	0x2df80000
streams/TTH/th10g_tl.adp	98304	0x2dfd0000
streams/TTH/th10h_tl.adp	262144	0x2dfe8000
streams/TTH/th10i_tl.adp	196608	0x2e028000
streams/TTH/th10j_tl.adp	229376	0x2e058000
streams/TTH/th10k_tl.adp	196608	0x2e090000
streams/TTH/th10l_tl.adp	262144	0x2e0c0000
streams/TTH/th10m_tl.adp	262144	0x2e100000
streams/TTH/th10n_tl.adp	262144	0x2e140000
streams/TTH/th10o_tl.adp	262144	0x2e180000
streams/TTH/th10p_tl.adp	262144	0x2e1c0000
streams/TTH/th10q_tl.adp	163840	0x2e200000
streams/TTH/th10r_tl.adp	262144	0x2e228000
streams/TTH/th10s_tl.adp	196608	0x2e268000
streams/TTH/th10t_tl.adp	360448	0x2e298000
streams/TTH/th10u_tl.adp	196608	0x2e2f0000
streams/TTH/th10v_tl.adp	196608	0x2e320000
streams/TTH/th10w_tl.adp	163840	0x2e350000
streams/TTH/ThatMyMa.adp	98304	0x2e378000
streams/TTH/tLanding.adp	1114112	0x2e390000
streams/TTH/trtalk2.adp	262144	0x2e4a0000
streams/TTH/tTakeoff.adp	1277952	0x2e4e0000
streams/TTH/ttalk0.adp	196608	0x2e618000
streams/TTH/ttalk1.adp	196608	0x2e648000
streams/TTH/ttalk10.adp	393216	0x2e678000
streams/TTH/ttalk11.adp	131072	0x2e6d8000
streams/TTH/ttalk111.adp	196608	0x2e6f8000
streams/TTH/ttalk112.adp	196608	0x2e728000
streams/TTH/ttalk113.adp	163840	0x2e758000
streams/TTH/ttalk12.adp	196608	0x2e780000
streams/TTH/ttalk13.adp	294912	0x2e7b0000
streams/TTH/ttalk14.adp	262144	0x2e7f8000
streams/TTH/ttalk2.adp	163840	0x2e838000
streams/TTH/ttalk21a.adp	163840	0x2e860000
streams/TTH/ttalk21b.adp	163840	0x2e888000
streams/TTH/ttalk22a.adp	163840	0x2e8b0000
streams/TTH/ttalk22b.adp	163840	0x2e8d8000
streams/TTH/ttalk23a.adp	262144	0x2e900000
streams/TTH/ttalk23b.adp	327680	0x2e940000
streams/TTH/ttalk24a.adp	98304	0x2e990000
streams/TTH/ttalk24b.adp	262144	0x2e9a8000
streams/TTH/ttalk25a.adp	196608	0x2e9e8000
streams/TTH/ttalk25b.adp	229376	0x2ea18000
streams/TTH/ttalk3.adp	229376	0x2ea50000
streams/TTH/ttalk31a.adp	196608	0x2ea88000
streams/TTH/ttalk31b.adp	262144	0x2eab8000
streams/TTH/ttalk32a.adp	262144	0x2eaf8000
streams/TTH/ttalk32b.adp	262144	0x2eb38000
streams/TTH/ttalk33a.adp	262144	0x2eb78000
streams/TTH/ttalk33b.adp	262144	0x2ebb8000
streams/TTH/ttalk34a.adp	163840	0x2ebf8000
streams/TTH/ttalk34b.adp	262144	0x2ec20000
streams/TTH/ttalk35a.adp	196608	0x2ec60000
streams/TTH/ttalk35b.adp	360448	0x2ec90000
streams/TTH/ttalk4.adp	294912	0x2ece8000
streams/TTH/ttalk5.adp	163840	0x2ed30000
streams/TTH/ttalk51.adp	163840	0x2ed58000
streams/TTH/ttalk52.adp	131072	0x2ed80000
streams/TTH/ttalk53.adp	131072	0x2eda0000
streams/TTH/ttalk6.adp	262144	0x2edc0000
streams/TTH/ttalk7.adp	196608	0x2ee00000
streams/TTH/ttalk8.adp	131072	0x2ee30000
streams/TTH/ttalk81.adp	262144	0x2ee50000
streams/TTH/ttalk82.adp	131072	0x2ee90000
streams/TTH/ttalk83.adp	98304	0x2eeb0000
streams/TTH/ttalk9.adp	327680	0x2eec8000
streams/TTH/ttalkbel.adp	229376	0x2ef18000
streams/TTH/WarpSton.adp	5275648	0x2ef50000
streams/VFP/vf01a_tr.adp	65536	0x2f458000
streams/VFP/vf01b_sa.adp	163840	0x2f468000
streams/VFP/vf01c_pe.adp	983040	0x2f490000
streams/VFP/vf01d_sa.adp	131072	0x2f580000
streams/VFP/vf01e_pe.adp	2523136	0x2f5a0000
streams/WC/wc02a_ke.adp	393216	0x2f808000
streams/WC/wc02b_ke.adp	294912	0x2f868000
streams/WC/wc02c_sa.adp	131072	0x2f8b0000
streams/WC/wc02d_ke.adp	327680	0x2f8d0000
streams/WC/wc02e_ke.adp	425984	0x2f920000
streams/WC/wc02i_tr.adp	131072	0x2f988000
streams/WC/wc03a_ke.adp	229376	0x2f9a8000
streams/WC/wc03c_ke.adp	425984	0x2f9e0000
streams/WC/wc03d_ke.adp	294912	0x2fa48000
streams/WC/wc03h_tr.adp	65536	0x2fa90000
streams/WC/wc03j_tr.adp	98304	0x2faa0000
streams/WC/wc04a_sa.adp	196608	0x2fab8000
streams/WC/wc04b_tr.adp	163840	0x2fae8000
streams/WC/wc04c_sa.adp	163840	0x2fb10000
streams/WC/wc04d_sa.adp	262144	0x2fb38000
streams/WC/wc04e_sa.adp	360448	0x2fb78000
streams/WC/wc04f_sa.adp	229376	0x2fbd0000
streams/WC/wc04g_tr.adp	327680	0x2fc08000
streams/WC/wc04t_tr.adp	98304	0x2fc58000
streams/WC/wc05a_sa.adp	65536	0x2fc70000
streams/WC/wc05b_gn.adp	393216	0x2fc80000
streams/WC/wc05c_sa.adp	360448	0x2fce0000
streams/WC/wc05d_gn.adp	524288	0x2fd38000
streams/WC/wc05e_gn.adp	98304	0x2fdb8000
streams/WC/wc05f_fa.adp	294912	0x2fdd0000
streams/WC/wc05g_fa.adp	425984	0x2fe18000
streams/WC/wc05h_sa.adp	163840	0x2fe80000
streams/WC/wc05i_fa.adp	294912	0x2fea8000
streams/WC/wc05j_fa.adp	131072	0x2fef0000
swapcircle/ANIM.BIN	1735296	0x2ff10000
swapcircle/ANIM.TAB	9312	0x300b7a80
swapcircle/ANIMCURV.bin	150240	0x300b9ee0
swapcircle/ANIMCURV.tab	2528	0x300de9c0
swapcircle/mod22.bin	181440	0x300df3a0
swapcircle/mod22.tab	2272	0x3010b860
swapcircle/MODELIND.bin	2848	0x3010c140
swapcircle/MODELS.bin	475776	0x3010cc60
swapcircle/MODELS.tab	4320	0x30180ee0
swapcircle/OBJSEQ.bin	25120	0x30181fc0
swapcircle/OBJSEQ.tab	2272	0x301881e0
swapcircle/OBJSEQ2C.tab	4128	0x30188ac0
swapcircle/TEX0.bin	520416	0x30189ae0
swapcircle/TEX0.tab	4096	0x30208bc0
swapcircle/TEX1.bin	1644448	0x30209bc0
swapcircle/TEX1.tab	13472	0x3039b360
swaphol/ANIM.BIN	1309152	0x3039e800
swaphol/ANIM.TAB	10208	0x304de1e0
swaphol/ANIMCURV.bin	256256	0x304e09c0
swaphol/ANIMCURV.tab	22816	0x3051f2c0
swaphol/mod13.bin	426560	0x30524be0
swaphol/mod13.tab	1376	0x3058ce20
swaphol/mod13.zlb.bin	261344	0x3058d380
swaphol/MODELIND.bin	3776	0x305cd060
swaphol/MODELS.bin	671392	0x305cdf20
swaphol/MODELS.tab	5056	0x30671dc0
swaphol/OBJSEQ.bin	27392	0x30673180
swaphol/OBJSEQ.tab	2784	0x30679c80
swaphol/OBJSEQ2C.tab	2784	0x3067a760
swaphol/TEX0.bin	446592	0x3067b240
swaphol/TEX0.tab	3648	0x306e82c0
swaphol/TEX1.bin	2340992	0x306e9100
swaphol/TEX1.tab	9664	0x30924980
swaphol/VOXMAP.bin	50016	0x30926f40
swaphol/VOXMAP.tab	6624	0x309332a0
swapholbot/ANIM.BIN	133280	0x30934c80
swapholbot/ANIM.TAB	10208	0x30955520
swapholbot/ANIMCURV.bin	86816	0x30957d00
swapholbot/ANIMCURV.tab	22816	0x3096d020
swapholbot/mod20.bin	97728	0x30972940
swapholbot/mod20.lzo.bin	62304	0x3098a700
swapholbot/mod20.tab	2048	0x30999a60
swapholbot/mod20.zlb.bin	124096	0x3099a260
swapholbot/MODELIND.bin	3776	0x309b8720
swapholbot/MODELS.bin	65408	0x309b95e0
swapholbot/MODELS.tab	5056	0x309c9560
swapholbot/OBJSEQ.bin	27392	0x309ca920
swapholbot/OBJSEQ.tab	2784	0x309d1420
swapholbot/OBJSEQ2C.tab	2784	0x309d1f00
swapholbot/TEX0.bin	164800	0x309d29e0
swapholbot/TEX0.tab	3648	0x309fada0
swapholbot/TEX1.bin	321120	0x309fbbe0
swapholbot/TEX1.tab	9664	0x30a4a240
swapholbot/VOXMAP.bin	256	0x30a4c800
swapholbot/VOXMAP.tab	6624	0x30a4c900
swaphollow	31990	0x30a4e2e0
TABLES.bin	672	0x30a55fd8
TABLES.bin.changed	4	0x30a56278
TABLES.bin2	126	0x30a5627c
TABLES.tab	96	0x30a562fc
TABLES.tab.changed	4	0x30a5635c
TEX.bin	2249728	0x30a56360
TEX.tab	3408	0x30c7b760
TEX0.bin	116096	0x30c7c4b0
TEX0.tab	3648	0x30c98a30
TEX1.bin	433344	0x30c99870
TEX1.tab	9664	0x30d03530
TEXPRE.bin	367776	0x30d05af0
TEXPRE.tab	480	0x30d5f790
TEXTABLE.bin	6240	0x30d5f970
TEXTABLE.bin.changed	4	0x30d611d0
thefront	24453	0x30d611d4
TIMBERHELP.bin	0	0x30d6715c
TRACKS.bin	54544	0x30d6715c
TRACKS.tab	24	0x30d7466c
trexboss	1	0x30d74684
TRIGGERS.bin	19200	0x30d74688
TRIGGERS.tab	488	0x30d79188
TRKBLK.tab	160	0x30d79370
TRKBLK.tab.changed	4	0x30d79410
volcano/ANIM.BIN	1169600	0x30d79414
volcano/ANIM.TAB	10208	0x30e96cd4
volcano/ANIMCURV.bin	96416	0x30e994b4
volcano/ANIMCURV.tab	22816	0x30eb0d54
volcano/mod16.tab	1824	0x30eb6674
volcano/mod8.bin	798592	0x30eb6d94
volcano/mod8.tab	1024	0x30f79d14
volcano/mod8.zlb.bin	435200	0x30f7a114
volcano/MODELIND.bin	3776	0x30fe4514
volcano/MODELS.bin	572960	0x30fe53d4
volcano/MODELS.tab	5056	0x310711f4
volcano/OBJSEQ.bin	27392	0x310725b4
volcano/OBJSEQ.tab	2784	0x310790b4
volcano/OBJSEQ2C.tab	2784	0x31079b94
volcano/TEX0.bin	392704	0x3107a674
volcano/TEX0.tab	3648	0x310da474
volcano/TEX1.bin	2656512	0x310db2b4
volcano/TEX1.tab	9664	0x31363bb4
volcano/VOXMAP.bin	45760	0x31366174
volcano/VOXMAP.tab	6624	0x31371434
VOXMAP.bin	0	0x31372e14
VOXMAP.bin.changed	4	0x31372e14
VOXMAP.tab	6624	0x31372e18
VOXMAP.tab.changed	4	0x313747f8
VOXOBJ.bin	0	0x313747fc
VOXOBJ.bin.changed	4	0x313747fc
VOXOBJ.tab	32	0x31374800
VOXOBJ.tab.changed	4	0x31374820
wallcity/ANIM.BIN	1131936	0x31374824
wallcity/ANIM.TAB	10208	0x31488dc4
wallcity/ANIMCURV.bin	115360	0x3148b5a4
wallcity/ANIMCURV.tab	22752	0x314a7844
wallcity/mod21.bin	356416	0x314ad124
wallcity/mod21.lzo.bin	550592	0x31504164
wallcity/mod21.tab	2304	0x3158a824
wallcity/mod21.zlb.bin	475840	0x3158b124
wallcity/MODELIND.bin	3776	0x315ff3e4
wallcity/MODELS.bin	618304	0x316002a4
wallcity/MODELS.tab	5056	0x316971e4
wallcity/OBJSEQ.bin	27392	0x316985a4
wallcity/OBJSEQ.tab	2784	0x3169f0a4
wallcity/OBJSEQ2C.tab	2784	0x3169fb84
wallcity/TEX0.bin	406048	0x316a0664
wallcity/TEX0.tab	3648	0x31703884
wallcity/TEX1.bin	2565920	0x317046c4
wallcity/TEX1.tab	9664	0x31976de4
wallcity/VOXMAP.bin	64	0x319793a4
wallcity/VOXMAP.tab	6624	0x319793e4
warlock/ANIM.BIN	2095072	0x3197adc4
warlock/ANIM.TAB	10208	0x31b7a5a4
warlock/ANIMCURV.bin	167008	0x31b7cd84
warlock/ANIMCURV.tab	22816	0x31ba59e4
warlock/mod16.bin	996992	0x31bab304
warlock/mod16.lzo.bin	666624	0x31c9e984
warlock/mod16.tab	1760	0x31d41584
warlock/mod16.zlb.bin	770496	0x31d41c64
warlock/MODELIND.bin	3776	0x31dfde24
warlock/MODELS.bin	690624	0x31dfece4
warlock/MODELS.tab	5056	0x31ea76a4
warlock/OBJSEQ.bin	27392	0x31ea8a64
warlock/OBJSEQ.tab	2784	0x31eaf564
warlock/OBJSEQ2C.tab	2784	0x31eb0044
warlock/TEX0.bin	430720	0x31eb0b24
warlock/TEX0.tab	3648	0x31f19da4
warlock/TEX1.bin	1910048	0x31f1abe4
warlock/TEX1.tab	9664	0x320ed104
warlock/VOXMAP.bin	3872	0x320ef6c4
warlock/VOXMAP.tab	6624	0x320f05e4
WARPTAB.bin	2048	0x320f1fc4
WARPTAB.bin.changed	4	0x320f27c4
WEAPONDA.bin	51264	0x320f27c8
WEAPONDATA.bin	11840	0x320ff008
WEAPONDATA.bin.changed	4	0x32101e48
WEATHERTEX.bin	28	0x32101e4c
worldmap/ANIM.BIN	86112	0x32101e68
worldmap/ANIM.TAB	10208	0x32116ec8
worldmap/ANIMCURV.bin	10688	0x321196a8
worldmap/ANIMCURV.tab	22816	0x3211c068
worldmap/mod3.tab	480	0x32121988
worldmap/mod46.bin	512	0x32121b68
worldmap/mod46.lzo.bin	224	0x32121d68
worldmap/mod46.tab	4160	0x32121e48
worldmap/mod46.zlb.bin	192	0x32122e88
worldmap/MODELIND.bin	3776	0x32122f48
worldmap/MODELS.bin	326176	0x32123e08
worldmap/MODELS.tab	5056	0x32173828
worldmap/OBJSEQ.bin	27392	0x32174be8
worldmap/OBJSEQ.tab	2784	0x3217b6e8
worldmap/OBJSEQ2C.tab	2784	0x3217c1c8
worldmap/TEX0.bin	61984	0x3217cca8
worldmap/TEX0.tab	3648	0x3218bec8
worldmap/TEX1.bin	786112	0x3218cd08
worldmap/TEX1.tab	9664	0x3224cbc8
worldmap/VOXMAP.bin	0	0x3224f188
worldmap/VOXMAP.tab	6624	0x3224f188
worldmap46	1	0x32250b68
